{"type":"FeatureCollection","_attribution":{"title":"geoBoundaries — India ADM1 (State / Union Territory)","source":"https://www.geoboundaries.org","sourceRepository":"https://github.com/wmgeolab/geoBoundaries","build":"geoBoundaries-IND-ADM1_simplified (release 9469f09, built 2023-12-12)","boundaryID":"IND-ADM1-1811400","boundaryYearRepresented":2011,"originalData":"DataMeet India community / Election Commission of India","originalDataRepository":"https://github.com/datameet/maps","license":"Creative Commons Attribution 2.5 India (CC BY 2.5 IN)","licenseUrl":"https://creativecommons.org/licenses/by/2.5/in/","adaptation":"Coordinate vertex decimation (Ramer-Douglas-Peucker, 0.005 degree tolerance) and reduction of coordinate precision to 5 decimal places. Original geometry otherwise unaltered."},"features":[{"type":"Feature","properties":{"shapeName":"Puducherry","shapeISO":"IN-PY","shapeType":"ADM1"},"geometry":{"type":"MultiPolygon","coordinates":[[[[75.53056,11.70403],[75.53659,11.69394],[75.54441,11.70481],[75.53585,11.70993],[75.53056,11.70403]]],[[[75.53849,11.76136],[75.53126,11.75863],[75.54056,11.74858],[75.54025,11.73474],[75.52664,11.72614],[75.53117,11.70844],[75.53659,11.71939],[75.54788,11.71542],[75.55551,11.72175],[75.54329,11.73438],[75.54624,11.75635],[75.53849,11.76136]]],[[[79.68567,11.81255],[79.67587,11.81435],[79.68131,11.79632],[79.68963,11.80214],[79.68567,11.81255]]],[[[79.70035,11.82166],[79.69256,11.82248],[79.69196,11.81417],[79.7026,11.81347],[79.70035,11.82166]]],[[[79.79576,11.7855],[79.807,11.83358],[79.79822,11.83874],[79.79747,11.8246],[79.78016,11.83189],[79.76775,11.82275],[79.76437,11.83378],[79.74862,11.84074],[79.73667,11.84425],[79.73814,11.83696],[79.72938,11.837],[79.73566,11.80937],[79.72446,11.81049],[79.72276,11.79653],[79.71385,11.79635],[79.71982,11.78499],[79.75504,11.77528],[79.76585,11.79187],[79.77187,11.78223],[79.79576,11.7855]]],[[[79.69944,11.86819],[79.69715,11.87404],[79.69598,11.86039],[79.69944,11.86819]]],[[[79.8077,11.83641],[79.84057,11.95583],[79.82879,11.95837],[79.81254,11.97793],[79.80501,11.9533],[79.78466,11.95991],[79.77146,11.94393],[79.75988,11.94364],[79.76213,11.92859],[79.75021,11.91995],[79.74447,11.965],[79.72344,11.97709],[79.72642,11.9858],[79.74189,11.97771],[79.76036,11.98924],[79.76231,12.00273],[79.74756,12.00783],[79.73339,11.99326],[79.71237,11.98647],[79.71499,11.96762],[79.69567,11.96387],[79.6916,11.95135],[79.71111,11.93306],[79.70962,11.94984],[79.72085,11.9449],[79.71748,11.92897],[79.74065,11.90547],[79.73128,11.90315],[79.72888,11.89025],[79.71113,11.89075],[79.70525,11.89388],[79.70656,11.9135],[79.7186,11.91897],[79.69624,11.91918],[79.69536,11.8948],[79.67381,11.89159],[79.67397,11.88066],[79.70995,11.88919],[79.70824,11.8691],[79.71735,11.85452],[79.72109,11.8625],[79.73988,11.8646],[79.74308,11.84846],[79.75097,11.84805],[79.75736,11.87611],[79.76846,11.87597],[79.76609,11.84059],[79.77581,11.83846],[79.78167,11.85581],[79.80061,11.85531],[79.8077,11.83641]],[[79.77875,11.90469],[79.78786,11.89679],[79.79638,11.8999],[79.78506,11.86296],[79.77838,11.86322],[79.77961,11.87796],[79.77262,11.87585],[79.77078,11.88407],[79.76919,11.90179],[79.77875,11.90469]]],[[[79.79251,12.01801],[79.80531,12.02454],[79.78929,12.02769],[79.79251,12.01801]]],[[[79.65359,11.84297],[79.64594,11.84227],[79.64095,11.82285],[79.64796,11.81542],[79.67123,11.81485],[79.65359,11.84297]]],[[[79.61844,11.88526],[79.60817,11.87687],[79.59933,11.88295],[79.60197,11.8578],[79.62849,11.86979],[79.62685,11.85428],[79.65783,11.8527],[79.66267,11.8673],[79.64854,11.87053],[79.64112,11.88661],[79.63478,11.88877],[79.6345,11.88098],[79.62491,11.89077],[79.61844,11.88526]]],[[[79.68696,11.96785],[79.68649,11.97321],[79.66216,11.96909],[79.65998,11.95836],[79.65279,11.9578],[79.65878,11.95002],[79.67654,11.94848],[79.68696,11.96785]]],[[[79.6373,11.98098],[79.63645,11.99804],[79.65136,12.0223],[79.62639,12.0319],[79.62924,12.01869],[79.61884,12.00194],[79.62614,11.99961],[79.62359,11.98928],[79.61711,11.98957],[79.62435,11.98178],[79.61852,11.96994],[79.62747,11.96808],[79.62849,11.94518],[79.61787,11.93605],[79.62832,11.91958],[79.62527,11.90305],[79.6321,11.90127],[79.65589,11.90794],[79.67054,11.92982],[79.65736,11.94806],[79.64269,11.94212],[79.64832,11.96733],[79.6373,11.98098]]],[[[79.69649,12.03537],[79.67648,12.02157],[79.67223,12.0097],[79.66136,12.0123],[79.65694,11.99156],[79.67385,11.99505],[79.68083,11.98334],[79.68541,11.99162],[79.7196,11.99217],[79.70281,12.01107],[79.70477,12.03198],[79.69649,12.03537]]],[[[79.84129,10.82801],[79.8527,10.83339],[79.85118,10.99434],[79.81517,11.00377],[79.79771,10.98255],[79.78647,10.99729],[79.74672,11.00263],[79.76388,10.95982],[79.7463,10.95632],[79.74463,10.96616],[79.71923,10.96847],[79.71977,10.95225],[79.73236,10.95122],[79.7345,10.95755],[79.73728,10.95246],[79.72399,10.94189],[79.72476,10.92903],[79.74256,10.92462],[79.74304,10.91474],[79.76294,10.91367],[79.75621,10.89182],[79.77692,10.89662],[79.77734,10.90901],[79.78924,10.9085],[79.79532,10.9028],[79.78248,10.89538],[79.78358,10.88854],[79.79027,10.89494],[79.79461,10.8876],[79.8285,10.88385],[79.81122,10.8804],[79.82482,10.86489],[79.81162,10.85972],[79.80741,10.86551],[79.80785,10.85568],[79.821,10.84562],[79.82801,10.84974],[79.83098,10.82744],[79.84129,10.82801]]],[[[79.85707,12.00681],[79.87379,12.04262],[79.84976,12.05182],[79.84047,12.01327],[79.85707,12.00681]]],[[[82.22814,16.76073],[82.21192,16.7511],[82.20559,16.73461],[82.18633,16.7371],[82.19341,16.72165],[82.23904,16.71632],[82.26673,16.69466],[82.31007,16.71818],[82.31379,16.72939],[82.3055,16.74826],[82.28972,16.72667],[82.2698,16.7218],[82.21748,16.73277],[82.22451,16.75288],[82.23199,16.7548],[82.22814,16.76073]]]]}},{"type":"Feature","properties":{"shapeName":"Mahārāshtra","shapeISO":"IN-MH","shapeType":"ADM1"},"geometry":{"type":"MultiPolygon","coordinates":[[[[80.27289,18.72299],[80.24431,18.75626],[80.24525,18.7655],[80.27604,18.76611],[80.29994,18.79448],[80.35035,18.81487],[80.35445,18.82659],[80.3495,18.84804],[80.32731,18.87973],[80.27086,18.93844],[80.2733,18.99295],[80.30314,19.02199],[80.29736,19.04884],[80.3297,19.06994],[80.32799,19.09489],[80.33967,19.09995],[80.32759,19.13495],[80.33325,19.14536],[80.39398,19.18763],[80.38413,19.21575],[80.39385,19.24484],[80.44614,19.26401],[80.48251,19.33797],[80.52045,19.34762],[80.54429,19.38373],[80.57321,19.40231],[80.5918,19.37594],[80.59003,19.3518],[80.61269,19.30936],[80.63164,19.30701],[80.68002,19.33018],[80.69344,19.3146],[80.68978,19.28682],[80.71082,19.2816],[80.75705,19.28959],[80.77515,19.31436],[80.80528,19.32714],[80.85299,19.36386],[80.82802,19.38009],[80.81181,19.40716],[80.81343,19.4336],[80.84226,19.44688],[80.87464,19.44521],[80.89836,19.48181],[80.89543,19.51973],[80.88414,19.52626],[80.87361,19.51877],[80.85667,19.52304],[80.83598,19.56637],[80.81654,19.57118],[80.78984,19.56036],[80.77549,19.56243],[80.76739,19.57482],[80.76977,19.58658],[80.74087,19.6061],[80.71468,19.61657],[80.66537,19.61174],[80.6629,19.6236],[80.67659,19.65246],[80.67641,19.69941],[80.65429,19.70842],[80.64013,19.72534],[80.58647,19.74116],[80.57149,19.75908],[80.55264,19.76541],[80.54265,19.77978],[80.5463,19.81829],[80.52021,19.83175],[80.48058,19.82753],[80.46889,19.81031],[80.48499,19.80234],[80.48905,19.77027],[80.46426,19.7958],[80.4493,19.7898],[80.42416,19.79919],[80.40173,19.79614],[80.40769,19.80586],[80.4021,19.81665],[80.44073,19.8102],[80.46909,19.82689],[80.48631,19.86347],[80.50585,19.87052],[80.49143,19.90204],[80.46862,19.90759],[80.45292,19.90438],[80.44985,19.89632],[80.41389,19.90732],[80.40796,19.91258],[80.41126,19.93836],[80.43201,19.94146],[80.45217,19.95747],[80.47318,19.95082],[80.48877,19.93048],[80.50571,19.92821],[80.52992,19.93934],[80.53893,19.95176],[80.53766,19.97366],[80.54962,19.98583],[80.54258,20.01063],[80.55683,20.07175],[80.54402,20.09551],[80.55207,20.11799],[80.50559,20.14447],[80.46015,20.15096],[80.45543,20.13795],[80.4336,20.13526],[80.40182,20.14727],[80.38854,20.16507],[80.40069,20.18959],[80.42101,20.19604],[80.4222,20.20581],[80.40485,20.2186],[80.39527,20.24487],[80.45164,20.25809],[80.4808,20.27496],[80.51884,20.26604],[80.54959,20.30884],[80.61053,20.31828],[80.6261,20.33614],[80.61075,20.37509],[80.59148,20.39295],[80.61365,20.43486],[80.60218,20.44984],[80.61261,20.46181],[80.61963,20.50453],[80.61528,20.54978],[80.62659,20.5637],[80.61735,20.58564],[80.63187,20.59828],[80.58076,20.60839],[80.52093,20.5805],[80.50441,20.58338],[80.48102,20.61839],[80.51999,20.65647],[80.58012,20.67281],[80.5875,20.68592],[80.56523,20.71051],[80.56274,20.74742],[80.55168,20.76397],[80.54919,20.79594],[80.56183,20.82426],[80.55613,20.8891],[80.54179,20.92382],[80.54608,20.93491],[80.46371,20.9291],[80.44537,20.97053],[80.44379,20.99394],[80.42424,21.00963],[80.45266,21.03873],[80.43916,21.09647],[80.44782,21.11233],[80.45821,21.11378],[80.44473,21.12189],[80.46428,21.17494],[80.47863,21.17059],[80.5026,21.18523],[80.515,21.18294],[80.52965,21.20524],[80.55949,21.20202],[80.5876,21.22201],[80.61484,21.22716],[80.64386,21.25139],[80.64965,21.2747],[80.66126,21.29098],[80.67959,21.29875],[80.68159,21.31348],[80.66314,21.3344],[80.62137,21.32027],[80.59989,21.32681],[80.58938,21.33352],[80.5895,21.34362],[80.56673,21.34555],[80.57019,21.35753],[80.54319,21.37061],[80.52765,21.39477],[80.50844,21.39072],[80.50097,21.39851],[80.4842,21.39534],[80.48109,21.40095],[80.47647,21.39491],[80.45756,21.40269],[80.44864,21.37206],[80.4123,21.37663],[80.39611,21.40802],[80.42223,21.44047],[80.40914,21.4673],[80.38406,21.49002],[80.3765,21.52328],[80.33112,21.54754],[80.33933,21.55483],[80.3279,21.57127],[80.29839,21.57545],[80.29448,21.59283],[80.28083,21.59627],[80.2703,21.61586],[80.25328,21.62478],[80.22156,21.6209],[80.20368,21.636],[80.16909,21.62215],[80.15463,21.60648],[80.11971,21.60989],[80.11612,21.59318],[80.10112,21.58985],[80.06672,21.55412],[80.03289,21.55613],[79.9985,21.53344],[79.97149,21.55772],[79.93589,21.55613],[79.92217,21.54167],[79.91845,21.5244],[79.89122,21.51803],[79.83121,21.54675],[79.79208,21.58659],[79.73764,21.60386],[79.71817,21.59306],[79.69908,21.5929],[79.68956,21.58096],[79.66095,21.5769],[79.65197,21.55575],[79.61852,21.55726],[79.58139,21.5413],[79.56583,21.54764],[79.54062,21.54268],[79.54252,21.56823],[79.51204,21.58397],[79.50367,21.61477],[79.51703,21.62532],[79.50417,21.64077],[79.49618,21.674],[79.46071,21.68733],[79.43523,21.68261],[79.42221,21.69182],[79.39245,21.6739],[79.35233,21.67784],[79.35424,21.68462],[79.2906,21.69254],[79.26808,21.71541],[79.2312,21.72228],[79.23728,21.71323],[79.22075,21.6927],[79.22171,21.67686],[79.23108,21.67017],[79.22391,21.64863],[79.15502,21.66002],[79.15953,21.65184],[79.15389,21.64638],[79.16835,21.63716],[79.15145,21.64026],[79.14219,21.62988],[79.13817,21.63443],[79.13016,21.62574],[79.11203,21.62383],[79.10024,21.6174],[79.10691,21.60482],[79.09364,21.598],[79.07648,21.60539],[79.01227,21.5994],[78.99842,21.61902],[78.97532,21.61762],[78.94328,21.59193],[78.91413,21.58896],[78.91375,21.57094],[78.93165,21.56173],[78.90658,21.55323],[78.92963,21.54029],[78.92723,21.52217],[78.94419,21.51581],[78.93671,21.48572],[78.89927,21.50045],[78.89087,21.48518],[78.86808,21.49399],[78.8411,21.4869],[78.80027,21.49015],[78.78022,21.47874],[78.77619,21.46444],[78.76689,21.48903],[78.75086,21.49298],[78.74572,21.47022],[78.72817,21.46218],[78.68838,21.48192],[78.66696,21.47699],[78.6433,21.48541],[78.62836,21.4755],[78.60869,21.48889],[78.58543,21.48672],[78.56799,21.50567],[78.57016,21.51425],[78.51184,21.52851],[78.48702,21.50547],[78.45138,21.49653],[78.43601,21.50064],[78.43227,21.51426],[78.43868,21.51766],[78.43003,21.52749],[78.43488,21.53391],[78.42449,21.54426],[78.42816,21.55925],[78.41933,21.57964],[78.42745,21.59895],[78.39245,21.61372],[78.37266,21.61343],[78.38185,21.59169],[78.36329,21.57486],[78.35565,21.57296],[78.34296,21.58862],[78.30646,21.56936],[78.30299,21.58373],[78.2665,21.59172],[78.26028,21.57907],[78.27402,21.56872],[78.22341,21.55255],[78.18198,21.55663],[78.17134,21.52496],[78.18274,21.51119],[78.17457,21.50742],[78.17634,21.49913],[78.0298,21.42142],[77.98467,21.40315],[77.9425,21.39655],[77.9411,21.3857],[77.88314,21.37594],[77.88387,21.38415],[77.80118,21.40952],[77.79664,21.38895],[77.75006,21.38281],[77.73705,21.36218],[77.70989,21.35733],[77.69183,21.39753],[77.66956,21.36882],[77.66635,21.38407],[77.65365,21.39119],[77.61772,21.3869],[77.61291,21.39235],[77.60334,21.38969],[77.60513,21.36236],[77.56348,21.36907],[77.55645,21.38376],[77.56188,21.39595],[77.53206,21.41907],[77.51442,21.37593],[77.48864,21.37417],[77.48757,21.40635],[77.47168,21.43594],[77.47343,21.45455],[77.44173,21.47142],[77.44323,21.48716],[77.42237,21.51694],[77.42561,21.53778],[77.44972,21.54137],[77.45461,21.55374],[77.50297,21.5523],[77.57512,21.52641],[77.59504,21.52662],[77.61177,21.53854],[77.59536,21.5594],[77.57697,21.5549],[77.57556,21.62077],[77.54381,21.70384],[77.52606,21.71152],[77.52549,21.72435],[77.5026,21.74583],[77.47949,21.75412],[77.47912,21.76997],[77.4042,21.7524],[77.34559,21.75768],[77.32434,21.75264],[77.28979,21.76024],[77.27964,21.7541],[77.29108,21.73276],[77.2869,21.72184],[77.27156,21.72807],[77.25995,21.71398],[77.22694,21.71676],[77.22767,21.69941],[77.2104,21.68964],[77.18816,21.70168],[77.19148,21.72072],[77.17606,21.72573],[77.16515,21.71071],[77.1296,21.72221],[77.08656,21.7144],[77.07325,21.71943],[76.92883,21.6243],[76.90193,21.59686],[76.85445,21.61333],[76.83285,21.58897],[76.79519,21.59391],[76.78133,21.56471],[76.78925,21.53638],[76.76334,21.52076],[76.79555,21.48941],[76.7858,21.46502],[76.74428,21.43979],[76.74021,21.41126],[76.6215,21.33223],[76.66268,21.27589],[76.66141,21.24062],[76.64943,21.24459],[76.64157,21.23704],[76.63694,21.2026],[76.62319,21.18492],[76.61356,21.19309],[76.56687,21.19926],[76.5298,21.18178],[76.49239,21.19355],[76.48012,21.18201],[76.47817,21.14722],[76.46597,21.14248],[76.47382,21.1368],[76.45755,21.1331],[76.45123,21.1203],[76.45565,21.10762],[76.43726,21.10013],[76.41028,21.10215],[76.41244,21.08833],[76.38951,21.08567],[76.3762,21.07304],[76.27901,21.06991],[76.27189,21.08875],[76.25899,21.09046],[76.16662,21.07895],[76.16984,21.10361],[76.13542,21.12069],[76.11227,21.1553],[76.11047,21.16675],[76.12873,21.17567],[76.13262,21.16939],[76.1717,21.16648],[76.17637,21.18395],[76.16525,21.19034],[76.17189,21.20494],[76.15828,21.21329],[76.16526,21.22117],[76.14089,21.22758],[76.14042,21.24095],[76.15918,21.25533],[76.14638,21.26818],[76.14278,21.28565],[76.12842,21.28659],[76.12034,21.32283],[76.09562,21.37112],[76.04779,21.34896],[76.02931,21.36485],[75.98656,21.36874],[75.96295,21.38961],[75.91054,21.38243],[75.89026,21.39452],[75.87029,21.39112],[75.86245,21.37996],[75.84142,21.38447],[75.83319,21.37662],[75.80312,21.38449],[75.75517,21.37934],[75.72851,21.38864],[75.70328,21.38803],[75.67013,21.37453],[75.62306,21.37498],[75.60698,21.3918],[75.57147,21.38169],[75.57899,21.37644],[75.55721,21.37317],[75.55588,21.37877],[75.54376,21.36848],[75.52009,21.38697],[75.51205,21.38205],[75.44932,21.39015],[75.44013,21.3842],[75.42587,21.39071],[75.38243,21.37928],[75.3572,21.40082],[75.35161,21.39057],[75.3075,21.39236],[75.29964,21.38456],[75.30114,21.40989],[75.29537,21.41352],[75.25488,21.40184],[75.23335,21.41481],[75.21708,21.40856],[75.18003,21.4305],[75.12992,21.44711],[75.1077,21.46224],[75.08867,21.50073],[75.08989,21.51535],[75.05166,21.5665],[75.02004,21.5686],[74.97931,21.59519],[74.91043,21.61452],[74.90178,21.62919],[74.86547,21.62851],[74.86286,21.6344],[74.83121,21.61814],[74.82894,21.60974],[74.78296,21.61063],[74.68746,21.63154],[74.66418,21.6523],[74.58211,21.66486],[74.58061,21.68319],[74.55419,21.6813],[74.5576,21.70421],[74.54726,21.71949],[74.513,21.71851],[74.50542,21.72615],[74.51416,21.76562],[74.49825,21.79003],[74.51013,21.82923],[74.51376,21.88999],[74.52417,21.91119],[74.50935,21.92066],[74.50851,21.93736],[74.48471,21.94582],[74.48877,21.95617],[74.46914,21.95964],[74.46976,21.9671],[74.45342,21.96194],[74.43943,21.97673],[74.4415,21.99004],[74.43237,21.99941],[74.45222,22.00466],[74.43878,22.02085],[74.44354,22.02322],[74.43172,22.03022],[74.40181,22.02322],[74.38665,22.03381],[74.39808,22.02283],[74.38416,22.01744],[74.37562,22.00044],[74.34447,21.97512],[74.30071,21.96698],[74.28099,21.93296],[74.1929,21.92582],[74.15534,21.95134],[74.12826,21.94971],[74.05006,21.92619],[73.92957,21.86443],[73.8875,21.85454],[73.87115,21.84115],[73.82628,21.84261],[73.79565,21.82432],[73.80795,21.80985],[73.82642,21.81065],[73.83236,21.80149],[73.82735,21.79273],[73.83763,21.79001],[73.82886,21.78601],[73.83429,21.7749],[73.82408,21.76098],[73.86648,21.7189],[73.88297,21.71247],[73.89436,21.6759],[73.88796,21.65315],[73.87381,21.64723],[73.85197,21.6461],[73.83863,21.633],[73.83043,21.64229],[73.81431,21.64409],[73.78056,21.62851],[73.79176,21.60981],[73.81395,21.60071],[73.83477,21.52021],[73.85339,21.49729],[73.86939,21.50095],[73.87268,21.50633],[73.86448,21.51222],[73.8767,21.51168],[73.87797,21.50427],[73.90536,21.51569],[73.90524,21.52456],[73.91569,21.51913],[73.92599,21.52525],[73.9319,21.51198],[73.9518,21.51262],[73.95699,21.5408],[73.96616,21.52153],[73.98233,21.52182],[73.97401,21.54263],[73.99818,21.53869],[74.00522,21.55339],[74.02995,21.54541],[74.03787,21.55068],[74.04316,21.54227],[74.05409,21.54771],[74.05452,21.55858],[74.07223,21.54783],[74.10299,21.55611],[74.11306,21.54836],[74.11898,21.55621],[74.13665,21.54634],[74.13915,21.55532],[74.154,21.55675],[74.15772,21.5687],[74.17582,21.56869],[74.18264,21.54224],[74.19534,21.53194],[74.22898,21.5541],[74.23597,21.53934],[74.26337,21.53983],[74.26842,21.55254],[74.27787,21.55329],[74.2761,21.56192],[74.29492,21.56902],[74.30289,21.56663],[74.30307,21.55206],[74.33036,21.55275],[74.33171,21.54395],[74.32077,21.52905],[74.32064,21.49843],[74.30393,21.49938],[74.304,21.48795],[74.25578,21.47662],[74.25342,21.46758],[74.23562,21.46748],[74.23439,21.48222],[74.2142,21.48161],[74.20914,21.46206],[74.1877,21.4581],[74.18229,21.46912],[74.16098,21.46878],[74.13588,21.45606],[74.13378,21.46579],[74.12522,21.46658],[74.11632,21.45227],[74.10071,21.44764],[74.09463,21.45566],[74.07235,21.45696],[74.07281,21.4687],[74.06309,21.47457],[74.06126,21.46182],[74.04557,21.44601],[74.04467,21.41912],[74.00267,21.42134],[73.98227,21.40783],[73.97673,21.41175],[73.97026,21.39763],[73.9593,21.39534],[73.93875,21.40484],[73.94899,21.35098],[73.94199,21.29908],[73.87943,21.26577],[73.84976,21.27464],[73.82269,21.27067],[73.82829,21.23979],[73.81163,21.23103],[73.81055,21.20742],[73.81526,21.19716],[73.82587,21.19994],[73.82572,21.18696],[73.81569,21.17388],[73.78475,21.18391],[73.77215,21.16456],[73.74014,21.17104],[73.72832,21.16175],[73.73693,21.15306],[73.73302,21.14216],[73.71878,21.13957],[73.70114,21.14613],[73.70159,21.15356],[73.66755,21.15455],[73.66473,21.14712],[73.63442,21.1407],[73.62721,21.14317],[73.62905,21.15474],[73.60757,21.1588],[73.6065,21.17867],[73.57719,21.17058],[73.58305,21.16084],[73.57829,21.1503],[73.59857,21.15645],[73.6049,21.14384],[73.61741,21.14252],[73.61169,21.1379],[73.61824,21.11827],[73.64616,21.12106],[73.65168,21.10741],[73.67699,21.10837],[73.68874,21.1006],[73.70291,21.1182],[73.70529,21.10824],[73.72948,21.09968],[73.74357,21.11499],[73.72974,21.08224],[73.78015,21.06433],[73.80758,21.08463],[73.81073,21.05929],[73.79535,21.04432],[73.79995,21.03856],[73.86886,20.98511],[73.90114,20.98215],[73.90782,20.95958],[73.89215,20.95555],[73.88804,20.93344],[73.91738,20.90763],[73.92557,20.88835],[73.92357,20.85122],[73.9413,20.84018],[73.94412,20.82374],[73.93201,20.80887],[73.93192,20.76055],[73.94136,20.75825],[73.94225,20.74232],[73.91719,20.72489],[73.87429,20.72957],[73.85521,20.69221],[73.83547,20.7021],[73.81206,20.6922],[73.81732,20.67178],[73.83068,20.67503],[73.83909,20.65878],[73.83273,20.64873],[73.83836,20.62055],[73.79846,20.5986],[73.79133,20.6052],[73.77642,20.60081],[73.76052,20.57331],[73.74465,20.56477],[73.73239,20.57434],[73.69543,20.57847],[73.6696,20.5632],[73.65239,20.56448],[73.62757,20.58387],[73.62234,20.61416],[73.59957,20.63682],[73.56937,20.65149],[73.55094,20.64845],[73.52066,20.67873],[73.51799,20.66756],[73.50439,20.6708],[73.49568,20.65353],[73.4893,20.65565],[73.47862,20.67658],[73.48633,20.67508],[73.49033,20.6863],[73.47471,20.7203],[73.44959,20.71755],[73.44088,20.69966],[73.44839,20.69222],[73.44421,20.68115],[73.43219,20.67728],[73.4337,20.66802],[73.39204,20.64597],[73.40694,20.63542],[73.40727,20.62389],[73.42022,20.62724],[73.431,20.59414],[73.47327,20.58463],[73.47533,20.54351],[73.49385,20.53818],[73.4697,20.51983],[73.46773,20.49638],[73.43107,20.45431],[73.41964,20.41296],[73.41408,20.41613],[73.39599,20.39623],[73.37984,20.3934],[73.3848,20.37119],[73.40652,20.38313],[73.41853,20.33043],[73.41387,20.32563],[73.42776,20.28003],[73.41221,20.26543],[73.41768,20.24279],[73.41077,20.2385],[73.42148,20.20646],[73.41657,20.1982],[73.38946,20.19272],[73.38401,20.21147],[73.36641,20.20388],[73.36545,20.19547],[73.35322,20.20138],[73.3614,20.20725],[73.3569,20.2129],[73.34345,20.19947],[73.29949,20.20947],[73.28324,20.1981],[73.2782,20.14866],[73.25399,20.13776],[73.25473,20.12698],[73.22928,20.12239],[73.22702,20.1379],[73.21791,20.13641],[73.21066,20.12045],[73.21315,20.09103],[73.20434,20.07872],[73.18929,20.07735],[73.1923,20.04949],[73.17888,20.04715],[73.13715,20.08597],[73.11203,20.07419],[73.10371,20.08953],[73.06429,20.09851],[73.05401,20.09495],[73.0527,20.06446],[73.03962,20.06709],[73.00131,20.11167],[72.99991,20.12247],[73.01146,20.13461],[72.99819,20.14279],[72.9925,20.11767],[72.97711,20.11269],[72.96148,20.13122],[72.97757,20.17939],[72.96267,20.18242],[72.96266,20.20968],[72.89941,20.2276],[72.8896,20.22],[72.87049,20.22808],[72.85873,20.2245],[72.86118,20.20737],[72.83902,20.20889],[72.83088,20.19653],[72.83694,20.18822],[72.81603,20.1842],[72.81631,20.15644],[72.82441,20.14209],[72.80593,20.15434],[72.78901,20.14909],[72.79407,20.12272],[72.77522,20.13193],[72.73748,20.13482],[72.73502,20.09231],[72.70809,20.07105],[72.7224,19.99461],[72.71639,19.97348],[72.72198,19.97121],[72.72749,19.98871],[72.7318,19.97787],[72.72479,19.97585],[72.73238,19.97179],[72.74009,19.9885],[72.74166,19.96949],[72.74594,19.98061],[72.76576,19.98216],[72.76855,19.96437],[72.7766,19.96122],[72.75344,19.96154],[72.75628,19.95648],[72.74695,19.95194],[72.77054,19.95398],[72.76815,19.94548],[72.77465,19.9438],[72.76192,19.93614],[72.77536,19.90096],[72.7659,19.9014],[72.75738,19.88221],[72.75074,19.9164],[72.74341,19.90205],[72.73407,19.91027],[72.739,19.92382],[72.72953,19.92104],[72.71848,19.94515],[72.72596,19.95415],[72.71109,19.96019],[72.72096,19.96795],[72.68996,19.95863],[72.68584,19.94151],[72.66375,19.93371],[72.67604,19.92057],[72.67817,19.90093],[72.6859,19.90967],[72.68058,19.86625],[72.68805,19.87513],[72.69546,19.86514],[72.70336,19.877],[72.69854,19.85647],[72.68526,19.86001],[72.68401,19.86803],[72.67208,19.85466],[72.68255,19.85218],[72.66916,19.84443],[72.65833,19.84785],[72.65461,19.83628],[72.66747,19.82081],[72.68026,19.82426],[72.67596,19.81536],[72.6913,19.79555],[72.6852,19.75783],[72.69131,19.73864],[72.70408,19.73602],[72.70422,19.72711],[72.69465,19.72698],[72.71354,19.69497],[72.71546,19.68412],[72.7104,19.69173],[72.70681,19.67992],[72.71893,19.63366],[72.71601,19.64623],[72.73544,19.63027],[72.73188,19.64852],[72.7419,19.65054],[72.75383,19.62655],[72.74311,19.61881],[72.72553,19.62871],[72.72944,19.60163],[72.73943,19.5988],[72.75077,19.61673],[72.75854,19.60842],[72.75735,19.61735],[72.76659,19.61564],[72.76247,19.62221],[72.77122,19.62252],[72.77251,19.63566],[72.78004,19.61736],[72.77233,19.60826],[72.78578,19.60785],[72.78215,19.6017],[72.78906,19.59723],[72.77176,19.59953],[72.76772,19.58645],[72.75999,19.60052],[72.74227,19.58951],[72.73902,19.59451],[72.74687,19.59854],[72.71585,19.59224],[72.71627,19.57289],[72.72669,19.56683],[72.72373,19.56075],[72.72025,19.56523],[72.71873,19.53969],[72.73869,19.52908],[72.74618,19.51422],[72.76781,19.50755],[72.77277,19.48755],[72.74427,19.46192],[72.76235,19.39688],[72.76913,19.39652],[72.77138,19.41778],[72.7749,19.41294],[72.7578,19.37563],[72.77519,19.35726],[72.76878,19.37474],[72.8,19.32992],[72.77964,19.2768],[72.78543,19.26478],[72.77585,19.22541],[72.78627,19.20375],[72.78244,19.1929],[72.7966,19.19453],[72.79514,19.17229],[72.78162,19.16607],[72.78166,19.15833],[72.78925,19.15038],[72.78655,19.12972],[72.80083,19.14238],[72.82321,19.11098],[72.8239,19.05497],[72.81732,19.04333],[72.83815,19.04851],[72.83215,19.02318],[72.82249,19.01759],[72.81521,19.02624],[72.80942,18.99477],[72.81471,18.98328],[72.80239,18.97214],[72.79258,18.93957],[72.80835,18.95528],[72.82342,18.94143],[72.81792,18.92542],[72.82557,18.91993],[72.81212,18.91174],[72.8144,18.92149],[72.80359,18.90299],[72.86838,18.79963],[72.86502,18.72294],[72.85567,18.69933],[72.86551,18.65193],[72.87128,18.64036],[72.88361,18.63804],[72.92372,18.54571],[72.93372,18.54049],[72.91384,18.53069],[72.90581,18.54044],[72.9115,18.50753],[72.89601,18.47245],[72.89504,18.45746],[72.90734,18.43254],[72.90639,18.40338],[72.92616,18.38682],[72.92642,18.37335],[72.91706,18.37235],[72.91212,18.36202],[72.91765,18.34893],[72.93364,18.35141],[72.95318,18.33498],[72.96127,18.31972],[72.95566,18.31592],[72.96701,18.31116],[72.97014,18.30005],[72.98173,18.29959],[72.99285,18.2737],[72.99783,18.28517],[73.01582,18.28546],[73.02867,18.26426],[73.05314,18.27044],[73.03694,18.29279],[73.04483,18.31305],[73.07147,18.30801],[73.08808,18.33585],[73.09205,18.32836],[73.09345,18.3367],[73.113,18.32951],[73.11268,18.32366],[73.0916,18.32598],[73.08275,18.31183],[73.10271,18.26542],[73.0824,18.29251],[73.05355,18.30241],[73.0504,18.29696],[73.05172,18.28141],[73.06789,18.27915],[73.07276,18.26345],[73.06152,18.25217],[73.07811,18.23733],[73.08002,18.22239],[73.09211,18.21898],[73.07753,18.20899],[73.0774,18.18878],[73.10565,18.14086],[73.07183,18.15017],[73.05063,18.18241],[73.05218,18.20097],[73.06776,18.21249],[73.04675,18.21957],[73.0165,18.2446],[72.96938,18.24334],[72.97442,18.26298],[72.964,18.28037],[72.93558,18.281],[72.94312,18.24575],[72.93202,18.21921],[72.95725,18.21809],[72.9836,18.19479],[72.97842,18.19179],[72.98987,18.157],[72.98104,18.13589],[72.97137,18.13162],[72.99941,18.07463],[72.9898,18.05631],[73.00868,18.0501],[73.01946,18.02958],[73.00274,18.02091],[73.01683,18.00708],[73.01874,17.99049],[73.03137,17.98971],[73.04045,17.97807],[73.03074,17.96917],[73.03596,17.95656],[73.029,17.95419],[73.03012,17.94404],[73.03938,17.93385],[73.05561,17.932],[73.05277,17.90465],[73.06358,17.89141],[73.07174,17.89347],[73.09383,17.84131],[73.08817,17.83829],[73.09421,17.8244],[73.08898,17.80827],[73.09566,17.81131],[73.1126,17.78911],[73.13421,17.71804],[73.14474,17.72211],[73.13509,17.71528],[73.13999,17.70256],[73.1305,17.706],[73.11701,17.69793],[73.11476,17.68442],[73.14486,17.63852],[73.13267,17.644],[73.12686,17.63755],[73.13764,17.61087],[73.16652,17.58319],[73.17706,17.58256],[73.17043,17.56981],[73.16798,17.57708],[73.15625,17.56656],[73.15274,17.57374],[73.14368,17.57028],[73.13757,17.55646],[73.15495,17.52907],[73.1621,17.52996],[73.18181,17.50389],[73.18496,17.5099],[73.18371,17.50265],[73.17863,17.50748],[73.19436,17.46483],[73.18406,17.4556],[73.18702,17.44228],[73.21164,17.43753],[73.18827,17.43119],[73.18741,17.41448],[73.16772,17.40437],[73.184,17.3848],[73.20747,17.38612],[73.21708,17.35821],[73.22613,17.35397],[73.21505,17.34559],[73.23064,17.33541],[73.21906,17.32918],[73.23081,17.31884],[73.24425,17.32162],[73.24669,17.30805],[73.23993,17.303],[73.24143,17.29459],[73.24939,17.29611],[73.24939,17.28093],[73.22665,17.28162],[73.22322,17.30239],[73.20505,17.2989],[73.1966,17.30677],[73.18979,17.29878],[73.20438,17.28925],[73.20454,17.26956],[73.21165,17.27449],[73.20668,17.28159],[73.22353,17.26554],[73.22412,17.24757],[73.24482,17.22251],[73.24391,17.19837],[73.25512,17.2018],[73.24763,17.19547],[73.23137,17.19818],[73.25227,17.19022],[73.26687,17.15283],[73.26426,17.16227],[73.26851,17.15261],[73.27654,17.15666],[73.26394,17.15456],[73.2732,17.12014],[73.2675,17.1124],[73.27786,17.11331],[73.2846,17.10082],[73.28163,17.1116],[73.28957,17.11526],[73.28312,17.11082],[73.28389,17.08006],[73.29113,17.07829],[73.28756,17.05312],[73.27684,17.03567],[73.25828,17.04838],[73.25565,17.0271],[73.2587,17.01996],[73.27524,17.02403],[73.28301,17.01307],[73.2815,16.99825],[73.26902,16.99845],[73.27153,16.98658],[73.27875,16.99308],[73.29604,16.98437],[73.29244,16.9562],[73.28198,16.9504],[73.28718,16.91666],[73.27677,16.89202],[73.2944,16.89875],[73.30325,16.89138],[73.28623,16.88024],[73.30026,16.86048],[73.28819,16.85735],[73.29575,16.81646],[73.31852,16.80555],[73.30517,16.76612],[73.30548,16.73024],[73.31857,16.69645],[73.33014,16.68709],[73.33846,16.68707],[73.34107,16.69715],[73.34466,16.69073],[73.34121,16.68028],[73.32909,16.68487],[73.33294,16.65047],[73.3237,16.64784],[73.32282,16.6363],[73.3414,16.6383],[73.3414,16.62873],[73.33025,16.62021],[73.35165,16.62295],[73.35108,16.61272],[73.33951,16.6042],[73.31995,16.60772],[73.31673,16.60179],[73.33378,16.55897],[73.32072,16.55053],[73.31764,16.55653],[73.3106,16.54134],[73.31817,16.53014],[73.31583,16.51285],[73.32515,16.51308],[73.35187,16.44363],[73.36631,16.44113],[73.37807,16.45361],[73.3856,16.44925],[73.36717,16.43637],[73.35577,16.44215],[73.36615,16.39668],[73.39925,16.40223],[73.41611,16.41994],[73.41409,16.41262],[73.42662,16.41057],[73.46335,16.4163],[73.47406,16.43916],[73.46457,16.41618],[73.48039,16.41064],[73.49919,16.41816],[73.48157,16.40921],[73.46949,16.41441],[73.40814,16.40671],[73.40052,16.38879],[73.38765,16.39427],[73.37798,16.37955],[73.37243,16.37616],[73.37169,16.38879],[73.36673,16.37869],[73.37284,16.35976],[73.39491,16.36783],[73.39277,16.36077],[73.40333,16.3596],[73.42091,16.3725],[73.43872,16.3719],[73.42166,16.37118],[73.39766,16.35435],[73.389,16.36099],[73.38537,16.33712],[73.41019,16.27422],[73.41704,16.29265],[73.42223,16.2847],[73.43344,16.28501],[73.4493,16.30897],[73.43432,16.28423],[73.41447,16.2845],[73.41169,16.27268],[73.42793,16.20226],[73.43775,16.20262],[73.45662,16.12878],[73.4581,16.0805],[73.46628,16.07225],[73.45721,16.05381],[73.46805,16.05323],[73.46693,16.04645],[73.4833,16.03624],[73.48967,15.98793],[73.51045,15.93734],[73.54034,15.9372],[73.57003,15.91261],[73.58868,15.90975],[73.61368,15.85468],[73.61967,15.85814],[73.62903,15.84777],[73.66594,15.75501],[73.65332,15.74399],[73.69426,15.72277],[73.72829,15.71976],[73.7425,15.73561],[73.78491,15.72539],[73.78998,15.73494],[73.82523,15.74155],[73.82977,15.76453],[73.84328,15.78113],[73.85167,15.78078],[73.84674,15.78644],[73.85648,15.80076],[73.86726,15.79653],[73.86574,15.78469],[73.8796,15.77406],[73.87524,15.75069],[73.9387,15.74268],[73.95176,15.71632],[73.94368,15.69845],[73.95931,15.69919],[73.96389,15.69098],[73.96777,15.65998],[73.96141,15.64146],[73.96763,15.63021],[73.99078,15.61149],[74.02115,15.60613],[74.03096,15.62269],[74.07008,15.62831],[74.11308,15.64605],[74.11835,15.65204],[74.08816,15.6725],[74.12584,15.681],[74.1322,15.70243],[74.12223,15.72076],[74.15104,15.73584],[74.16162,15.75132],[74.2015,15.75865],[74.20903,15.7813],[74.23357,15.78702],[74.22804,15.75606],[74.24545,15.74327],[74.26838,15.75477],[74.2858,15.74162],[74.29618,15.74445],[74.31868,15.75841],[74.32314,15.7727],[74.34575,15.76458],[74.35849,15.77486],[74.37195,15.79725],[74.37037,15.81074],[74.36041,15.81689],[74.3811,15.83541],[74.38315,15.84913],[74.33828,15.85495],[74.36332,15.87495],[74.36868,15.89439],[74.38821,15.85428],[74.40624,15.8554],[74.38693,15.90501],[74.4309,15.95661],[74.46306,16.038],[74.45657,16.04108],[74.4633,16.04285],[74.46229,16.04985],[74.42977,16.05917],[74.38107,16.0355],[74.36913,16.03924],[74.37741,16.05514],[74.36141,16.05385],[74.3723,16.07823],[74.39094,16.0805],[74.39011,16.08948],[74.40703,16.09352],[74.4277,16.11198],[74.48163,16.08891],[74.49131,16.10432],[74.47991,16.14714],[74.49386,16.18646],[74.50714,16.19161],[74.50779,16.20308],[74.49588,16.2152],[74.50318,16.22542],[74.48056,16.25014],[74.4687,16.2402],[74.45617,16.24388],[74.45491,16.25341],[74.41769,16.25801],[74.41447,16.28266],[74.38269,16.27737],[74.38072,16.26198],[74.37309,16.26165],[74.35486,16.29265],[74.34318,16.29036],[74.35379,16.28284],[74.35054,16.27538],[74.32501,16.27177],[74.32091,16.28449],[74.32804,16.29326],[74.34209,16.29119],[74.34263,16.29804],[74.332,16.30527],[74.3333,16.31346],[74.32524,16.31369],[74.32883,16.32376],[74.31669,16.32657],[74.32259,16.33438],[74.3154,16.34009],[74.32712,16.34252],[74.31772,16.35307],[74.32485,16.35995],[74.31727,16.38102],[74.32492,16.3783],[74.32757,16.39151],[74.33595,16.39375],[74.35349,16.36643],[74.36378,16.4051],[74.33514,16.40142],[74.32893,16.41906],[74.33682,16.42882],[74.33267,16.45477],[74.31254,16.45325],[74.28936,16.46298],[74.29098,16.50491],[74.27974,16.50484],[74.27446,16.48564],[74.26085,16.48011],[74.24746,16.49692],[74.2781,16.50447],[74.26421,16.53984],[74.27063,16.54797],[74.28117,16.54111],[74.28322,16.5246],[74.29168,16.53389],[74.30173,16.52903],[74.30623,16.5037],[74.31521,16.50461],[74.3158,16.55446],[74.33977,16.54777],[74.35633,16.55976],[74.35801,16.53835],[74.37991,16.5286],[74.39671,16.58328],[74.42223,16.58452],[74.43552,16.60107],[74.46679,16.60683],[74.45486,16.6473],[74.46882,16.66381],[74.48911,16.63015],[74.54457,16.63548],[74.54357,16.59533],[74.55885,16.59466],[74.56697,16.5854],[74.55493,16.56452],[74.56862,16.55388],[74.60959,16.5696],[74.61888,16.58408],[74.62871,16.57774],[74.64009,16.61046],[74.66007,16.60291],[74.68706,16.6068],[74.68765,16.6179],[74.65356,16.63884],[74.66524,16.66568],[74.67958,16.66618],[74.6791,16.6731],[74.68963,16.67703],[74.6809,16.6859],[74.68948,16.68647],[74.6911,16.71555],[74.73217,16.71833],[74.77205,16.75069],[74.79583,16.74776],[74.84459,16.76182],[74.8499,16.77276],[74.86576,16.76337],[74.86944,16.77407],[74.91952,16.7725],[74.91089,16.78955],[74.91037,16.83515],[74.90159,16.86256],[74.92657,16.86355],[74.92562,16.87204],[74.9353,16.87107],[74.936,16.87924],[74.96044,16.88095],[74.96365,16.90972],[74.95551,16.90521],[74.92185,16.92987],[74.93178,16.94476],[74.96462,16.92678],[74.96443,16.94764],[74.99298,16.95208],[75.02666,16.94414],[75.02531,16.92801],[75.04461,16.94174],[75.08941,16.95159],[75.09638,16.91375],[75.11756,16.91345],[75.1204,16.90254],[75.13492,16.89471],[75.13656,16.8745],[75.17665,16.86771],[75.18906,16.87529],[75.18192,16.84341],[75.21427,16.84171],[75.22771,16.84318],[75.23773,16.86795],[75.26479,16.86281],[75.2821,16.8803],[75.29001,16.90403],[75.27945,16.92334],[75.27967,16.95656],[75.35012,16.95782],[75.3922,16.9801],[75.42795,16.9665],[75.44167,16.98224],[75.46562,16.98837],[75.46625,16.98132],[75.4833,16.976],[75.48915,16.94443],[75.50973,16.95026],[75.52938,16.96941],[75.56772,16.96575],[75.56729,17.00905],[75.57316,17.00961],[75.60695,17.00457],[75.60793,16.971],[75.634,16.97027],[75.64482,16.95409],[75.67039,16.96206],[75.67715,16.96901],[75.66614,16.97978],[75.66976,17.03817],[75.65006,17.03224],[75.64107,17.03759],[75.65037,17.05726],[75.67678,17.06542],[75.67236,17.116],[75.65041,17.1157],[75.6496,17.13438],[75.62544,17.174],[75.6285,17.18866],[75.64,17.18887],[75.66198,17.21458],[75.65778,17.26321],[75.65424,17.27382],[75.62792,17.27434],[75.62248,17.29511],[75.6038,17.30551],[75.61216,17.32514],[75.6101,17.34504],[75.58092,17.35123],[75.57421,17.3833],[75.61359,17.39192],[75.60667,17.42037],[75.63305,17.47722],[75.65891,17.45806],[75.67595,17.45594],[75.6908,17.40948],[75.71251,17.40794],[75.73366,17.42009],[75.76594,17.40531],[75.7721,17.38575],[75.79301,17.3697],[75.81373,17.37276],[75.82151,17.42122],[75.85115,17.41053],[75.86094,17.3856],[75.87527,17.39809],[75.87657,17.41615],[75.88425,17.41796],[75.89413,17.4012],[75.89065,17.35653],[75.93088,17.32258],[75.96877,17.33647],[75.99834,17.33797],[76.0144,17.35354],[76.0606,17.35531],[76.07919,17.33161],[76.0998,17.36465],[76.11902,17.37051],[76.16268,17.34522],[76.16514,17.30334],[76.17638,17.30079],[76.18331,17.31944],[76.17038,17.35262],[76.19645,17.36367],[76.22951,17.36521],[76.22859,17.37585],[76.24285,17.37883],[76.25079,17.36044],[76.27207,17.3606],[76.27642,17.33458],[76.31772,17.33238],[76.3144,17.34839],[76.34536,17.35445],[76.35407,17.31432],[76.38322,17.31453],[76.39667,17.34711],[76.41225,17.35107],[76.40918,17.37139],[76.36349,17.37767],[76.37157,17.43643],[76.33332,17.4339],[76.33075,17.4702],[76.37558,17.49022],[76.37475,17.49565],[76.34582,17.49253],[76.34663,17.51258],[76.36728,17.51945],[76.3628,17.53737],[76.34075,17.54248],[76.33135,17.59742],[76.41974,17.60371],[76.42925,17.64495],[76.44506,17.64095],[76.4419,17.64931],[76.45454,17.64979],[76.45292,17.65579],[76.48981,17.6605],[76.48729,17.71476],[76.52396,17.71515],[76.52334,17.7598],[76.57279,17.76053],[76.56402,17.75083],[76.57035,17.70541],[76.58208,17.70568],[76.60048,17.72565],[76.60535,17.75864],[76.61539,17.7704],[76.63194,17.75464],[76.63332,17.72822],[76.65566,17.71785],[76.66425,17.68756],[76.6909,17.681],[76.6926,17.70672],[76.7037,17.71562],[76.6997,17.72725],[76.72833,17.73756],[76.71415,17.78094],[76.721,17.78806],[76.7407,17.77946],[76.7621,17.78702],[76.76657,17.79847],[76.77878,17.80048],[76.79045,17.82633],[76.76756,17.85213],[76.73854,17.85668],[76.74003,17.8997],[76.76822,17.90115],[76.77511,17.87771],[76.80673,17.87057],[76.81027,17.88704],[76.83126,17.88561],[76.83978,17.89937],[76.88432,17.89429],[76.90132,17.91724],[76.91904,17.91595],[76.91372,17.99322],[76.9057,18.00971],[76.91437,18.03536],[76.95236,18.04022],[76.94496,18.04836],[76.95168,18.06105],[76.94527,18.0832],[76.963,18.08957],[76.96641,18.0982],[76.95433,18.11054],[76.92056,18.11818],[76.93185,18.13352],[76.92402,18.14663],[76.93153,18.15965],[76.94242,18.15641],[76.95199,18.18809],[76.99067,18.18998],[77.00117,18.16089],[77.02336,18.1585],[77.02314,18.17565],[77.03323,18.18199],[77.05203,18.17322],[77.05326,18.15945],[77.06401,18.15065],[77.1116,18.15583],[77.11639,18.17101],[77.09765,18.19672],[77.15158,18.21704],[77.14869,18.23904],[77.1698,18.26087],[77.17487,18.28486],[77.19753,18.2766],[77.21307,18.28031],[77.19877,18.31545],[77.20172,18.32216],[77.21185,18.31627],[77.21912,18.32572],[77.22964,18.3482],[77.22015,18.34927],[77.22589,18.36521],[77.24645,18.37076],[77.23374,18.38819],[77.24182,18.4126],[77.25942,18.41325],[77.27909,18.42979],[77.31691,18.44224],[77.31994,18.45802],[77.33609,18.45015],[77.34527,18.4336],[77.35354,18.44766],[77.36569,18.45156],[77.3622,18.42988],[77.37289,18.4011],[77.40022,18.40199],[77.41415,18.3931],[77.40989,18.3774],[77.39492,18.36845],[77.4002,18.34744],[77.38248,18.34225],[77.38099,18.33102],[77.35678,18.3202],[77.36584,18.30712],[77.40905,18.30146],[77.43772,18.31031],[77.43656,18.29322],[77.44763,18.26999],[77.46509,18.26253],[77.48143,18.27235],[77.49272,18.2672],[77.51161,18.28204],[77.51268,18.30959],[77.55144,18.29191],[77.57143,18.30883],[77.55806,18.33141],[77.52237,18.34646],[77.5255,18.3727],[77.55163,18.38889],[77.5567,18.41924],[77.5282,18.42891],[77.52755,18.44211],[77.56421,18.4373],[77.58533,18.44679],[77.58364,18.4562],[77.55079,18.4604],[77.5486,18.46858],[77.57289,18.46981],[77.5764,18.48678],[77.60316,18.47684],[77.60474,18.49636],[77.58594,18.50399],[77.60031,18.52229],[77.5966,18.53019],[77.59072,18.52666],[77.5964,18.54894],[77.61253,18.54447],[77.62928,18.55367],[77.63403,18.54391],[77.63965,18.55494],[77.64794,18.55493],[77.64593,18.53883],[77.65589,18.53089],[77.70159,18.55517],[77.73853,18.55679],[77.75037,18.58921],[77.74569,18.62128],[77.73053,18.64514],[77.73574,18.66098],[77.73,18.66693],[77.74928,18.68266],[77.75353,18.70099],[77.76818,18.70586],[77.77193,18.68905],[77.78732,18.68264],[77.83998,18.80482],[77.9067,18.8267],[77.93452,18.82226],[77.94856,18.82983],[77.94893,18.84329],[77.9348,18.84514],[77.93009,18.85872],[77.90326,18.86662],[77.90393,18.88124],[77.89161,18.88141],[77.88541,18.9042],[77.84328,18.90869],[77.85862,18.94911],[77.84197,18.94987],[77.83248,18.94162],[77.81928,18.94586],[77.82178,18.9785],[77.79117,18.98281],[77.78765,18.97264],[77.77152,18.97915],[77.77538,19.00062],[77.76202,19.03185],[77.76484,19.06265],[77.80038,19.05112],[77.79682,19.07258],[77.80996,19.10473],[77.81817,19.10498],[77.8313,19.08608],[77.85042,19.08855],[77.84769,19.116],[77.83409,19.1343],[77.85256,19.15467],[77.86052,19.18035],[77.84775,19.18959],[77.87143,19.25502],[77.89003,19.26089],[77.90287,19.25646],[77.90759,19.26822],[77.90348,19.27795],[77.8656,19.28382],[77.86348,19.30419],[77.89434,19.32046],[77.91157,19.31625],[77.94515,19.34245],[78.01352,19.29471],[78.01484,19.27903],[78.04253,19.2706],[78.03596,19.25063],[78.04164,19.24343],[78.0557,19.23712],[78.07912,19.25483],[78.08917,19.23937],[78.11706,19.24864],[78.14457,19.2294],[78.17534,19.23758],[78.18179,19.24762],[78.17669,19.27855],[78.19376,19.31489],[78.17217,19.3493],[78.18769,19.39459],[78.17621,19.41226],[78.19509,19.40675],[78.21161,19.42848],[78.24453,19.4288],[78.27046,19.45615],[78.28699,19.44853],[78.30436,19.45614],[78.30924,19.48108],[78.29042,19.52762],[78.29325,19.54223],[78.28396,19.54141],[78.27433,19.55397],[78.27527,19.56246],[78.29358,19.55898],[78.30371,19.56932],[78.30559,19.60707],[78.29392,19.61944],[78.29048,19.646],[78.26267,19.66506],[78.27621,19.69241],[78.31184,19.69105],[78.31867,19.70552],[78.34315,19.71325],[78.34125,19.73576],[78.34931,19.73797],[78.36469,19.78123],[78.35746,19.80543],[78.33404,19.81459],[78.33643,19.83792],[78.28609,19.84793],[78.30705,19.9143],[78.33286,19.91152],[78.32438,19.89483],[78.33211,19.8849],[78.38069,19.88044],[78.386,19.84609],[78.42297,19.81763],[78.47248,19.81734],[78.49026,19.79269],[78.50724,19.79755],[78.51504,19.81893],[78.55202,19.82409],[78.5723,19.81585],[78.60733,19.81761],[78.69258,19.79103],[78.71918,19.76665],[78.74007,19.78314],[78.75639,19.77251],[78.78238,19.77841],[78.80218,19.75654],[78.84098,19.7619],[78.85994,19.6895],[78.85194,19.65837],[78.88674,19.65508],[78.88646,19.66246],[78.90355,19.67002],[78.95557,19.6558],[78.96186,19.63745],[78.95563,19.60018],[78.97285,19.5824],[78.93769,19.56188],[78.94046,19.55188],[78.97424,19.54939],[78.98127,19.56085],[78.99776,19.54907],[78.99805,19.54009],[79.04603,19.54834],[79.07692,19.53241],[79.09805,19.53204],[79.19032,19.459],[79.2236,19.46909],[79.20386,19.4941],[79.22117,19.521],[79.23374,19.52002],[79.24003,19.53525],[79.23714,19.55715],[79.25314,19.5933],[79.23865,19.60618],[79.24357,19.6167],[79.27296,19.59885],[79.30685,19.59657],[79.31394,19.56643],[79.31846,19.57674],[79.36574,19.57635],[79.37276,19.561],[79.38569,19.55834],[79.40533,19.53568],[79.42048,19.52977],[79.42257,19.53806],[79.43334,19.53727],[79.46897,19.50959],[79.47143,19.50021],[79.4984,19.50571],[79.5186,19.5202],[79.51862,19.54313],[79.53994,19.55468],[79.55294,19.52419],[79.59616,19.50729],[79.61415,19.55969],[79.62944,19.57399],[79.70901,19.5845],[79.74309,19.60864],[79.77861,19.59969],[79.81633,19.57405],[79.82843,19.54343],[79.86459,19.51053],[79.91451,19.49606],[79.94482,19.46984],[79.94761,19.4497],[79.97794,19.40038],[79.95909,19.33596],[79.96588,19.30306],[79.93636,19.26415],[79.92451,19.22574],[79.9459,19.16952],[79.87376,19.12407],[79.85844,19.10244],[79.87111,19.04104],[79.92793,19.04934],[79.94027,19.03259],[79.94163,18.99211],[79.95705,18.9429],[79.95362,18.90453],[79.96161,18.86665],[79.91579,18.82994],[79.92053,18.81111],[79.96416,18.77385],[80.01855,18.77041],[80.02499,18.75497],[80.03869,18.753],[80.0528,18.72509],[80.08851,18.70731],[80.11813,18.68055],[80.15771,18.70101],[80.16863,18.69974],[80.17871,18.6833],[80.19657,18.68083],[80.21278,18.70575],[80.24848,18.70637],[80.27289,18.72299]]],[[[72.96652,20.30053],[72.97154,20.2971],[72.98299,20.31852],[72.97856,20.33194],[72.96167,20.33227],[72.9528,20.31529],[72.96652,20.30053]]]]}},{"type":"Feature","properties":{"shapeName":"Nāgāland","shapeISO":"IN-NL","shapeType":"ADM1"},"geometry":{"type":"Polygon","coordinates":[[[95.23392,26.68246],[95.23282,26.70579],[95.2099,26.72899],[95.21944,26.74582],[95.21647,26.75563],[95.24249,26.78255],[95.20828,26.79509],[95.212,26.79949],[95.19732,26.82258],[95.20293,26.84635],[95.18696,26.84779],[95.18095,26.85603],[95.20866,26.88234],[95.22806,26.88077],[95.2322,26.90283],[95.23004,26.92263],[95.21217,26.93011],[95.20668,26.94199],[95.20905,26.95254],[95.20205,26.95806],[95.2113,26.96628],[95.20235,26.98202],[95.19149,26.98486],[95.19696,26.99684],[95.19297,27.03602],[95.15008,26.99934],[95.11187,26.98076],[95.09518,26.95765],[95.03403,26.93569],[95.01667,26.92116],[94.9912,26.92091],[94.98253,26.9131],[94.96115,26.93722],[94.93076,26.93266],[94.92387,26.9466],[94.89055,26.92964],[94.86592,26.90883],[94.85003,26.87468],[94.8174,26.84761],[94.81437,26.81964],[94.79516,26.81452],[94.80263,26.80141],[94.77013,26.78914],[94.75824,26.7661],[94.74009,26.77608],[94.7368,26.76382],[94.69225,26.73203],[94.62021,26.71222],[94.60954,26.73703],[94.59698,26.73465],[94.591,26.7207],[94.60325,26.71245],[94.59328,26.71507],[94.59379,26.69729],[94.57723,26.70076],[94.5664,26.68366],[94.5593,26.68653],[94.56226,26.70517],[94.53917,26.70628],[94.52061,26.69931],[94.51749,26.68203],[94.50816,26.6854],[94.49258,26.66599],[94.46019,26.66173],[94.45305,26.65265],[94.4654,26.63316],[94.45118,26.63639],[94.43551,26.62214],[94.40283,26.61067],[94.40179,26.59366],[94.41329,26.57729],[94.40191,26.55477],[94.40606,26.54413],[94.39651,26.54281],[94.40078,26.53425],[94.37605,26.52188],[94.37208,26.50614],[94.3477,26.50456],[94.35287,26.49938],[94.34656,26.49217],[94.35276,26.49016],[94.33935,26.48059],[94.32543,26.48205],[94.31649,26.45841],[94.29983,26.46375],[94.28966,26.47981],[94.28087,26.53516],[94.28469,26.56117],[94.25625,26.54132],[94.23653,26.50623],[94.20742,26.48657],[94.20257,26.46916],[94.18514,26.45853],[94.17164,26.42988],[94.17749,26.38211],[94.16006,26.35439],[94.16194,26.34726],[94.1775,26.34652],[94.17446,26.34056],[94.11584,26.32979],[94.12159,26.31786],[94.10496,26.32005],[94.084,26.28344],[94.07463,26.28369],[94.07453,26.26448],[94.04759,26.24946],[94.03194,26.19764],[94.00099,26.17237],[94.00357,26.16021],[93.99443,26.14841],[94.0035,26.14433],[94.00208,26.13453],[93.98715,26.13118],[93.99773,26.12887],[93.98666,26.114],[93.99784,26.10966],[93.98144,26.08134],[93.98729,26.06689],[93.96238,26.03664],[93.95291,26.00307],[93.95905,25.99443],[93.95406,25.96936],[93.96861,25.95736],[93.9786,25.91683],[93.96098,25.90133],[93.93787,25.89641],[93.93388,25.88535],[93.9159,25.8838],[93.88171,25.84345],[93.85216,25.85833],[93.83961,25.85671],[93.82105,25.83884],[93.81629,25.82271],[93.79538,25.80903],[93.77744,25.84991],[93.78975,25.86791],[93.78406,25.88444],[93.79527,25.89248],[93.79558,25.90661],[93.7771,25.96834],[93.76536,25.96985],[93.76786,25.95111],[93.74502,25.94244],[93.75122,25.93291],[93.68144,25.90449],[93.70198,25.85164],[93.71423,25.84461],[93.6882,25.84605],[93.6682,25.82193],[93.64604,25.82248],[93.63279,25.80286],[93.6246,25.80266],[93.62666,25.78971],[93.61733,25.77609],[93.60494,25.775],[93.60256,25.76518],[93.58583,25.76625],[93.57766,25.75459],[93.56784,25.75853],[93.57313,25.75422],[93.56623,25.75485],[93.56142,25.73787],[93.54236,25.73104],[93.53946,25.72266],[93.54793,25.71182],[93.54107,25.69894],[93.52738,25.69129],[93.5224,25.69767],[93.51256,25.68469],[93.51825,25.67953],[93.49646,25.65463],[93.45722,25.64124],[93.4608,25.63241],[93.44428,25.63971],[93.43356,25.62953],[93.42728,25.63263],[93.42152,25.61834],[93.41363,25.62109],[93.40143,25.61119],[93.39868,25.59613],[93.3855,25.59287],[93.35862,25.55473],[93.34318,25.56014],[93.32693,25.54659],[93.33489,25.53452],[93.35024,25.5321],[93.36743,25.49934],[93.38542,25.49049],[93.39025,25.46049],[93.41545,25.44508],[93.43629,25.44828],[93.4581,25.43108],[93.45956,25.40333],[93.47358,25.38008],[93.44834,25.34074],[93.45641,25.33548],[93.4534,25.32162],[93.47198,25.30351],[93.47196,25.27133],[93.50624,25.26933],[93.50125,25.24238],[93.55598,25.24597],[93.56912,25.22627],[93.58413,25.22178],[93.58791,25.20109],[93.60518,25.19901],[93.66763,25.31084],[93.6647,25.32574],[93.68159,25.32893],[93.68657,25.36009],[93.70935,25.35718],[93.71582,25.37184],[93.73589,25.38516],[93.7422,25.40404],[93.77408,25.41965],[93.78648,25.4461],[93.80499,25.46331],[93.80998,25.48382],[93.80024,25.49684],[93.78749,25.50321],[93.76128,25.49581],[93.76493,25.53848],[93.77991,25.53367],[93.81651,25.5403],[93.82104,25.55317],[93.83441,25.5606],[93.86135,25.55325],[93.8887,25.56513],[93.90776,25.56452],[93.96044,25.55073],[93.98315,25.56827],[94.00727,25.56723],[94.00234,25.58641],[94.01284,25.5926],[94.03677,25.57901],[94.03818,25.57005],[94.04809,25.57559],[94.06729,25.55231],[94.08476,25.55473],[94.09417,25.53728],[94.08465,25.53039],[94.10807,25.52192],[94.14043,25.51943],[94.15625,25.55112],[94.16491,25.54128],[94.1781,25.55061],[94.19204,25.54868],[94.1866,25.52402],[94.21861,25.49159],[94.27404,25.49947],[94.28463,25.50792],[94.32159,25.50293],[94.35508,25.51224],[94.3853,25.5325],[94.41665,25.53659],[94.42498,25.58652],[94.44519,25.59159],[94.46876,25.61411],[94.49248,25.60854],[94.50517,25.61356],[94.52073,25.63883],[94.52928,25.63734],[94.54347,25.64998],[94.57176,25.6918],[94.59639,25.68295],[94.58042,25.66876],[94.58644,25.66384],[94.57837,25.66168],[94.58364,25.6563],[94.57602,25.6553],[94.58007,25.65054],[94.5721,25.64123],[94.59342,25.63559],[94.58362,25.63424],[94.55088,25.57951],[94.56429,25.56345],[94.55588,25.55469],[94.56661,25.54801],[94.55449,25.52852],[94.56005,25.52144],[94.55389,25.50262],[94.57677,25.49573],[94.61597,25.46247],[94.67545,25.44561],[94.68343,25.46616],[94.71808,25.46916],[94.74416,25.48124],[94.75174,25.49377],[94.76196,25.48207],[94.78434,25.48102],[94.78895,25.48953],[94.80785,25.49389],[94.81198,25.51155],[94.82484,25.5238],[94.82527,25.54241],[94.84692,25.56217],[94.89823,25.56557],[94.88185,25.59076],[94.91483,25.60745],[94.92257,25.64537],[94.93548,25.66683],[94.97023,25.68856],[95.00337,25.7286],[95.04085,25.74233],[95.04867,25.7598],[95.04396,25.7737],[95.04976,25.80092],[95.03293,25.81435],[95.02933,25.84027],[95.00885,25.86691],[95.01902,25.881],[95.01159,25.89795],[95.02844,25.91397],[95.03099,25.93133],[95.04382,25.92693],[95.05824,25.94056],[95.08925,25.95056],[95.11675,25.98503],[95.12577,25.9862],[95.15887,26.02482],[95.16399,26.0488],[95.18568,26.0733],[95.1647,26.09254],[95.15057,26.08662],[95.11774,26.10125],[95.11559,26.11288],[95.12636,26.12921],[95.11712,26.1587],[95.12656,26.17807],[95.12191,26.18492],[95.14253,26.21155],[95.11446,26.23272],[95.12723,26.25372],[95.11941,26.26487],[95.12825,26.29318],[95.12231,26.3072],[95.12824,26.33958],[95.12109,26.34958],[95.1322,26.37774],[95.12528,26.38802],[95.0998,26.39402],[95.104,26.42055],[95.08444,26.44732],[95.06608,26.44155],[95.06175,26.44989],[95.1141,26.51836],[95.10722,26.54148],[95.1253,26.5577],[95.13929,26.55612],[95.15427,26.58282],[95.14669,26.59323],[95.14911,26.61601],[95.16347,26.62154],[95.16657,26.63412],[95.18104,26.64298],[95.20845,26.64781],[95.23392,26.68246]]]}},{"type":"Feature","properties":{"shapeName":"Lakshadweep","shapeISO":"IN-LD","shapeType":"ADM1"},"geometry":{"type":"MultiPolygon","coordinates":[[[[73.01113,8.27759],[73.01026,8.27785],[73.01158,8.27618],[73.01113,8.27759]]],[[[73.04862,8.26624],[73.06599,8.28496],[73.07843,8.3243],[73.04776,8.27547],[73.01777,8.27566],[73.02462,8.2672],[73.04862,8.26624]]],[[[72.33499,10.10128],[72.3377,10.10603],[72.33653,10.1076],[72.33499,10.10128]]],[[[72.3332,10.12862],[72.32811,10.13872],[72.32737,10.12985],[72.3332,10.12862]]],[[[72.64562,10.57836],[72.61722,10.54219],[72.64971,10.56356],[72.64562,10.57836]]],[[[72.16856,10.81364],[72.16873,10.81529],[72.16477,10.81317],[72.16856,10.81364]]],[[[72.20615,10.87855],[72.19466,10.87136],[72.17011,10.81822],[72.20615,10.87855]]],[[[72.29088,10.94643],[72.28529,10.93646],[72.29276,10.93699],[72.29088,10.94643]]],[[[72.32139,10.94671],[72.32703,10.95155],[72.31542,10.94363],[72.32139,10.94671]]],[[[72.33171,10.95067],[72.33349,10.95283],[72.33036,10.95168],[72.33171,10.95067]]],[[[72.33444,10.95345],[72.33479,10.95531],[72.33301,10.95496],[72.33444,10.95345]]],[[[72.33433,10.95716],[72.33549,10.95664],[72.33431,10.95932],[72.33433,10.95716]]],[[[73.62797,10.07251],[73.62813,10.07434],[73.62622,10.07282],[73.62797,10.07251]]],[[[73.6479,10.0632],[73.65126,10.10195],[73.64418,10.07628],[73.63507,10.07126],[73.64125,10.05722],[73.6479,10.0632]]],[[[73.66201,10.14692],[73.65913,10.15541],[73.66007,10.12923],[73.66201,10.14692]]],[[[73.67203,10.81699],[73.66076,10.81639],[73.66132,10.80766],[73.6774,10.80421],[73.70181,10.81432],[73.67203,10.81699]]],[[[72.71915,11.11476],[72.73373,11.13641],[72.71945,11.12866],[72.71915,11.11476]]],[[[73.00714,11.46986],[73.00986,11.48749],[72.99977,11.49841],[73.00714,11.46986]]]]}},{"type":"Feature","properties":{"shapeName":"Uttar Pradesh","shapeISO":"IN-UP","shapeType":"ADM1"},"geometry":{"type":"MultiPolygon","coordinates":[[[[79.39526,25.03209],[79.42204,25.04158],[79.42591,25.05859],[79.40739,25.06478],[79.40503,25.07853],[79.38719,25.0857],[79.38089,25.12244],[79.36382,25.12565],[79.3742,25.14261],[79.3603,25.14426],[79.35058,25.11699],[79.37969,25.10122],[79.37251,25.09199],[79.37957,25.08561],[79.37466,25.06773],[79.37981,25.06479],[79.36534,25.05903],[79.35113,25.06888],[79.3492,25.0625],[79.35843,25.05878],[79.35611,25.04047],[79.36418,25.04098],[79.36904,25.05432],[79.39526,25.03209]]],[[[79.36253,25.17113],[79.37256,25.18002],[79.35952,25.18856],[79.35447,25.17589],[79.36253,25.17113]]],[[[77.57602,30.39744],[77.59151,30.37267],[77.60434,30.36855],[77.57827,30.32988],[77.58354,30.30742],[77.53824,30.27858],[77.53057,30.2526],[77.47724,30.18244],[77.4558,30.16284],[77.42802,30.16283],[77.41834,30.13497],[77.42349,30.13093],[77.41308,30.11377],[77.40253,30.11171],[77.42257,30.10346],[77.40507,30.08912],[77.37878,30.09143],[77.33429,30.05379],[77.30296,30.05536],[77.27816,30.04203],[77.276,29.99609],[77.24692,29.97673],[77.24465,29.96093],[77.21748,29.92345],[77.18576,29.90756],[77.18831,29.89409],[77.20013,29.88952],[77.20203,29.86894],[77.17825,29.84583],[77.1792,29.8127],[77.16429,29.79175],[77.15137,29.78824],[77.14662,29.77186],[77.1253,29.76953],[77.1198,29.76011],[77.13905,29.73824],[77.13422,29.71846],[77.14953,29.70952],[77.15655,29.69261],[77.14244,29.68047],[77.14654,29.67226],[77.13806,29.66665],[77.14101,29.655],[77.13151,29.64187],[77.1062,29.63235],[77.10158,29.61985],[77.11302,29.61065],[77.10952,29.59746],[77.08395,29.58727],[77.12683,29.55948],[77.10834,29.54786],[77.09636,29.51952],[77.1333,29.4831],[77.12266,29.46893],[77.1232,29.45542],[77.14451,29.44536],[77.14841,29.43412],[77.13311,29.41882],[77.13324,29.40089],[77.15739,29.38736],[77.12328,29.37039],[77.12952,29.34262],[77.15173,29.34115],[77.16115,29.3324],[77.15828,29.30292],[77.13894,29.26788],[77.14998,29.2328],[77.1314,29.21752],[77.14714,29.18055],[77.13594,29.142],[77.14743,29.13356],[77.14907,29.11768],[77.13396,29.09604],[77.14675,29.08059],[77.16375,29.07947],[77.17212,29.04651],[77.16695,29.03385],[77.18912,29.0277],[77.19096,29.00595],[77.20233,28.98725],[77.19279,28.95887],[77.19665,28.93768],[77.23288,28.91873],[77.22808,28.88123],[77.20597,28.88837],[77.18927,28.88091],[77.1893,28.86803],[77.21731,28.85137],[77.22438,28.82535],[77.21895,28.80827],[77.20147,28.81237],[77.19939,28.79806],[77.21332,28.78555],[77.23413,28.78375],[77.22185,28.77742],[77.23587,28.77076],[77.23555,28.76094],[77.25636,28.75623],[77.26081,28.73419],[77.27643,28.73548],[77.29075,28.72241],[77.2915,28.70618],[77.33107,28.71313],[77.32326,28.69861],[77.33291,28.68199],[77.32359,28.67674],[77.31625,28.64124],[77.34255,28.622],[77.3424,28.60891],[77.31339,28.59662],[77.29836,28.58017],[77.29996,28.55978],[77.34736,28.52057],[77.35247,28.49961],[77.37173,28.49845],[77.37006,28.48572],[77.38047,28.47029],[77.40809,28.46719],[77.40005,28.45566],[77.43344,28.45493],[77.43552,28.43097],[77.4625,28.42438],[77.46355,28.41517],[77.47763,28.41907],[77.48377,28.4081],[77.47345,28.397],[77.50483,28.37001],[77.4963,28.34916],[77.47122,28.33484],[77.50708,28.3057],[77.4985,28.28562],[77.50343,28.28008],[77.4908,28.27134],[77.49269,28.252],[77.51882,28.24248],[77.54461,28.24888],[77.55043,28.24238],[77.52129,28.22448],[77.53525,28.2103],[77.53037,28.19874],[77.52333,28.19602],[77.50588,28.20956],[77.49729,28.20604],[77.50325,28.1808],[77.51557,28.19292],[77.53062,28.1859],[77.54359,28.19129],[77.54964,28.17979],[77.53695,28.16567],[77.5021,28.16122],[77.50428,28.14558],[77.49135,28.13657],[77.51235,28.12488],[77.49843,28.10893],[77.49937,28.09463],[77.48261,28.10721],[77.47425,28.08746],[77.50123,28.05855],[77.48363,28.04048],[77.51274,28.03192],[77.50837,28.02281],[77.54241,27.98926],[77.53779,27.97924],[77.51691,27.97116],[77.51885,27.96239],[77.54406,27.96241],[77.53663,27.93418],[77.52938,27.92551],[77.51659,27.93334],[77.50179,27.92542],[77.49223,27.9385],[77.47528,27.92928],[77.47875,27.89447],[77.46091,27.87623],[77.45003,27.87119],[77.42013,27.89047],[77.40931,27.87419],[77.42185,27.8544],[77.34832,27.85557],[77.33515,27.84744],[77.33117,27.83107],[77.29647,27.82524],[77.29856,27.81521],[77.28289,27.79937],[77.31043,27.78808],[77.30796,27.75281],[77.31937,27.73349],[77.30298,27.72591],[77.30392,27.71079],[77.34114,27.70337],[77.34096,27.67676],[77.35257,27.65124],[77.31705,27.60675],[77.33452,27.5913],[77.3441,27.59708],[77.35821,27.58896],[77.33726,27.56976],[77.33807,27.54974],[77.34916,27.54315],[77.34005,27.53889],[77.33998,27.52662],[77.38738,27.51289],[77.40099,27.49727],[77.40154,27.4765],[77.43781,27.45632],[77.4362,27.44646],[77.42665,27.44511],[77.42109,27.42202],[77.43805,27.40895],[77.43997,27.39033],[77.47025,27.38348],[77.47269,27.37708],[77.48462,27.38353],[77.50718,27.37709],[77.52951,27.35166],[77.54556,27.34957],[77.54794,27.33689],[77.57878,27.32266],[77.60129,27.33429],[77.61253,27.33192],[77.61636,27.34043],[77.6227,27.33619],[77.62189,27.31305],[77.59866,27.2972],[77.61682,27.28645],[77.62177,27.27505],[77.61318,27.26582],[77.61642,27.2578],[77.63317,27.25813],[77.64554,27.24328],[77.64293,27.2349],[77.65281,27.23484],[77.64671,27.21022],[77.66564,27.20901],[77.68112,27.1944],[77.6584,27.17011],[77.63786,27.16384],[77.61995,27.17355],[77.61005,27.16285],[77.61368,27.1506],[77.59896,27.14345],[77.60445,27.12425],[77.59784,27.118],[77.55028,27.11128],[77.53756,27.09833],[77.51773,27.10246],[77.50544,27.09229],[77.52635,27.08462],[77.51934,27.06662],[77.54164,27.06261],[77.55359,27.07603],[77.57168,27.07187],[77.5753,27.05641],[77.5632,27.02937],[77.57919,27.0382],[77.59681,27.0327],[77.60181,27.02253],[77.62345,27.02199],[77.63002,27.01021],[77.64221,27.02566],[77.66558,27.01725],[77.67976,27.04708],[77.69306,27.04085],[77.68962,27.02667],[77.70573,27.01446],[77.71194,26.9971],[77.73005,26.99389],[77.73768,27.02975],[77.75099,27.02904],[77.76295,27.00684],[77.76137,26.99998],[77.75029,27.00187],[77.75857,26.99696],[77.74572,26.99504],[77.74347,26.98316],[77.72239,26.98785],[77.69948,26.97512],[77.67624,26.97322],[77.67216,26.95997],[77.66088,26.97122],[77.60213,26.93327],[77.59224,26.94027],[77.58319,26.92416],[77.49025,26.90049],[77.46031,26.88584],[77.45896,26.87283],[77.44842,26.87533],[77.43807,26.86311],[77.42728,26.86408],[77.42968,26.84707],[77.39787,26.83036],[77.42908,26.80156],[77.43708,26.78428],[77.43268,26.76783],[77.45345,26.77787],[77.4669,26.77373],[77.47036,26.76465],[77.45456,26.74187],[77.4614,26.74198],[77.48522,26.74801],[77.50256,26.76873],[77.48746,26.78815],[77.50068,26.81701],[77.50117,26.84445],[77.52071,26.84152],[77.51698,26.82577],[77.52568,26.81887],[77.57447,26.82086],[77.60836,26.83912],[77.61033,26.82857],[77.62039,26.8428],[77.67474,26.85754],[77.68665,26.87525],[77.6976,26.86737],[77.7065,26.87684],[77.7226,26.87432],[77.72697,26.89022],[77.71764,26.89726],[77.72491,26.91038],[77.73237,26.92015],[77.75317,26.91687],[77.76059,26.93262],[77.78046,26.92985],[77.79298,26.91705],[77.81021,26.92419],[77.85024,26.91283],[77.87756,26.90237],[77.89648,26.884],[77.9089,26.89062],[77.90636,26.91778],[77.91562,26.90739],[77.93968,26.90678],[77.9484,26.89358],[77.97133,26.90587],[77.97231,26.89607],[77.98721,26.88935],[78.00223,26.9029],[78.01458,26.90291],[78.03019,26.88603],[78.02422,26.87257],[78.03547,26.8708],[78.02095,26.85751],[78.02647,26.84954],[78.04466,26.86998],[78.05597,26.86839],[78.0488,26.91013],[78.06695,26.91139],[78.09604,26.89378],[78.1002,26.9049],[78.11119,26.89588],[78.10163,26.91699],[78.10516,26.92682],[78.12181,26.92258],[78.12277,26.93452],[78.11177,26.93976],[78.11855,26.94698],[78.17199,26.94818],[78.21013,26.93123],[78.22496,26.9463],[78.23862,26.92665],[78.25461,26.92581],[78.25496,26.93531],[78.27077,26.9151],[78.25913,26.89675],[78.23707,26.88898],[78.23264,26.87428],[78.20862,26.86887],[78.19698,26.88218],[78.21272,26.84614],[78.22017,26.84378],[78.21858,26.8345],[78.26229,26.81312],[78.27299,26.81625],[78.27329,26.842],[78.28351,26.85446],[78.36146,26.86906],[78.37426,26.86086],[78.39523,26.8171],[78.43354,26.82574],[78.46067,26.78764],[78.52102,26.78058],[78.5445,26.76389],[78.56462,26.76163],[78.57624,26.7488],[78.60828,26.74971],[78.62998,26.77323],[78.67288,26.7645],[78.68246,26.78766],[78.72654,26.79551],[78.72997,26.77509],[78.75165,26.7869],[78.7719,26.7701],[78.81586,26.76236],[78.87174,26.69812],[78.89321,26.69747],[78.90967,26.70702],[78.95557,26.69178],[78.9575,26.68284],[78.94263,26.66414],[78.94549,26.65483],[78.97986,26.67584],[78.99858,26.67649],[79.00914,26.66783],[78.99363,26.64104],[79.01654,26.60066],[78.98913,26.59562],[78.98985,26.579],[79.0002,26.57842],[79.00724,26.56547],[79.0144,26.55068],[79.00774,26.54388],[79.02834,26.5467],[79.02659,26.53572],[79.0398,26.52987],[79.03966,26.51512],[79.04862,26.51801],[79.04493,26.51031],[79.05632,26.49509],[79.06813,26.49663],[79.07169,26.47888],[79.05261,26.45374],[79.06205,26.45376],[79.06992,26.44188],[79.09518,26.44236],[79.09972,26.4526],[79.13518,26.44014],[79.12432,26.42262],[79.12598,26.41126],[79.10469,26.40638],[79.09521,26.41264],[79.089,26.39648],[79.09638,26.37236],[79.08425,26.36236],[79.08907,26.35466],[79.13883,26.33755],[79.13263,26.33535],[79.13497,26.32477],[79.11553,26.32051],[79.1249,26.31163],[79.1186,26.30037],[79.10193,26.30685],[79.0899,26.28776],[79.09652,26.27852],[79.09065,26.27006],[79.07701,26.28066],[79.06469,26.2771],[79.05566,26.2589],[79.04565,26.26034],[79.06969,26.2457],[79.06344,26.22591],[79.03494,26.22533],[79.01944,26.24762],[78.98939,26.23498],[79.02582,26.2201],[79.02784,26.20333],[79.02009,26.19823],[79.02654,26.19133],[78.9937,26.1969],[78.98303,26.18432],[79.00447,26.16922],[79.00489,26.14806],[78.96699,26.15015],[78.96294,26.13654],[78.94891,26.12869],[78.97686,26.11604],[78.97563,26.10521],[78.99362,26.09372],[79.00866,26.09321],[79.01206,26.08319],[79.00275,26.06665],[78.99072,26.06883],[78.98618,26.05368],[78.9483,26.02776],[78.95354,26.01522],[78.94453,26.00628],[78.95682,25.99655],[78.94354,25.97888],[78.93318,25.97934],[78.93761,25.96454],[78.9305,25.95894],[78.93896,25.9427],[78.92672,25.94682],[78.89859,25.91795],[78.88464,25.91394],[78.89504,25.89508],[78.88697,25.88324],[78.89009,25.87447],[78.88731,25.8686],[78.87651,25.87592],[78.86456,25.87161],[78.85236,25.85654],[78.85057,25.81122],[78.84368,25.82337],[78.81817,25.82915],[78.80554,25.81356],[78.81413,25.80711],[78.81974,25.81596],[78.82801,25.81439],[78.82873,25.79558],[78.80831,25.80094],[78.78295,25.75816],[78.77411,25.75955],[78.77038,25.7489],[78.75292,25.75094],[78.76333,25.71993],[78.79991,25.70507],[78.79557,25.69672],[78.8167,25.67632],[78.81987,25.64857],[78.81176,25.62078],[78.74215,25.59699],[78.73178,25.60625],[78.71733,25.60533],[78.69508,25.58783],[78.67887,25.5853],[78.65828,25.55985],[78.6242,25.56738],[78.6308,25.57893],[78.61814,25.58366],[78.6117,25.56987],[78.59794,25.5705],[78.58774,25.5566],[78.49334,25.5787],[78.46686,25.55932],[78.4647,25.54551],[78.4436,25.5632],[78.41936,25.53284],[78.41906,25.51814],[78.42885,25.51154],[78.41679,25.50177],[78.4313,25.47363],[78.41648,25.47648],[78.40031,25.46355],[78.39496,25.4442],[78.37766,25.43681],[78.35454,25.45198],[78.3389,25.43102],[78.34053,25.39952],[78.30531,25.37675],[78.3008,25.35993],[78.32759,25.3526],[78.34379,25.32845],[78.31173,25.3033],[78.35458,25.29225],[78.35011,25.27732],[78.37251,25.2599],[78.3598,25.24218],[78.37854,25.23869],[78.38205,25.22258],[78.41095,25.21266],[78.39134,25.20118],[78.39528,25.1879],[78.41664,25.18352],[78.4234,25.1693],[78.45825,25.1646],[78.44785,25.1527],[78.4273,25.15398],[78.44819,25.1259],[78.43444,25.12013],[78.40682,25.12892],[78.38345,25.10171],[78.33863,25.08657],[78.33549,25.06655],[78.34737,25.02152],[78.33397,24.99491],[78.31864,24.99077],[78.29459,24.96305],[78.2238,24.9153],[78.21059,24.89479],[78.17347,24.87902],[78.16897,24.86261],[78.17327,24.84668],[78.1976,24.83977],[78.21668,24.80858],[78.23574,24.77173],[78.22614,24.7469],[78.2767,24.66298],[78.26267,24.64599],[78.27798,24.61474],[78.26447,24.55219],[78.22944,24.53752],[78.22582,24.5201],[78.24602,24.50952],[78.24589,24.48612],[78.27498,24.47391],[78.26416,24.45569],[78.26969,24.44692],[78.34075,24.40205],[78.3489,24.38742],[78.36579,24.38596],[78.36967,24.37492],[78.32908,24.32711],[78.34369,24.31729],[78.3479,24.29948],[78.37927,24.28297],[78.38839,24.26332],[78.41361,24.27265],[78.41861,24.28505],[78.43109,24.28402],[78.44015,24.29623],[78.44389,24.31933],[78.47801,24.33898],[78.47439,24.35627],[78.49362,24.38137],[78.50202,24.39031],[78.51862,24.38781],[78.52983,24.3789],[78.52988,24.36809],[78.57319,24.35098],[78.5861,24.35371],[78.60365,24.31449],[78.62851,24.30384],[78.62002,24.29288],[78.6257,24.28064],[78.63853,24.28523],[78.6602,24.26744],[78.66863,24.24003],[78.70306,24.22692],[78.72557,24.23643],[78.73428,24.25246],[78.74042,24.23498],[78.74865,24.23304],[78.76193,24.25946],[78.7682,24.25185],[78.76737,24.22016],[78.7811,24.20601],[78.78548,24.18346],[78.78937,24.17708],[78.80637,24.17837],[78.8142,24.18484],[78.81515,24.207],[78.82649,24.1954],[78.84708,24.21386],[78.86042,24.20921],[78.88234,24.21745],[78.88802,24.22702],[78.88458,24.25046],[78.91674,24.26902],[78.91866,24.28297],[78.90964,24.29799],[78.94125,24.31528],[78.97145,24.3476],[78.96979,24.36911],[78.99365,24.42274],[78.98576,24.44168],[78.94743,24.43658],[78.93992,24.45344],[78.91421,24.45961],[78.92058,24.49971],[78.93714,24.49104],[78.92722,24.48206],[78.93775,24.47882],[78.96347,24.48353],[78.97152,24.49423],[78.94725,24.5024],[78.95138,24.51874],[78.94368,24.53451],[78.9532,24.5469],[78.92014,24.57481],[78.91256,24.60017],[78.9006,24.60722],[78.88322,24.64129],[78.868,24.63999],[78.85975,24.61764],[78.84329,24.62329],[78.8346,24.60455],[78.80322,24.60353],[78.78378,24.58855],[78.75203,24.60017],[78.75196,24.6424],[78.74393,24.65405],[78.78099,24.70607],[78.7704,24.78839],[78.78984,24.81097],[78.77593,24.83071],[78.77004,24.85901],[78.67656,24.89862],[78.66339,24.93844],[78.65186,24.93837],[78.65216,24.94797],[78.63173,24.95769],[78.64401,24.98429],[78.65262,25.05059],[78.62814,25.08619],[78.60217,25.09493],[78.60312,25.14686],[78.57054,25.20519],[78.5702,25.22387],[78.55575,25.20921],[78.578,25.25329],[78.55693,25.266],[78.53462,25.26813],[78.53174,25.28398],[78.51249,25.27666],[78.50344,25.28958],[78.45049,25.2621],[78.43503,25.28416],[78.45379,25.30126],[78.47294,25.2855],[78.49829,25.32007],[78.50434,25.32038],[78.50335,25.30154],[78.51038,25.29535],[78.53299,25.30094],[78.53492,25.31093],[78.55308,25.31968],[78.53986,25.32789],[78.54202,25.34501],[78.52962,25.35338],[78.53644,25.35954],[78.55238,25.35603],[78.56221,25.34091],[78.58498,25.34682],[78.58725,25.37263],[78.57779,25.38167],[78.56189,25.37836],[78.5665,25.39075],[78.59137,25.38587],[78.61059,25.41602],[78.63518,25.40067],[78.6448,25.41462],[78.64111,25.43333],[78.65818,25.44102],[78.6821,25.4335],[78.68912,25.44568],[78.71149,25.42808],[78.6745,25.3998],[78.66569,25.41535],[78.65853,25.40875],[78.66478,25.39327],[78.66012,25.38395],[78.6947,25.37375],[78.69977,25.38192],[78.71472,25.37299],[78.70947,25.35131],[78.72674,25.34342],[78.77463,25.35305],[78.76587,25.36916],[78.77371,25.37612],[78.75692,25.38544],[78.76798,25.40003],[78.74837,25.39161],[78.74826,25.40978],[78.77494,25.41987],[78.82142,25.42253],[78.80296,25.43714],[78.78514,25.43577],[78.77069,25.42281],[78.76236,25.4269],[78.75232,25.44678],[78.73213,25.45759],[78.73805,25.49483],[78.74493,25.49942],[78.74765,25.48432],[78.76789,25.46936],[78.79156,25.48342],[78.8183,25.47165],[78.80917,25.45346],[78.82061,25.46779],[78.84089,25.46154],[78.83518,25.45478],[78.85489,25.44765],[78.82072,25.43869],[78.82803,25.42819],[78.84415,25.42775],[78.8607,25.445],[78.86617,25.46567],[78.85565,25.48837],[78.84009,25.49331],[78.83496,25.50582],[78.84154,25.51254],[78.88438,25.51558],[78.88644,25.53243],[78.87429,25.54095],[78.88265,25.55396],[78.9112,25.55516],[78.92336,25.53594],[78.93936,25.55722],[78.95179,25.54879],[78.95285,25.53753],[78.93642,25.51979],[78.9271,25.52483],[78.91995,25.51526],[78.94224,25.49213],[78.92667,25.49006],[78.9439,25.48293],[78.93613,25.46164],[78.92398,25.45949],[78.90887,25.44242],[78.93826,25.42225],[78.95088,25.44061],[78.96723,25.43436],[78.97634,25.41996],[78.96993,25.39011],[78.98933,25.37404],[78.97523,25.36607],[78.9592,25.37153],[78.93871,25.34698],[78.92325,25.35879],[78.90134,25.36161],[78.89642,25.37411],[78.91593,25.38144],[78.93829,25.37482],[78.95755,25.39368],[78.9531,25.40009],[78.91775,25.39621],[78.91376,25.38425],[78.88024,25.38589],[78.84574,25.35555],[78.84616,25.32698],[78.84261,25.33655],[78.8193,25.30694],[78.79824,25.31393],[78.78778,25.296],[78.79881,25.28917],[78.81715,25.30668],[78.82856,25.30273],[78.81845,25.29895],[78.80946,25.27053],[78.83274,25.25252],[78.8428,25.22769],[78.84965,25.22878],[78.8666,25.28039],[78.87988,25.28575],[78.87442,25.30866],[78.86271,25.31446],[78.86757,25.32554],[78.88125,25.32492],[78.882,25.34363],[78.91184,25.33256],[78.92254,25.3429],[78.93221,25.33594],[78.92793,25.32413],[78.96061,25.34508],[78.95743,25.30224],[78.97992,25.27905],[78.95551,25.28276],[78.94868,25.27418],[78.95459,25.26135],[78.94514,25.25942],[78.91702,25.27358],[78.89975,25.24313],[78.88092,25.25401],[78.86953,25.2311],[78.89058,25.21442],[78.87063,25.18702],[78.88039,25.15761],[78.90296,25.17036],[78.92521,25.20445],[78.95385,25.21896],[79.00587,25.19505],[79.00118,25.2337],[78.97484,25.24049],[78.99437,25.27316],[79.01322,25.27405],[79.0256,25.26124],[79.01795,25.24954],[79.02223,25.24131],[79.03994,25.24294],[79.03347,25.23407],[79.06364,25.22202],[79.05962,25.19067],[79.04854,25.19372],[79.05228,25.20771],[79.03095,25.18493],[79.03999,25.17117],[79.03179,25.16426],[79.03683,25.16157],[79.02938,25.14056],[79.0508,25.13425],[79.06776,25.14962],[79.07144,25.17047],[79.09058,25.19107],[79.0958,25.17497],[79.12595,25.16129],[79.11596,25.13991],[79.13209,25.12738],[79.12347,25.11542],[79.13095,25.10942],[79.14386,25.11513],[79.17316,25.10809],[79.18599,25.11493],[79.18729,25.12638],[79.17462,25.12821],[79.17618,25.14006],[79.19225,25.14625],[79.2043,25.13992],[79.20384,25.12561],[79.21714,25.11071],[79.22735,25.12181],[79.24812,25.11596],[79.24589,25.13352],[79.26046,25.15316],[79.26887,25.13843],[79.26004,25.12522],[79.2781,25.11751],[79.28676,25.13141],[79.30699,25.12927],[79.31364,25.13609],[79.3232,25.14976],[79.30442,25.17813],[79.30847,25.19822],[79.30152,25.20137],[79.29221,25.18416],[79.28467,25.19107],[79.27937,25.24471],[79.29946,25.23975],[79.31054,25.22296],[79.32869,25.22134],[79.33846,25.19798],[79.3521,25.2122],[79.33297,25.22795],[79.34387,25.22728],[79.35086,25.26392],[79.33518,25.26975],[79.32851,25.25689],[79.31652,25.25596],[79.29379,25.28359],[79.28258,25.26206],[79.26447,25.26895],[79.27052,25.30972],[79.27895,25.32398],[79.29568,25.32365],[79.29983,25.33766],[79.35218,25.32984],[79.34133,25.31893],[79.34658,25.30508],[79.33615,25.2881],[79.35831,25.28424],[79.35528,25.26591],[79.3629,25.2617],[79.36993,25.25998],[79.37389,25.27251],[79.36861,25.29244],[79.40761,25.27392],[79.40874,25.25609],[79.43672,25.25467],[79.4629,25.27165],[79.45862,25.2798],[79.46721,25.2833],[79.47929,25.27844],[79.48185,25.26859],[79.49451,25.26687],[79.46248,25.26466],[79.43284,25.22057],[79.44895,25.21494],[79.44042,25.19887],[79.41222,25.20025],[79.41181,25.18264],[79.39028,25.17012],[79.38398,25.14279],[79.39076,25.14123],[79.38765,25.13034],[79.39615,25.12836],[79.3933,25.11721],[79.40534,25.10623],[79.42626,25.11905],[79.44018,25.10144],[79.47724,25.12749],[79.46512,25.08803],[79.49151,25.07962],[79.50543,25.09539],[79.52498,25.09739],[79.51802,25.12682],[79.56919,25.17182],[79.5815,25.15115],[79.59595,25.1433],[79.60648,25.15241],[79.60013,25.12781],[79.62268,25.14053],[79.64146,25.1269],[79.67311,25.12046],[79.68328,25.13516],[79.71717,25.12877],[79.7485,25.13968],[79.82397,25.10826],[79.8287,25.09933],[79.86153,25.09622],[79.84801,25.11054],[79.85162,25.12856],[79.86614,25.14107],[79.88153,25.14205],[79.86646,25.14983],[79.87013,25.17227],[79.856,25.194],[79.86858,25.21649],[79.85274,25.2251],[79.85137,25.23562],[79.86452,25.23635],[79.87788,25.25103],[79.90208,25.2408],[79.90749,25.2509],[79.91652,25.24463],[79.91754,25.22679],[79.9276,25.24963],[79.93659,25.24747],[79.94833,25.26866],[79.98078,25.26184],[80.00482,25.26724],[79.99874,25.28557],[80.02232,25.29761],[80.01854,25.32138],[80.03348,25.34206],[80.07266,25.33684],[80.08897,25.35581],[80.13113,25.33424],[80.14877,25.35706],[80.16725,25.3639],[80.16899,25.37687],[80.19489,25.37805],[80.2024,25.41405],[80.22085,25.39675],[80.23623,25.4079],[80.25354,25.40085],[80.26387,25.42406],[80.28848,25.41704],[80.31544,25.38888],[80.32034,25.36606],[80.30958,25.35437],[80.3227,25.3321],[80.31083,25.28642],[80.35146,25.27717],[80.35684,25.26181],[80.38361,25.2373],[80.40337,25.24404],[80.40776,25.21803],[80.43169,25.17763],[80.41992,25.16319],[80.39023,25.1584],[80.35459,25.13837],[80.35475,25.12643],[80.37611,25.11637],[80.3705,25.09973],[80.34846,25.08666],[80.34581,25.06491],[80.35545,25.05568],[80.33678,25.05907],[80.33156,25.04795],[80.31143,25.04424],[80.29057,25.05955],[80.2879,25.03813],[80.27365,25.02598],[80.33102,24.99221],[80.34169,25.01345],[80.35202,25.01752],[80.35743,25.01158],[80.36298,25.02362],[80.37749,25.01955],[80.37852,25.00436],[80.38734,25.00432],[80.39647,25.01195],[80.37788,25.02703],[80.38986,25.03557],[80.37052,25.04267],[80.37361,25.05592],[80.38803,25.05092],[80.40065,25.06958],[80.40873,25.05525],[80.41605,25.07318],[80.43306,25.06577],[80.44967,25.0785],[80.45146,25.06222],[80.4636,25.06804],[80.47517,25.03795],[80.48884,25.04349],[80.5019,25.03726],[80.49561,25.02911],[80.47438,25.03054],[80.45448,25.04223],[80.43312,25.02374],[80.45247,25.01515],[80.4549,25.00574],[80.43681,25.00149],[80.43705,24.99453],[80.46244,25.0025],[80.45617,24.98164],[80.47893,24.97399],[80.48042,24.98601],[80.49261,24.98939],[80.49933,25.00622],[80.5495,25.00248],[80.54139,25.01668],[80.5461,25.03243],[80.5006,25.04157],[80.50914,25.05877],[80.49644,25.07296],[80.50341,25.07306],[80.50674,25.08401],[80.48079,25.09295],[80.48275,25.10022],[80.51816,25.09471],[80.52151,25.07621],[80.54537,25.06445],[80.56473,25.07046],[80.56838,25.08691],[80.61321,25.06568],[80.60669,25.08674],[80.5982,25.08729],[80.5981,25.07932],[80.59236,25.0902],[80.59775,25.08891],[80.59235,25.10321],[80.59756,25.114],[80.60721,25.11792],[80.59503,25.12721],[80.59682,25.14366],[80.60657,25.15037],[80.61133,25.12793],[80.62887,25.1335],[80.63826,25.11674],[80.62711,25.11709],[80.61881,25.10021],[80.60752,25.09817],[80.62725,25.0833],[80.64043,25.09252],[80.6591,25.0835],[80.66174,25.06761],[80.67298,25.08261],[80.68463,25.07706],[80.67406,25.06052],[80.67959,25.04855],[80.71228,25.05867],[80.71714,25.06911],[80.72907,25.06719],[80.73693,25.05297],[80.77622,25.05484],[80.78752,25.06171],[80.78343,25.0759],[80.75715,25.08203],[80.75214,25.09249],[80.72548,25.09144],[80.7274,25.11854],[80.70766,25.11766],[80.70442,25.12839],[80.71842,25.13053],[80.73042,25.14662],[80.74203,25.12351],[80.75387,25.13282],[80.77179,25.13243],[80.77817,25.14226],[80.7864,25.12945],[80.80832,25.13693],[80.81528,25.13172],[80.81197,25.12409],[80.82667,25.12146],[80.82991,25.10005],[80.84289,25.11239],[80.83651,25.13387],[80.84005,25.1562],[80.84913,25.16261],[80.83818,25.18056],[80.84417,25.18691],[80.86937,25.17448],[80.88468,25.18795],[80.90358,25.1596],[80.91294,25.15909],[80.89481,25.13402],[80.87955,25.13835],[80.86847,25.11569],[80.87961,25.09927],[80.86763,25.07535],[80.87807,25.06548],[80.83181,25.03288],[80.85515,25.004],[80.85223,24.98874],[80.83305,24.98199],[80.82396,24.96778],[80.79229,24.96492],[80.81005,24.9527],[80.8083,24.93852],[80.82022,24.93299],[80.81217,24.92253],[80.83582,24.91955],[80.8376,24.92835],[80.86069,24.92862],[80.89264,24.9453],[80.90682,24.93518],[80.89916,24.9486],[80.94666,24.9663],[80.95433,24.95348],[80.9477,24.94098],[80.9589,24.93879],[80.95724,24.91786],[80.97406,24.93417],[80.98589,24.93252],[80.98667,24.9233],[81.0045,24.93717],[81.02309,24.92763],[81.02888,24.93327],[81.0159,24.9513],[81.0256,24.94006],[81.03351,24.9526],[81.08477,24.94968],[81.09633,24.92119],[81.13963,24.88753],[81.14549,24.91031],[81.16023,24.91355],[81.16804,24.95523],[81.18518,24.95203],[81.20722,24.93043],[81.19294,24.92535],[81.21967,24.92862],[81.20717,24.96448],[81.2209,24.97761],[81.20895,24.99262],[81.22639,25.00159],[81.26399,25.05309],[81.2689,25.0675],[81.25952,25.07575],[81.26701,25.08453],[81.25207,25.10211],[81.26494,25.11734],[81.26623,25.13964],[81.2817,25.15207],[81.27755,25.16601],[81.31346,25.16375],[81.31177,25.13765],[81.32137,25.11281],[81.3312,25.11471],[81.31959,25.1568],[81.33457,25.16925],[81.36058,25.16053],[81.37545,25.14174],[81.37098,25.13486],[81.39276,25.13108],[81.39955,25.11939],[81.41424,25.12103],[81.40608,25.13135],[81.43829,25.13057],[81.44763,25.10712],[81.40729,25.10514],[81.46484,25.09014],[81.46966,25.07943],[81.4912,25.07228],[81.49354,25.08023],[81.50158,25.07815],[81.50032,25.09644],[81.51818,25.10105],[81.49031,25.10969],[81.48001,25.13221],[81.49662,25.12928],[81.49955,25.14869],[81.52727,25.1381],[81.53106,25.14496],[81.52305,25.14821],[81.53655,25.16056],[81.51466,25.17359],[81.51453,25.18368],[81.53985,25.18072],[81.57865,25.19084],[81.59554,25.18186],[81.58849,25.16578],[81.61558,25.16912],[81.62623,25.16075],[81.62335,25.14105],[81.61449,25.14444],[81.59771,25.13126],[81.59713,25.11897],[81.61013,25.11243],[81.60825,25.09597],[81.62436,25.11997],[81.63296,25.11713],[81.62867,25.107],[81.64086,25.09896],[81.60015,25.07423],[81.61728,25.06112],[81.61166,25.05633],[81.64125,25.05678],[81.66657,25.07513],[81.66718,25.06139],[81.68234,25.06121],[81.69357,25.04883],[81.68978,25.03896],[81.71334,25.03609],[81.72144,25.03827],[81.72371,25.05],[81.73153,25.04866],[81.79271,25.00446],[81.80413,25.00189],[81.8107,25.01294],[81.83519,25.01729],[81.85372,25.00262],[81.89093,24.99578],[81.89134,24.98888],[81.90214,25.00047],[81.89572,25.00983],[81.90708,25.00621],[81.90148,24.98651],[81.90788,24.98013],[81.91039,24.93739],[81.91967,24.92814],[81.90286,24.89169],[81.90791,24.88136],[81.93374,24.87072],[81.93796,24.84974],[81.96529,24.82705],[81.97156,24.83895],[82.01694,24.84603],[82.04534,24.82861],[82.09768,24.81616],[82.11563,24.78445],[82.1339,24.78799],[82.13868,24.79948],[82.16704,24.78546],[82.17892,24.79508],[82.16667,24.80089],[82.20361,24.81922],[82.18428,24.79565],[82.21617,24.79416],[82.20923,24.77845],[82.21786,24.77671],[82.20927,24.77171],[82.19652,24.77811],[82.19544,24.76418],[82.20316,24.75811],[82.17747,24.73234],[82.21381,24.73426],[82.2212,24.72198],[82.20699,24.74735],[82.21599,24.75451],[82.22923,24.74509],[82.22648,24.76124],[82.23527,24.76006],[82.24556,24.7441],[82.25083,24.76985],[82.25537,24.74769],[82.24483,24.73046],[82.25012,24.69714],[82.22975,24.68166],[82.23898,24.66108],[82.24013,24.66968],[82.24919,24.67137],[82.26094,24.6615],[82.27288,24.67461],[82.26283,24.67883],[82.26867,24.6834],[82.28554,24.67546],[82.28768,24.66625],[82.303,24.66694],[82.2961,24.66139],[82.30353,24.65376],[82.29847,24.60498],[82.31966,24.60617],[82.3388,24.62032],[82.36378,24.5976],[82.41611,24.59115],[82.42232,24.59944],[82.40909,24.62525],[82.41851,24.65194],[82.40635,24.68128],[82.42952,24.70266],[82.45326,24.68856],[82.44982,24.67467],[82.52351,24.67606],[82.52928,24.65333],[82.53911,24.64777],[82.67104,24.69698],[82.7016,24.67509],[82.69823,24.64697],[82.70678,24.63608],[82.71785,24.64254],[82.7182,24.63486],[82.72795,24.63533],[82.73231,24.64441],[82.75315,24.6368],[82.7738,24.64178],[82.77185,24.62162],[82.77948,24.61406],[82.76535,24.59591],[82.80262,24.59824],[82.80093,24.58023],[82.76809,24.56239],[82.74817,24.56131],[82.743,24.547],[82.71925,24.55248],[82.73104,24.53483],[82.72057,24.52876],[82.72068,24.51381],[82.74368,24.49632],[82.72996,24.47247],[82.73645,24.46176],[82.73246,24.43138],[82.73979,24.43015],[82.72181,24.41362],[82.71345,24.38035],[82.7254,24.36817],[82.7644,24.37611],[82.76968,24.36992],[82.76442,24.35497],[82.77331,24.34382],[82.76551,24.31608],[82.77096,24.2951],[82.75562,24.26081],[82.75883,24.23675],[82.73466,24.21732],[82.74434,24.16561],[82.72812,24.1356],[82.70031,24.13911],[82.67801,24.15291],[82.66554,24.12428],[82.70712,24.09693],[82.71389,24.07458],[82.73311,24.07859],[82.74811,24.07052],[82.76002,24.07717],[82.76439,24.06996],[82.77409,24.07594],[82.76631,24.04644],[82.74729,24.02694],[82.75062,24.01271],[82.80384,24.00357],[82.8086,23.98616],[82.80219,23.97931],[82.81259,23.95991],[82.837,23.95682],[82.88472,23.90886],[82.92723,23.89231],[82.94789,23.87144],[83.01872,23.87948],[83.09776,23.87326],[83.14149,23.88494],[83.15949,23.9074],[83.20793,23.92141],[83.20383,23.92869],[83.216,23.93792],[83.22314,23.95816],[83.22362,23.98666],[83.24244,23.99719],[83.2426,24.0116],[83.26365,24.00926],[83.27912,24.01829],[83.28213,24.04975],[83.29947,24.07895],[83.32147,24.10603],[83.32988,24.10169],[83.35408,24.12492],[83.38301,24.19794],[83.37875,24.23038],[83.39765,24.24386],[83.40912,24.26635],[83.40718,24.2888],[83.38625,24.2988],[83.38005,24.31315],[83.41143,24.33988],[83.43348,24.3388],[83.44518,24.35886],[83.45728,24.36457],[83.43443,24.40077],[83.40509,24.4048],[83.40491,24.43602],[83.39413,24.43467],[83.38553,24.45129],[83.39654,24.49598],[83.40165,24.50349],[83.50329,24.52544],[83.49713,24.53912],[83.52228,24.54768],[83.5301,24.56734],[83.52353,24.60315],[83.54798,24.6233],[83.5247,24.62784],[83.52981,24.64304],[83.5005,24.65127],[83.50399,24.66631],[83.52038,24.67752],[83.49886,24.69488],[83.49865,24.70335],[83.48505,24.7016],[83.48937,24.73647],[83.45827,24.73155],[83.42809,24.76822],[83.39312,24.78297],[83.39968,24.79668],[83.39402,24.80514],[83.40201,24.81352],[83.39689,24.83244],[83.37703,24.86004],[83.35761,24.87057],[83.36955,24.88011],[83.3581,24.8889],[83.36635,24.89208],[83.35471,24.90546],[83.36399,24.91367],[83.36171,24.95368],[83.34324,24.96335],[83.35057,25.0088],[83.32024,25.01728],[83.32438,25.03737],[83.34339,25.05092],[83.33597,25.06149],[83.35012,25.11332],[83.36332,25.11122],[83.3674,25.12527],[83.36344,25.15351],[83.35133,25.15705],[83.3564,25.17767],[83.34981,25.18493],[83.35728,25.1997],[83.36633,25.19539],[83.38196,25.20179],[83.38625,25.21219],[83.39315,25.20439],[83.39763,25.21635],[83.40207,25.20911],[83.40698,25.23918],[83.41363,25.23553],[83.40994,25.24665],[83.42675,25.24641],[83.42723,25.25369],[83.43625,25.24426],[83.43899,25.25786],[83.45012,25.26106],[83.46795,25.25237],[83.4904,25.2895],[83.4914,25.27993],[83.5023,25.2875],[83.50548,25.28106],[83.52696,25.293],[83.52348,25.30258],[83.53404,25.29737],[83.55412,25.30851],[83.54725,25.31408],[83.53731,25.30979],[83.53993,25.31581],[83.57208,25.31469],[83.57375,25.30615],[83.59631,25.32769],[83.62847,25.32854],[83.63373,25.34324],[83.64883,25.33929],[83.65597,25.36839],[83.66442,25.36194],[83.66394,25.37285],[83.67668,25.36436],[83.69373,25.36965],[83.68208,25.37865],[83.69657,25.3825],[83.70171,25.39618],[83.71015,25.38607],[83.74062,25.41066],[83.74509,25.40048],[83.76629,25.40097],[83.75501,25.39228],[83.769,25.38638],[83.77281,25.39818],[83.78968,25.3968],[83.80786,25.40912],[83.81442,25.42123],[83.80159,25.42986],[83.84638,25.43438],[83.84195,25.44694],[83.81284,25.44822],[83.81658,25.46278],[83.82491,25.46582],[83.83281,25.45763],[83.85614,25.46807],[83.87784,25.49928],[83.87624,25.51809],[83.90211,25.52405],[83.92122,25.55201],[84.01739,25.6148],[84.08131,25.63647],[84.08518,25.65202],[84.07499,25.69534],[84.10446,25.72101],[84.13983,25.73175],[84.1416,25.72205],[84.12985,25.71783],[84.14303,25.71638],[84.15465,25.72932],[84.19891,25.70223],[84.20582,25.66979],[84.27645,25.65935],[84.29981,25.66459],[84.28721,25.67663],[84.31672,25.66637],[84.32396,25.67036],[84.32854,25.73114],[84.33664,25.74358],[84.37512,25.73464],[84.37366,25.74361],[84.37781,25.73858],[84.39104,25.74496],[84.38432,25.7321],[84.40001,25.72884],[84.40663,25.6979],[84.42683,25.69311],[84.42966,25.71106],[84.45348,25.71397],[84.47061,25.687],[84.49338,25.69068],[84.49181,25.67614],[84.49922,25.67488],[84.50761,25.68179],[84.52018,25.67503],[84.52914,25.68271],[84.53974,25.72681],[84.53545,25.69054],[84.55745,25.67957],[84.56454,25.71729],[84.56032,25.73694],[84.60045,25.73844],[84.63468,25.72796],[84.62951,25.74323],[84.603,25.76198],[84.6135,25.77591],[84.62358,25.77097],[84.62484,25.79194],[84.55078,25.84065],[84.54844,25.82854],[84.53052,25.83166],[84.53066,25.85348],[84.52321,25.86012],[84.54383,25.85892],[84.53402,25.87628],[84.51091,25.87143],[84.48952,25.88836],[84.47243,25.88176],[84.46018,25.88955],[84.42759,25.89128],[84.4119,25.93079],[84.35399,25.95883],[84.29695,25.94522],[84.20711,25.99988],[84.19632,25.98792],[84.17607,25.99656],[84.17006,25.98772],[84.17253,26.02463],[84.13765,26.0521],[84.1039,26.09273],[84.08874,26.10032],[84.05595,26.10008],[84.04893,26.10874],[84.04974,26.13061],[84.02758,26.14238],[84.03376,26.16036],[84.00945,26.17547],[84.009,26.18975],[84.02897,26.19923],[84.03111,26.21758],[84.01633,26.22206],[84.01228,26.23205],[84.01903,26.23887],[84.08651,26.2187],[84.09117,26.23376],[84.11733,26.24008],[84.1207,26.25863],[84.1512,26.25782],[84.16629,26.24109],[84.16165,26.25692],[84.17693,26.26502],[84.17475,26.29245],[84.18616,26.31299],[84.17279,26.33354],[84.17694,26.37069],[84.12126,26.3852],[84.07926,26.38266],[84.06372,26.40091],[84.03395,26.41177],[84.01734,26.44764],[83.99794,26.4465],[83.99152,26.4323],[83.90806,26.44712],[83.91523,26.50288],[83.90693,26.50917],[83.90812,26.51911],[83.94022,26.52529],[83.95284,26.51777],[83.95103,26.50902],[83.97123,26.50754],[83.97663,26.53348],[83.99247,26.5331],[84.00861,26.52171],[84.04779,26.53627],[84.06068,26.56823],[84.08912,26.60305],[84.08654,26.63917],[84.112,26.63066],[84.15873,26.63623],[84.16032,26.62453],[84.20123,26.62479],[84.28148,26.59956],[84.28594,26.60576],[84.30039,26.60384],[84.30735,26.61632],[84.37952,26.61453],[84.41993,26.6269],[84.40994,26.64693],[84.41062,26.67019],[84.33034,26.68398],[84.32605,26.71419],[84.30612,26.74957],[84.28604,26.75015],[84.25603,26.72679],[84.24071,26.73876],[84.23262,26.75372],[84.2485,26.77094],[84.25993,26.80443],[84.25032,26.81932],[84.26097,26.8304],[84.2541,26.85659],[84.21953,26.87166],[84.19017,26.85853],[84.18178,26.83354],[84.16614,26.83383],[84.14065,26.85271],[84.14645,26.88546],[84.13132,26.88448],[84.12904,26.89323],[84.11799,26.88775],[84.11045,26.89867],[84.09817,26.876],[84.0603,26.88817],[84.05241,26.90645],[84.06,26.92026],[84.04326,26.93186],[84.04656,26.93924],[84.03216,26.94126],[84.05486,26.96014],[84.04579,26.98232],[84.05673,26.98974],[84.03735,27.00911],[84.04954,27.0433],[84.03136,27.04566],[84.0001,27.06862],[84.01664,27.07183],[84.03071,27.09704],[84.01649,27.10546],[83.96445,27.08416],[83.94682,27.09027],[83.94772,27.11253],[83.96285,27.12773],[83.95876,27.13629],[83.99398,27.17392],[83.99343,27.18167],[83.987,27.19756],[83.96751,27.20954],[83.97023,27.22403],[83.9538,27.23612],[83.91214,27.24579],[83.90526,27.25741],[83.90588,27.27501],[83.93443,27.29962],[83.9251,27.32215],[83.90247,27.32629],[83.87148,27.30728],[83.8602,27.30789],[83.83676,27.32228],[83.86228,27.3354],[83.86406,27.34721],[83.83078,27.36992],[83.61486,27.46926],[83.38816,27.47941],[83.38927,27.47103],[83.40246,27.46631],[83.40251,27.4568],[83.38495,27.43609],[83.40971,27.41262],[83.38556,27.3902],[83.38808,27.37569],[83.37191,27.36944],[83.37441,27.35898],[83.35938,27.35243],[83.36005,27.34367],[83.33815,27.3336],[83.3183,27.33777],[83.31757,27.33057],[83.29501,27.33414],[83.273,27.35308],[83.26587,27.36597],[83.27229,27.38337],[83.21764,27.41751],[83.18834,27.45392],[83.03488,27.44882],[82.95426,27.46819],[82.92923,27.50106],[82.80209,27.49645],[82.73505,27.50267],[82.73625,27.51839],[82.74928,27.52271],[82.73716,27.54728],[82.74657,27.55538],[82.75381,27.58648],[82.73533,27.60953],[82.73778,27.6427],[82.72951,27.64284],[82.73058,27.65319],[82.71257,27.66347],[82.71883,27.68568],[82.70636,27.704],[82.70843,27.72301],[82.70555,27.71637],[82.69947,27.72198],[82.681,27.71362],[82.66622,27.71577],[82.66443,27.72251],[82.61891,27.7022],[82.60503,27.70583],[82.54079,27.68581],[82.51668,27.69127],[82.47354,27.67725],[82.44924,27.67967],[82.39517,27.70962],[82.36777,27.74339],[82.30372,27.77367],[82.20736,27.84349],[82.15328,27.86679],[82.14911,27.85818],[82.12154,27.86546],[82.06995,27.92333],[81.9679,27.92879],[81.9259,27.87637],[81.92539,27.85989],[81.88463,27.8569],[81.83321,27.89774],[81.80459,27.90301],[81.6988,27.9877],[81.64367,27.99318],[81.47812,28.08261],[81.48387,28.11861],[81.44997,28.14061],[81.44508,28.16129],[81.42562,28.17116],[81.37523,28.1785],[81.38362,28.16714],[81.37003,28.15308],[81.38567,28.15265],[81.38403,28.14715],[81.31652,28.1344],[81.31808,28.14503],[81.32793,28.14801],[81.32013,28.16013],[81.31198,28.15568],[81.30156,28.16654],[81.32116,28.1686],[81.32067,28.19716],[81.23275,28.28893],[81.2339,28.32601],[81.21063,28.36071],[81.0891,28.38577],[81.05795,28.41386],[81.05078,28.40698],[81.03613,28.41323],[81.03474,28.39922],[81.01665,28.41585],[81.03463,28.42766],[81.03,28.43864],[81.01972,28.4309],[81.01293,28.43719],[81.01724,28.45067],[80.99789,28.45211],[80.98873,28.44132],[80.97735,28.44236],[80.97857,28.434],[80.96451,28.43764],[80.96428,28.44459],[80.98016,28.45505],[80.96667,28.45707],[80.96376,28.44925],[80.9514,28.44734],[80.95114,28.45557],[80.9318,28.45856],[80.94227,28.46881],[80.9303,28.4575],[80.91721,28.45985],[80.91389,28.46829],[80.91524,28.45756],[80.90232,28.47839],[80.90839,28.49788],[80.89635,28.50706],[80.87522,28.5109],[80.86146,28.50453],[80.86589,28.48938],[80.84445,28.49565],[80.81549,28.52069],[80.78862,28.52427],[80.78934,28.54345],[80.76941,28.55009],[80.76866,28.56592],[80.7384,28.57511],[80.73854,28.56578],[80.72427,28.57539],[80.71443,28.56861],[80.69024,28.58797],[80.69578,28.60388],[80.67705,28.60432],[80.67945,28.62105],[80.66738,28.64243],[80.65163,28.63435],[80.64127,28.64355],[80.61113,28.63867],[80.60625,28.65196],[80.58957,28.64713],[80.59756,28.65615],[80.57993,28.66064],[80.59043,28.67988],[80.53966,28.69018],[80.50644,28.67099],[80.52153,28.57622],[80.53055,28.57213],[80.52308,28.55343],[80.51531,28.55251],[80.50893,28.56649],[80.47952,28.58755],[80.4693,28.58266],[80.45909,28.6243],[80.41538,28.63944],[80.37764,28.62873],[80.32557,28.66642],[80.31685,28.70029],[80.29399,28.71265],[80.27757,28.71093],[80.25672,28.729],[80.2657,28.74284],[80.25433,28.75507],[80.21606,28.75464],[80.17134,28.78199],[80.11928,28.82759],[80.07548,28.82365],[80.06509,28.83673],[80.0518,28.82044],[80.06811,28.80291],[80.06174,28.78326],[80.03014,28.7487],[79.95417,28.7229],[79.93863,28.75044],[79.94321,28.75996],[79.92408,28.77323],[79.93983,28.78778],[79.90137,28.78204],[79.87306,28.79735],[79.86961,28.80841],[79.87849,28.8149],[79.91553,28.80434],[79.91453,28.81855],[79.89407,28.82047],[79.88823,28.83662],[79.87848,28.83037],[79.8632,28.84028],[79.86143,28.83059],[79.84631,28.82324],[79.85294,28.81379],[79.84659,28.8105],[79.8529,28.8062],[79.84935,28.7997],[79.84153,28.80433],[79.82694,28.79503],[79.80804,28.80097],[79.81646,28.81698],[79.81898,28.80554],[79.82429,28.80734],[79.83718,28.83241],[79.82382,28.83907],[79.83679,28.83998],[79.83074,28.85529],[79.84064,28.84774],[79.84961,28.85936],[79.84566,28.87393],[79.83253,28.87105],[79.8293,28.88452],[79.81803,28.88787],[79.7998,28.88754],[79.78345,28.87131],[79.74908,28.87183],[79.74565,28.85998],[79.72638,28.86104],[79.71992,28.84573],[79.70963,28.85117],[79.70667,28.84107],[79.65605,28.86983],[79.63093,28.86118],[79.62614,28.86669],[79.61331,28.85289],[79.6039,28.8569],[79.58437,28.84633],[79.57349,28.85471],[79.58427,28.87924],[79.55648,28.89932],[79.52178,28.86481],[79.49714,28.87293],[79.47874,28.87121],[79.47722,28.86463],[79.45164,28.87169],[79.44046,28.8618],[79.42557,28.86648],[79.42795,28.91985],[79.41584,28.92793],[79.41901,28.94009],[79.40748,28.95231],[79.3853,28.95183],[79.37236,28.98753],[79.36211,28.98151],[79.3647,28.96814],[79.3119,28.97712],[79.30727,28.96653],[79.25913,28.99246],[79.24775,29.0034],[79.25102,29.0103],[79.21173,29.02762],[79.17106,29.01193],[79.17582,29.0158],[79.16528,29.01785],[79.16235,29.02927],[79.17511,29.04631],[79.1425,29.06701],[79.1535,29.11524],[79.12687,29.13274],[79.1119,29.12798],[79.03584,29.16945],[79.02912,29.16419],[79.03937,29.15847],[79.0374,29.14488],[79.01782,29.1539],[79.01692,29.13083],[79.04063,29.12773],[79.0267,29.11248],[79.00817,29.11197],[79.00423,29.12596],[78.98234,29.1431],[78.97278,29.12688],[78.96417,29.13056],[78.95647,29.11997],[78.93464,29.1297],[78.92694,29.11808],[78.90662,29.12486],[78.91876,29.13559],[78.90165,29.16961],[78.90875,29.17862],[78.88675,29.19508],[78.89062,29.20123],[78.87521,29.20523],[78.88326,29.21153],[78.87175,29.22276],[78.87446,29.23026],[78.85859,29.23305],[78.85834,29.2419],[78.84954,29.23277],[78.83816,29.2426],[78.82005,29.23207],[78.80763,29.23657],[78.77383,29.26204],[78.76501,29.27936],[78.71858,29.3067],[78.73445,29.303],[78.73367,29.32196],[78.75032,29.31741],[78.75376,29.33128],[78.76655,29.33746],[78.77748,29.32579],[78.79344,29.32823],[78.78955,29.31535],[78.79591,29.31182],[78.80472,29.31931],[78.7999,29.33463],[78.8105,29.34018],[78.82473,29.36719],[78.83026,29.36807],[78.82745,29.35427],[78.84987,29.34488],[78.85597,29.34978],[78.85193,29.36039],[78.87871,29.36607],[78.87773,29.37503],[78.88733,29.37311],[78.91179,29.39381],[78.92571,29.42601],[78.94233,29.43863],[78.91872,29.43432],[78.79967,29.46464],[78.74501,29.50084],[78.70625,29.50274],[78.65047,29.54606],[78.61773,29.55809],[78.58035,29.58643],[78.53267,29.63881],[78.52148,29.65787],[78.51654,29.71946],[78.50096,29.73297],[78.45398,29.74599],[78.4285,29.76452],[78.39275,29.76745],[78.33565,29.79666],[78.25974,29.73839],[78.20391,29.73732],[78.19602,29.69273],[78.17161,29.69163],[78.13053,29.65259],[78.08145,29.6352],[78.08668,29.62509],[78.05746,29.63074],[78.04884,29.61466],[78.01827,29.59825],[78.01523,29.5873],[78.02159,29.58091],[78.00079,29.58626],[77.99516,29.59585],[77.98687,29.58473],[77.96364,29.58132],[77.93329,29.60057],[77.94841,29.61697],[77.97768,29.6135],[77.98378,29.64369],[77.96644,29.6502],[77.96995,29.66648],[77.93988,29.69614],[77.95301,29.7074],[77.94553,29.71312],[77.92643,29.71427],[77.91252,29.69597],[77.88264,29.70248],[77.8747,29.68734],[77.8628,29.6895],[77.83381,29.66904],[77.79904,29.68624],[77.81047,29.70242],[77.76972,29.71765],[77.78267,29.73629],[77.76952,29.74539],[77.78034,29.76507],[77.77311,29.76875],[77.77466,29.79107],[77.75157,29.81073],[77.75898,29.81855],[77.74021,29.83479],[77.74188,29.8519],[77.72343,29.85511],[77.71412,29.87027],[77.72076,29.87621],[77.716,29.88593],[77.72274,29.88447],[77.73185,29.89285],[77.72926,29.90056],[77.74776,29.91122],[77.74288,29.92499],[77.73046,29.93175],[77.74835,29.95169],[77.73328,29.95599],[77.7437,29.98341],[77.76036,29.99516],[77.75537,29.99906],[77.76195,30.00936],[77.78197,30.01868],[77.78548,30.02795],[77.77113,30.04808],[77.80118,30.09553],[77.82804,30.08597],[77.83681,30.10358],[77.8604,30.11325],[77.88117,30.15079],[77.91201,30.18259],[77.91892,30.21134],[77.93212,30.21445],[77.96169,30.24243],[77.94146,30.23985],[77.93698,30.24922],[77.89399,30.26543],[77.87956,30.26201],[77.84651,30.2717],[77.76115,30.31835],[77.72183,30.33027],[77.68958,30.37687],[77.67807,30.37571],[77.67653,30.38784],[77.65972,30.39062],[77.64787,30.40469],[77.631,30.39776],[77.6244,30.40515],[77.60169,30.39976],[77.59041,30.40633],[77.57602,30.39744]]]]}},{"type":"Feature","properties":{"shapeName":"Tamil Nādu","shapeISO":"IN-TN","shapeType":"ADM1"},"geometry":{"type":"MultiPolygon","coordinates":[[[[79.48811,9.12722],[79.48875,9.12816],[79.48701,9.1273],[79.48811,9.12722]]],[[[79.46505,9.14343],[79.46801,9.14073],[79.46735,9.14348],[79.46505,9.14343]]],[[[79.22012,9.25097],[79.19141,9.257],[79.17493,9.23979],[79.192,9.22385],[79.20465,9.22602],[79.22225,9.24171],[79.22557,9.25007],[79.22012,9.25097]]],[[[79.23599,9.24789],[79.22874,9.24342],[79.23656,9.2353],[79.23599,9.24789]]],[[[79.08371,9.20064],[79.06951,9.2096],[79.05665,9.19691],[79.08735,9.19083],[79.09091,9.19644],[79.08371,9.20064]]],[[[79.13945,9.21178],[79.14145,9.2134],[79.13891,9.21294],[79.13945,9.21178]]],[[[79.16042,9.21724],[79.14721,9.22497],[79.12372,9.22116],[79.15562,9.21776],[79.16419,9.21186],[79.15574,9.20899],[79.16455,9.20899],[79.16042,9.21724]]],[[[79.44494,9.15349],[79.44464,9.15114],[79.44572,9.15216],[79.44494,9.15349]]],[[[79.77875,11.90469],[79.76919,11.90179],[79.77078,11.88407],[79.77262,11.87585],[79.77961,11.87796],[79.77838,11.86322],[79.78506,11.86296],[79.79638,11.8999],[79.78786,11.89679],[79.77875,11.90469]]],[[[77.30671,8.12713],[77.31005,8.12628],[77.30548,8.12939],[77.30671,8.12713]]],[[[77.24485,8.17027],[77.2463,8.17216],[77.24331,8.17083],[77.24485,8.17027]]],[[[78.48745,9.08737],[78.49658,9.09043],[78.49021,9.09432],[78.48745,9.08737]]],[[[78.58427,9.11232],[78.57063,9.10146],[78.58113,9.10056],[78.58847,9.10731],[78.58427,9.11232]]],[[[78.73113,9.15237],[78.73127,9.15595],[78.72788,9.15318],[78.73113,9.15237]]],[[[78.75179,9.15726],[78.75085,9.15662],[78.7521,9.15565],[78.75179,9.15726]]],[[[78.93164,9.18154],[78.94335,9.1873],[78.89719,9.17956],[78.93164,9.18154]]],[[[78.53507,9.10291],[78.53787,9.10235],[78.53935,9.10585],[78.53507,9.10291]]],[[[79.807,11.83358],[79.80061,11.85531],[79.78167,11.85581],[79.77581,11.83846],[79.76609,11.84059],[79.76846,11.87597],[79.75736,11.87611],[79.75097,11.84805],[79.74308,11.84846],[79.73988,11.8646],[79.72109,11.8625],[79.71735,11.85452],[79.70824,11.8691],[79.70995,11.88919],[79.67397,11.88066],[79.67381,11.89159],[79.69536,11.8948],[79.69624,11.91918],[79.7186,11.91897],[79.70656,11.9135],[79.70525,11.89388],[79.71113,11.89075],[79.72888,11.89025],[79.73128,11.90315],[79.74065,11.90547],[79.71748,11.92897],[79.72085,11.9449],[79.70962,11.94984],[79.71111,11.93306],[79.69724,11.94176],[79.69567,11.96387],[79.71499,11.96762],[79.71237,11.98647],[79.73339,11.99326],[79.74756,12.00783],[79.76231,12.00273],[79.76036,11.98924],[79.74189,11.97771],[79.72642,11.9858],[79.72344,11.97709],[79.74447,11.965],[79.75021,11.91995],[79.76213,11.92859],[79.75988,11.94364],[79.77146,11.94393],[79.78466,11.95991],[79.80501,11.9533],[79.81254,11.97793],[79.82879,11.95837],[79.84057,11.95583],[79.85707,12.00681],[79.84047,12.01327],[79.84976,12.05182],[79.87379,12.04262],[80.04604,12.3125],[80.13765,12.41056],[80.15388,12.44834],[80.16797,12.53512],[80.25467,12.78081],[80.24788,12.83072],[80.26059,12.94394],[80.28643,13.06101],[80.31109,13.10807],[80.30074,13.09121],[80.29491,13.09295],[80.30545,13.11039],[80.30076,13.12131],[80.30626,13.13041],[80.2979,13.13545],[80.33495,13.23794],[80.34678,13.31338],[80.3259,13.44544],[80.30102,13.47866],[80.2688,13.56531],[80.24178,13.47067],[80.21456,13.49029],[80.14517,13.49143],[80.13918,13.50429],[80.11274,13.50597],[80.10818,13.48894],[80.07817,13.48883],[80.07711,13.52641],[80.08861,13.535],[80.08123,13.54977],[80.0569,13.53666],[80.02841,13.53884],[80.01686,13.5472],[79.99969,13.54233],[80.00049,13.5257],[80.01762,13.52958],[80.02715,13.51372],[80.03549,13.51833],[80.04839,13.51227],[80.04659,13.4937],[80.01587,13.49797],[80.00781,13.47833],[79.98405,13.4796],[79.98236,13.47048],[79.97239,13.46911],[79.97331,13.42969],[79.95662,13.42221],[79.93958,13.42505],[79.94181,13.41674],[79.93454,13.41648],[79.94567,13.40775],[79.94432,13.39689],[79.96272,13.39138],[79.95801,13.3792],[79.94501,13.3818],[79.94944,13.3755],[79.93797,13.35555],[79.93127,13.35154],[79.91594,13.35989],[79.91482,13.34816],[79.88347,13.33288],[79.88287,13.32334],[79.86803,13.33109],[79.86276,13.31695],[79.80887,13.31728],[79.7917,13.29355],[79.7608,13.31851],[79.75671,13.29531],[79.73368,13.28884],[79.735,13.27596],[79.7947,13.24213],[79.79446,13.22635],[79.78475,13.22793],[79.77544,13.21534],[79.76422,13.21914],[79.75981,13.20747],[79.75005,13.20802],[79.73728,13.23656],[79.73137,13.22247],[79.71835,13.21654],[79.70267,13.22242],[79.71251,13.24469],[79.70095,13.25305],[79.6959,13.23858],[79.68424,13.24446],[79.67826,13.26168],[79.69572,13.2673],[79.68237,13.29594],[79.66535,13.27874],[79.66384,13.28979],[79.6578,13.28387],[79.65176,13.29186],[79.64245,13.29018],[79.64124,13.27561],[79.63844,13.28751],[79.63161,13.26973],[79.61409,13.28272],[79.60606,13.27958],[79.60866,13.28752],[79.59603,13.28488],[79.59128,13.26146],[79.57924,13.25782],[79.55838,13.27275],[79.53457,13.27543],[79.5412,13.29247],[79.53483,13.3014],[79.54408,13.31681],[79.53728,13.33867],[79.52591,13.34441],[79.51106,13.342],[79.51032,13.33463],[79.49523,13.34523],[79.45623,13.3386],[79.4354,13.35174],[79.43164,13.33674],[79.41469,13.33006],[79.40533,13.33507],[79.39833,13.33023],[79.402,13.31738],[79.38778,13.31808],[79.38186,13.30752],[79.38863,13.30981],[79.38981,13.29746],[79.41574,13.29961],[79.42001,13.28958],[79.43051,13.30028],[79.44539,13.30128],[79.4337,13.27502],[79.40839,13.2653],[79.42261,13.25135],[79.41847,13.24299],[79.43765,13.24292],[79.43146,13.2361],[79.43976,13.23589],[79.43098,13.22975],[79.45312,13.23838],[79.45377,13.21697],[79.43735,13.21958],[79.44382,13.20781],[79.43235,13.197],[79.4384,13.18821],[79.40915,13.19407],[79.374,13.18929],[79.3877,13.17756],[79.36949,13.17295],[79.37921,13.17154],[79.38001,13.16296],[79.35609,13.16461],[79.36549,13.13396],[79.36047,13.12357],[79.34522,13.12143],[79.34114,13.13687],[79.31864,13.1235],[79.32421,13.11857],[79.31189,13.1166],[79.31886,13.1135],[79.30716,13.10555],[79.29428,13.10963],[79.31243,13.12617],[79.28399,13.1228],[79.28031,13.1529],[79.26206,13.14907],[79.25743,13.16077],[79.24524,13.13831],[79.24266,13.17104],[79.2349,13.17088],[79.22729,13.15565],[79.21466,13.15699],[79.21,13.14849],[79.23284,13.1394],[79.2344,13.10526],[79.19826,13.08138],[79.19066,13.08877],[79.18063,13.08428],[79.19209,13.06747],[79.17827,13.05922],[79.19207,13.05618],[79.17963,13.05453],[79.18041,13.04888],[79.19297,13.04673],[79.1848,13.02989],[79.16309,13.02031],[79.11445,13.03931],[79.09828,13.0261],[79.08088,13.02576],[79.06284,13.04067],[79.06337,13.05314],[78.99497,13.08664],[78.97228,13.08384],[78.97025,13.07475],[78.94917,13.08403],[78.92392,13.08085],[78.92171,13.06613],[78.91257,13.06597],[78.90365,13.04774],[78.92914,13.0458],[78.94078,13.03645],[78.93708,13.03046],[78.9291,13.03653],[78.89162,13.0331],[78.89156,13.09712],[78.87507,13.09685],[78.87095,13.08192],[78.84201,13.07865],[78.81312,13.08918],[78.79428,13.06662],[78.75175,13.05498],[78.71449,13.06872],[78.70525,13.01528],[78.65619,13.03121],[78.6555,13.01529],[78.62087,12.99128],[78.64714,12.96628],[78.63803,12.9648],[78.65699,12.93215],[78.63341,12.93179],[78.60153,12.85085],[78.60773,12.82195],[78.60036,12.81847],[78.59249,12.78272],[78.5556,12.75583],[78.56317,12.75137],[78.55529,12.73932],[78.56383,12.73767],[78.55439,12.71932],[78.56156,12.71006],[78.55585,12.7002],[78.53488,12.69117],[78.52958,12.71026],[78.54425,12.71098],[78.52504,12.71546],[78.5209,12.73618],[78.51667,12.72442],[78.50524,12.74301],[78.48906,12.74203],[78.51999,12.71206],[78.51175,12.70774],[78.50304,12.71682],[78.49655,12.7033],[78.50741,12.69145],[78.49976,12.67619],[78.46787,12.67594],[78.47475,12.64768],[78.46494,12.62408],[78.42704,12.63529],[78.41258,12.6269],[78.3714,12.62715],[78.34357,12.64879],[78.30097,12.66592],[78.27106,12.70511],[78.24454,12.70637],[78.23768,12.68581],[78.21056,12.68613],[78.19961,12.69312],[78.20992,12.70055],[78.20572,12.70645],[78.23115,12.7126],[78.24098,12.72999],[78.23093,12.76071],[78.19514,12.7739],[78.16764,12.77013],[78.13421,12.78202],[78.12497,12.79824],[78.09014,12.81741],[78.08618,12.83199],[78.07384,12.83057],[78.0765,12.8397],[78.05331,12.8539],[78.05045,12.84879],[78.02384,12.85655],[78.02897,12.84524],[78.01913,12.84399],[78.01828,12.8311],[78.0039,12.82565],[78.01529,12.81384],[78.00973,12.80579],[77.9956,12.80592],[77.9885,12.80824],[77.98976,12.8216],[77.97925,12.82709],[77.98037,12.83511],[77.9643,12.83289],[77.96533,12.84823],[77.95276,12.85018],[77.95232,12.85717],[77.93997,12.85319],[77.94659,12.83876],[77.94066,12.8234],[77.92054,12.82821],[77.92279,12.85562],[77.94176,12.87169],[77.9277,12.87497],[77.92712,12.88157],[77.93609,12.88366],[77.92931,12.89097],[77.8949,12.87862],[77.89033,12.86971],[77.836,12.87038],[77.82306,12.85589],[77.8079,12.84772],[77.79909,12.85159],[77.79245,12.84218],[77.80986,12.83158],[77.80988,12.81558],[77.80214,12.81706],[77.79972,12.80527],[77.80852,12.79678],[77.79854,12.79517],[77.77877,12.76782],[77.79426,12.75782],[77.7916,12.74674],[77.76331,12.73695],[77.76107,12.72755],[77.77443,12.72427],[77.76468,12.70113],[77.73744,12.6978],[77.73991,12.67304],[77.7246,12.67124],[77.71157,12.68319],[77.70421,12.66146],[77.67864,12.66044],[77.67637,12.67953],[77.65989,12.68389],[77.59886,12.66721],[77.59611,12.65034],[77.60621,12.62897],[77.591,12.6153],[77.58033,12.55165],[77.58718,12.51481],[77.61631,12.50924],[77.58366,12.47885],[77.6074,12.47518],[77.62607,12.49637],[77.6346,12.48766],[77.62715,12.45851],[77.62959,12.41838],[77.61679,12.36826],[77.57855,12.33573],[77.55131,12.29127],[77.53281,12.29152],[77.5272,12.27883],[77.51417,12.27544],[77.48758,12.28056],[77.4711,12.24357],[77.4826,12.2295],[77.47202,12.20795],[77.49269,12.19739],[77.51866,12.19454],[77.54587,12.20471],[77.56529,12.19637],[77.61073,12.20621],[77.72767,12.18159],[77.74519,12.15935],[77.74978,12.13852],[77.77614,12.11738],[77.75566,12.0798],[77.72751,12.0621],[77.69634,12.01583],[77.6747,11.96604],[77.67565,11.95208],[77.65201,11.95492],[77.60341,11.93776],[77.55814,11.94165],[77.53794,11.93249],[77.49414,11.9434],[77.48616,11.88751],[77.46159,11.90009],[77.46581,11.8743],[77.45989,11.86355],[77.46657,11.84718],[77.44976,11.79611],[77.42724,11.76095],[77.42218,11.77248],[77.39441,11.78774],[77.3648,11.79051],[77.36038,11.77957],[77.3351,11.77134],[77.29381,11.80911],[77.28793,11.80054],[77.24983,11.81312],[77.23856,11.79476],[77.18919,11.79263],[77.14705,11.78202],[77.13803,11.77275],[77.1107,11.77358],[77.11766,11.72118],[77.10496,11.73291],[77.08017,11.73609],[77.05638,11.76989],[77.06971,11.78219],[77.0629,11.79051],[77.04642,11.78773],[77.03505,11.76989],[77.02882,11.77479],[77.0387,11.79396],[77.02983,11.80479],[77.01396,11.80632],[77.01289,11.81473],[76.9821,11.81162],[76.96988,11.77697],[76.95388,11.79217],[76.90796,11.79536],[76.89656,11.77658],[76.8883,11.73376],[76.86258,11.71112],[76.83495,11.65553],[76.83458,11.63962],[76.85807,11.61414],[76.85642,11.59939],[76.84688,11.59458],[76.82279,11.60819],[76.75687,11.61855],[76.61394,11.60767],[76.59224,11.61877],[76.57669,11.61461],[76.55991,11.62259],[76.55051,11.67431],[76.51163,11.7051],[76.48163,11.69264],[76.45816,11.66445],[76.43134,11.66648],[76.44404,11.64727],[76.43246,11.63137],[76.38808,11.62975],[76.37796,11.60199],[76.35456,11.58939],[76.34038,11.58728],[76.33586,11.59582],[76.30236,11.57131],[76.29599,11.59023],[76.28608,11.59028],[76.27899,11.60089],[76.23414,11.57116],[76.25148,11.53693],[76.25024,11.52703],[76.23975,11.52673],[76.25142,11.5024],[76.24723,11.46799],[76.26467,11.48133],[76.28441,11.483],[76.29484,11.46583],[76.30513,11.46787],[76.32601,11.45406],[76.3422,11.46768],[76.3979,11.43636],[76.41868,11.44187],[76.4156,11.42326],[76.46036,11.38889],[76.51773,11.37165],[76.50816,11.35421],[76.54783,11.35897],[76.54994,11.33108],[76.53727,11.31413],[76.54573,11.3004],[76.52679,11.28865],[76.52166,11.27066],[76.45306,11.23945],[76.44893,11.20555],[76.43859,11.19905],[76.45161,11.19947],[76.45841,11.18777],[76.47344,11.19502],[76.47234,11.20883],[76.49581,11.21145],[76.53384,11.18568],[76.60085,11.1976],[76.62892,11.19425],[76.67635,11.22025],[76.68425,11.23387],[76.7058,11.24044],[76.73454,11.21807],[76.72692,11.20748],[76.72862,11.19144],[76.69797,11.1742],[76.70019,11.15363],[76.70631,11.14163],[76.7189,11.14946],[76.73137,11.13171],[76.74806,11.13548],[76.74341,11.1026],[76.75462,11.0791],[76.74384,11.07313],[76.74649,11.05675],[76.77812,11.04218],[76.80077,11.05398],[76.7918,11.03745],[76.76656,11.02918],[76.71815,11.041],[76.69971,11.02666],[76.686,10.98929],[76.66675,10.96843],[76.65906,10.93059],[76.74075,10.89106],[76.78149,10.89115],[76.82839,10.87264],[76.85386,10.83968],[76.84824,10.81953],[76.86404,10.818],[76.87013,10.80905],[76.90076,10.80803],[76.90729,10.78341],[76.88817,10.73179],[76.89218,10.71847],[76.88219,10.71679],[76.8675,10.69428],[76.86705,10.67917],[76.87823,10.6744],[76.88212,10.63897],[76.85956,10.63168],[76.81427,10.63505],[76.81012,10.62384],[76.81748,10.60274],[76.8386,10.59633],[76.83526,10.54461],[76.84309,10.53668],[76.83033,10.49725],[76.82803,10.44975],[76.81604,10.423],[76.83327,10.40734],[76.82333,10.39458],[76.84862,10.36742],[76.83603,10.34544],[76.82993,10.30315],[76.84857,10.28452],[76.87315,10.29755],[76.87326,10.27568],[76.89738,10.26143],[76.90257,10.23958],[76.91188,10.23426],[76.93963,10.23815],[76.98359,10.21966],[77.0151,10.24561],[77.04843,10.25943],[77.05285,10.27231],[77.04362,10.28406],[77.09143,10.31506],[77.09569,10.30875],[77.12015,10.31803],[77.17599,10.35857],[77.23525,10.35287],[77.22734,10.31657],[77.26356,10.2639],[77.2573,10.25948],[77.25912,10.23046],[77.28094,10.23674],[77.29528,10.21855],[77.28294,10.2086],[77.27459,10.18494],[77.27485,10.13131],[77.26772,10.12221],[77.23854,10.13084],[77.21635,10.11643],[77.2075,10.11914],[77.20118,10.1072],[77.20405,10.08849],[77.2639,10.02931],[77.25473,10.01245],[77.26493,10.00428],[77.26103,9.99183],[77.27279,9.96429],[77.26095,9.95259],[77.24664,9.95202],[77.23016,9.91308],[77.21835,9.90491],[77.22084,9.88509],[77.21254,9.8775],[77.22142,9.86374],[77.23641,9.86021],[77.23728,9.85199],[77.22303,9.84549],[77.22187,9.82306],[77.24128,9.81621],[77.2468,9.79846],[77.22279,9.78837],[77.23253,9.76914],[77.2202,9.74511],[77.22387,9.73045],[77.20352,9.72218],[77.20668,9.69473],[77.18111,9.65928],[77.16583,9.61294],[77.18861,9.60621],[77.20888,9.61355],[77.23425,9.58165],[77.253,9.58307],[77.26964,9.57287],[77.31775,9.60261],[77.32986,9.59907],[77.32531,9.58013],[77.33942,9.57342],[77.35451,9.60417],[77.36105,9.60237],[77.36607,9.59606],[77.3574,9.59454],[77.35982,9.57748],[77.35019,9.56719],[77.36501,9.55283],[77.36549,9.53519],[77.3851,9.51934],[77.40043,9.52747],[77.40034,9.51796],[77.41232,9.50908],[77.39916,9.49647],[77.402,9.47773],[77.39153,9.46885],[77.39254,9.45946],[77.37712,9.45288],[77.36592,9.46019],[77.34928,9.4412],[77.33644,9.41237],[77.34382,9.4022],[77.32521,9.33722],[77.29998,9.3368],[77.29946,9.31102],[77.28297,9.30142],[77.28845,9.27428],[77.28273,9.27334],[77.27529,9.23484],[77.28222,9.21689],[77.25247,9.18955],[77.26428,9.18616],[77.2678,9.15342],[77.24693,9.12388],[77.21207,9.09989],[77.19718,9.04655],[77.16701,9.04489],[77.16094,9.02922],[77.14701,9.02137],[77.16159,8.99516],[77.17349,8.99134],[77.17812,8.96922],[77.18547,8.9703],[77.19621,8.9547],[77.19271,8.92631],[77.2213,8.92752],[77.22115,8.90407],[77.23846,8.89786],[77.23757,8.88579],[77.25834,8.87497],[77.26399,8.84207],[77.24231,8.80937],[77.23195,8.80715],[77.22972,8.78466],[77.21304,8.77862],[77.21753,8.76769],[77.19686,8.76831],[77.19105,8.74164],[77.17247,8.74963],[77.16999,8.74185],[77.20674,8.68453],[77.20085,8.66897],[77.23456,8.62697],[77.25144,8.62034],[77.24635,8.60359],[77.26634,8.58526],[77.28376,8.54685],[77.26161,8.50628],[77.23873,8.49603],[77.22936,8.5082],[77.21352,8.51203],[77.20128,8.50097],[77.227,8.44673],[77.20598,8.444],[77.19686,8.41962],[77.16767,8.38372],[77.16057,8.38936],[77.15067,8.38446],[77.1608,8.37364],[77.15238,8.35507],[77.1676,8.36337],[77.17388,8.35852],[77.16654,8.34254],[77.18029,8.32343],[77.17283,8.31876],[77.16848,8.33255],[77.12869,8.32456],[77.11859,8.32026],[77.12211,8.30862],[77.10297,8.3064],[77.0978,8.29249],[77.18617,8.21709],[77.22367,8.19575],[77.23283,8.18033],[77.29865,8.14653],[77.31552,8.12211],[77.33138,8.12739],[77.43904,8.0963],[77.55504,8.07658],[77.57116,8.09332],[77.56658,8.11843],[77.58276,8.13733],[77.60451,8.14719],[77.72956,8.16414],[77.75796,8.14531],[77.79369,8.16232],[77.80608,8.18282],[77.80445,8.20276],[77.83256,8.22907],[77.84108,8.25166],[77.89088,8.27049],[77.99146,8.35011],[78.06711,8.37452],[78.05671,8.3846],[78.06367,8.41244],[78.14327,8.50167],[78.13062,8.54791],[78.1447,8.59802],[78.13498,8.61616],[78.13853,8.68018],[78.16361,8.72391],[78.20197,8.75603],[78.20046,8.79286],[78.2015,8.7771],[78.19129,8.76723],[78.19797,8.76979],[78.19701,8.76267],[78.17297,8.77426],[78.16905,8.76325],[78.16991,8.77578],[78.16562,8.76382],[78.16056,8.77473],[78.17174,8.88286],[78.18234,8.89112],[78.19027,8.92843],[78.21825,8.96839],[78.26639,8.99771],[78.40685,9.10989],[78.52433,9.13652],[78.57847,9.13044],[78.60614,9.14778],[78.65741,9.15773],[78.64278,9.17586],[78.66413,9.19353],[78.71655,9.18909],[78.71741,9.20088],[78.73257,9.21159],[78.85226,9.24699],[78.86097,9.25554],[78.90802,9.24968],[78.91619,9.25986],[78.91191,9.26366],[78.96462,9.27404],[79.08967,9.26016],[79.20862,9.28169],[79.203,9.26768],[79.20575,9.27453],[79.21471,9.26583],[79.21837,9.27009],[79.21684,9.25528],[79.2565,9.2589],[79.29987,9.24581],[79.43284,9.16094],[79.42341,9.17713],[79.37397,9.21486],[79.31569,9.27406],[79.3146,9.28369],[79.3352,9.30874],[79.32941,9.32022],[79.31082,9.32767],[79.28141,9.31259],[79.26705,9.29284],[79.2209,9.29117],[79.20968,9.28286],[79.0665,9.298],[78.99643,9.34751],[78.93606,9.40917],[78.90272,9.46348],[78.8984,9.48958],[78.91441,9.49301],[78.92681,9.58511],[78.96,9.6312],[78.98026,9.68964],[79.03728,9.76289],[79.05897,9.77304],[79.08793,9.8232],[79.11887,9.85236],[79.11919,9.87718],[79.15146,9.91612],[79.1551,9.9316],[79.19837,9.97337],[79.21478,10.00013],[79.26601,10.03931],[79.25545,10.0451],[79.25196,10.06569],[79.22853,10.09027],[79.22708,10.11919],[79.23556,10.12799],[79.22757,10.13376],[79.22822,10.14738],[79.23871,10.15633],[79.24408,10.18604],[79.2786,10.21553],[79.26888,10.23431],[79.29685,10.2624],[79.33168,10.28575],[79.36659,10.29396],[79.37693,10.31313],[79.38909,10.31736],[79.51662,10.31341],[79.76846,10.27186],[79.85864,10.28207],[79.88139,10.30576],[79.86865,10.37556],[79.85339,10.62671],[79.85272,10.82694],[79.83098,10.82744],[79.82801,10.84974],[79.821,10.84562],[79.80785,10.85568],[79.80741,10.86551],[79.81162,10.85972],[79.82482,10.86489],[79.81122,10.8804],[79.8285,10.88385],[79.79461,10.8876],[79.79027,10.89494],[79.78358,10.88854],[79.78248,10.89538],[79.79532,10.9028],[79.78924,10.9085],[79.77734,10.90901],[79.77692,10.89662],[79.75621,10.89182],[79.76294,10.91367],[79.74304,10.91474],[79.74256,10.92462],[79.72476,10.92903],[79.72399,10.94189],[79.73687,10.94898],[79.73652,10.9572],[79.73236,10.95122],[79.7187,10.95599],[79.71923,10.96847],[79.7309,10.9705],[79.74616,10.96505],[79.74504,10.95665],[79.76388,10.95982],[79.75277,10.97695],[79.75849,10.98354],[79.74729,10.98836],[79.74863,11.00324],[79.78647,10.99729],[79.79771,10.98255],[79.81517,11.00377],[79.8206,10.99821],[79.8402,11.00212],[79.85436,10.98332],[79.85654,11.17141],[79.83463,11.3218],[79.84309,11.35117],[79.83212,11.35656],[79.80742,11.44414],[79.76865,11.51485],[79.75725,11.55751],[79.76096,11.6238],[79.79576,11.7855],[79.77187,11.78223],[79.76585,11.79187],[79.75504,11.77528],[79.71229,11.79155],[79.72276,11.79653],[79.72446,11.81049],[79.73566,11.80937],[79.72938,11.837],[79.73814,11.83696],[79.73667,11.84425],[79.76437,11.83378],[79.76775,11.82275],[79.78016,11.83189],[79.79747,11.8246],[79.79822,11.83874],[79.807,11.83358]],[[79.68567,11.81255],[79.68963,11.80214],[79.68131,11.79632],[79.67587,11.81435],[79.68567,11.81255]],[[79.70035,11.82166],[79.7026,11.81347],[79.69196,11.81417],[79.69256,11.82248],[79.70035,11.82166]],[[79.69944,11.86819],[79.69598,11.86039],[79.69715,11.87404],[79.69944,11.86819]],[[79.79251,12.01801],[79.78929,12.02769],[79.80531,12.02454],[79.79251,12.01801]],[[79.65359,11.84297],[79.67123,11.81485],[79.64796,11.81542],[79.64095,11.82285],[79.64594,11.84227],[79.65359,11.84297]],[[79.61844,11.88526],[79.62491,11.89077],[79.6345,11.88098],[79.63478,11.88877],[79.64112,11.88661],[79.64854,11.87053],[79.66267,11.8673],[79.65783,11.8527],[79.62685,11.85428],[79.62849,11.86979],[79.60197,11.8578],[79.59933,11.88295],[79.60817,11.87687],[79.61844,11.88526]],[[79.68696,11.96785],[79.67654,11.94848],[79.65878,11.95002],[79.65279,11.9578],[79.65998,11.95836],[79.66216,11.96909],[79.68649,11.97321],[79.68696,11.96785]],[[79.6373,11.98098],[79.64832,11.96733],[79.64269,11.94212],[79.65736,11.94806],[79.67054,11.92982],[79.65589,11.90794],[79.6321,11.90127],[79.62527,11.90305],[79.62832,11.91958],[79.61787,11.93605],[79.62849,11.94518],[79.62747,11.96808],[79.61852,11.96994],[79.62435,11.98178],[79.61711,11.98957],[79.62359,11.98928],[79.62614,11.99961],[79.61884,12.00194],[79.62924,12.01869],[79.62639,12.0319],[79.65136,12.0223],[79.63645,11.99804],[79.6373,11.98098]],[[79.69649,12.03537],[79.70477,12.03198],[79.70281,12.01107],[79.7196,11.99217],[79.68541,11.99162],[79.68083,11.98334],[79.67385,11.99505],[79.65694,11.99156],[79.66136,12.0123],[79.67223,12.0097],[79.67648,12.02157],[79.69649,12.03537]]]]}},{"type":"Feature","properties":{"shapeName":"Chhattīsgarh","shapeISO":"IN-CT","shapeType":"ADM1"},"geometry":{"type":"Polygon","coordinates":[[[80.27289,18.72299],[80.30029,18.69119],[80.31717,18.64305],[80.34583,18.59547],[80.37366,18.61157],[80.38951,18.59815],[80.4546,18.63027],[80.46401,18.62485],[80.48698,18.63195],[80.51473,18.61938],[80.5345,18.58837],[80.5998,18.55307],[80.61842,18.5276],[80.63764,18.52255],[80.63705,18.50477],[80.65528,18.4759],[80.70541,18.43968],[80.69831,18.43766],[80.69895,18.42143],[80.71829,18.40973],[80.73484,18.41286],[80.71959,18.39113],[80.74763,18.33],[80.74898,18.30829],[80.78034,18.26635],[80.79414,18.25934],[80.79174,18.25093],[80.73719,18.22211],[80.73683,18.17722],[80.74494,18.17033],[80.79911,18.17155],[80.82407,18.19441],[80.82359,18.23945],[80.83672,18.2423],[80.86594,18.2335],[80.87261,18.21395],[80.85291,18.20538],[80.86667,18.1403],[80.91417,18.14455],[80.95766,18.17693],[80.97903,18.17879],[80.97874,18.15418],[80.95551,18.13243],[80.94926,18.08624],[80.96966,18.04777],[80.96426,18.04152],[80.97962,18.00665],[80.9984,17.91677],[80.99644,17.84906],[81.00824,17.79828],[81.04661,17.78236],[81.07326,17.7865],[81.10244,17.81608],[81.16613,17.85765],[81.26535,17.81113],[81.35449,17.81331],[81.39335,17.79467],[81.39607,17.81995],[81.3918,17.81545],[81.38836,17.82544],[81.40332,17.84972],[81.39426,17.86931],[81.39925,17.89195],[81.41154,17.8952],[81.43532,17.88085],[81.44462,17.88578],[81.45281,17.90759],[81.4491,17.93196],[81.48293,17.97685],[81.4808,18.05136],[81.51328,18.10004],[81.51336,18.13948],[81.5258,18.15343],[81.50699,18.18623],[81.53043,18.24031],[81.52546,18.25813],[81.53734,18.26935],[81.56431,18.27523],[81.59758,18.30894],[81.61652,18.30738],[81.66221,18.32125],[81.64965,18.33693],[81.65912,18.34659],[81.75028,18.35363],[81.76953,18.41894],[81.85473,18.49029],[81.86823,18.52495],[81.87966,18.52527],[81.88925,18.53819],[81.90917,18.53794],[81.90139,18.54864],[81.90898,18.55297],[81.91067,18.57066],[81.95055,18.57005],[81.96362,18.59047],[81.93691,18.6056],[81.92773,18.62004],[81.89474,18.62915],[81.89375,18.65749],[81.90087,18.6614],[81.92171,18.64294],[81.94893,18.64374],[81.95506,18.66425],[81.96913,18.67342],[81.96073,18.68866],[81.97097,18.69866],[82.0309,18.72381],[82.06275,18.71905],[82.0674,18.72653],[82.08496,18.71862],[82.09156,18.76576],[82.1334,18.76539],[82.13347,18.78047],[82.15734,18.78551],[82.16542,18.79865],[82.1565,18.80436],[82.16613,18.8141],[82.16027,18.8199],[82.16894,18.83605],[82.16018,18.86142],[82.16735,18.87365],[82.16039,18.87894],[82.17671,18.88727],[82.17613,18.9027],[82.21828,18.92254],[82.23694,18.91426],[82.24603,18.91914],[82.23274,19.01796],[82.20224,19.06667],[82.2184,19.0973],[82.20489,19.09717],[82.2058,19.12416],[82.18251,19.13134],[82.17395,19.11825],[82.16608,19.13272],[82.17572,19.13869],[82.17153,19.15023],[82.18091,19.15084],[82.16964,19.16102],[82.17814,19.15597],[82.18612,19.16637],[82.17603,19.17211],[82.18203,19.17419],[82.17512,19.18184],[82.18054,19.19104],[82.16169,19.20227],[82.16875,19.21297],[82.15783,19.22752],[82.15841,19.26519],[82.18121,19.32341],[82.1941,19.32596],[82.17863,19.34336],[82.14878,19.35275],[82.14709,19.36536],[82.15325,19.37704],[82.17191,19.37264],[82.17882,19.37908],[82.18943,19.42755],[82.17148,19.43721],[82.12613,19.42911],[82.11337,19.46008],[82.10281,19.46613],[82.10795,19.4943],[82.09796,19.49895],[82.10024,19.51661],[82.07601,19.52365],[82.0654,19.51062],[82.02904,19.50769],[82.0507,19.54884],[82.03987,19.59766],[82.059,19.6282],[82.04474,19.7089],[82.05039,19.74585],[82.0636,19.75904],[82.06553,19.79068],[82.00964,19.80445],[81.99535,19.79687],[81.98594,19.80113],[81.96536,19.83692],[81.96812,19.85992],[81.89967,19.88722],[81.85315,19.9185],[81.8568,19.94755],[81.84501,19.95186],[81.84527,19.95955],[81.85535,19.9723],[81.87091,20.04419],[81.87597,20.05208],[81.8819,20.04436],[81.89527,20.04826],[81.926,20.09175],[81.94637,20.10515],[81.97588,20.08173],[81.99533,20.05359],[82.01767,20.04902],[82.02153,20.02375],[82.03255,20.01577],[82.03803,20.03016],[82.07045,20.05699],[82.08542,20.05076],[82.08944,20.03911],[82.10226,20.04009],[82.10318,20.03111],[82.12677,20.01484],[82.13979,20.01877],[82.17122,20.00556],[82.18424,19.98421],[82.20999,19.98627],[82.21656,19.9974],[82.23746,20.0035],[82.26916,19.97528],[82.30407,19.88919],[82.34531,19.83585],[82.36209,19.8525],[82.36083,19.86282],[82.37388,19.86035],[82.39485,19.88804],[82.41801,19.9041],[82.44597,19.91021],[82.4642,19.90087],[82.47288,19.90706],[82.49732,19.90415],[82.50545,19.88988],[82.5191,19.891],[82.53103,19.87844],[82.53489,19.88691],[82.54837,19.87573],[82.55594,19.88069],[82.60341,19.86701],[82.57577,19.83342],[82.57597,19.80824],[82.58467,19.80237],[82.58175,19.78323],[82.59179,19.77589],[82.60383,19.78841],[82.62695,19.79358],[82.65214,19.83219],[82.70731,19.83506],[82.72456,19.87556],[82.71403,19.87783],[82.70739,19.90206],[82.72024,19.94812],[82.71539,19.99475],[82.64251,20.00513],[82.62214,19.99071],[82.59672,19.98998],[82.55108,20.01619],[82.51007,20.01659],[82.47952,20.0366],[82.39921,20.05662],[82.39859,20.12224],[82.38671,20.14491],[82.39506,20.1511],[82.39092,20.16218],[82.41251,20.17998],[82.42174,20.20432],[82.4234,20.21932],[82.41066,20.24221],[82.42206,20.24754],[82.41134,20.26433],[82.43789,20.29343],[82.42992,20.30122],[82.43137,20.31286],[82.40028,20.34082],[82.42116,20.39283],[82.41656,20.40764],[82.43199,20.41669],[82.42965,20.42787],[82.43801,20.43421],[82.43441,20.44424],[82.42564,20.44536],[82.42705,20.46894],[82.41856,20.48035],[82.40948,20.46184],[82.39698,20.45817],[82.38956,20.51695],[82.35835,20.52811],[82.33212,20.56205],[82.35069,20.58139],[82.34695,20.60247],[82.36254,20.61029],[82.37654,20.63242],[82.36846,20.6496],[82.37418,20.66724],[82.35519,20.69299],[82.34979,20.70634],[82.35492,20.71836],[82.34564,20.7316],[82.35347,20.73585],[82.34262,20.76648],[82.34702,20.79636],[82.33953,20.84687],[82.35082,20.88952],[82.36467,20.88725],[82.36552,20.86943],[82.40638,20.86895],[82.42089,20.8303],[82.44028,20.83438],[82.4654,20.82777],[82.46544,20.84317],[82.48764,20.8604],[82.48808,20.90867],[82.56014,20.94673],[82.62934,21.03846],[82.61181,21.07369],[82.63065,21.07766],[82.65,21.10637],[82.63977,21.11525],[82.65284,21.12947],[82.63737,21.14464],[82.64047,21.15475],[82.6931,21.16565],[82.69961,21.1583],[82.72128,21.15758],[82.72109,21.16594],[82.7559,21.16691],[82.79379,21.14269],[82.80041,21.15585],[82.85098,21.16854],[82.85305,21.15941],[82.86587,21.16329],[82.8718,21.15739],[82.87646,21.16345],[82.88228,21.14833],[82.90221,21.1669],[82.93222,21.16316],[82.9378,21.16975],[82.94009,21.16084],[82.94779,21.16168],[82.94395,21.17776],[82.96504,21.19318],[82.96566,21.17524],[82.98819,21.18272],[82.98067,21.16993],[83.00338,21.16821],[82.98587,21.15094],[82.99043,21.13976],[83.00469,21.13686],[83.0161,21.14621],[83.04536,21.12391],[83.07792,21.11185],[83.13135,21.10575],[83.16702,21.13869],[83.17808,21.1352],[83.19821,21.14535],[83.22226,21.22863],[83.22203,21.26605],[83.2507,21.28229],[83.27095,21.27244],[83.27938,21.29487],[83.25762,21.31856],[83.26664,21.33077],[83.25807,21.33618],[83.27474,21.36419],[83.26884,21.3785],[83.28417,21.38024],[83.379,21.34447],[83.39195,21.34255],[83.40691,21.35204],[83.40749,21.36088],[83.39668,21.36718],[83.3987,21.40524],[83.37543,21.42832],[83.37305,21.44296],[83.354,21.44801],[83.338,21.50202],[83.3727,21.55801],[83.36509,21.576],[83.38269,21.62024],[83.38932,21.61749],[83.39258,21.62722],[83.44316,21.65548],[83.45088,21.65067],[83.4441,21.62393],[83.45259,21.62234],[83.45623,21.60992],[83.46599,21.60942],[83.47368,21.63242],[83.48974,21.63139],[83.48679,21.6433],[83.44947,21.6566],[83.41815,21.67986],[83.43217,21.69986],[83.46082,21.69763],[83.49067,21.74449],[83.47628,21.75165],[83.48186,21.76591],[83.46889,21.78733],[83.48501,21.79331],[83.49332,21.81816],[83.52397,21.79857],[83.54243,21.79844],[83.54148,21.82117],[83.53208,21.83161],[83.55179,21.84095],[83.57652,21.83142],[83.59092,21.85121],[83.57607,21.88297],[83.58616,21.90268],[83.60574,21.91409],[83.59048,21.92964],[83.55685,21.93528],[83.56169,21.94805],[83.53793,21.96932],[83.54337,21.99431],[83.55557,22.00698],[83.53648,22.02825],[83.54387,22.05691],[83.58684,22.04867],[83.60661,22.06663],[83.56337,22.09509],[83.56404,22.10523],[83.60784,22.15369],[83.62739,22.20373],[83.64965,22.22329],[83.65544,22.21998],[83.6659,22.23267],[83.70408,22.24666],[83.75789,22.24029],[83.75985,22.25115],[83.77572,22.25729],[83.77678,22.2698],[83.79236,22.27642],[83.79498,22.2859],[83.8265,22.29277],[83.82164,22.3128],[83.83008,22.32361],[83.85106,22.32645],[83.86422,22.3433],[83.89048,22.33649],[83.92343,22.35836],[83.94282,22.3547],[84.01044,22.37154],[84.00653,22.38216],[84.01353,22.39737],[84.03048,22.42659],[84.04739,22.43819],[84.0474,22.46918],[83.98008,22.50235],[83.97462,22.51208],[83.9972,22.53108],[84.01202,22.52738],[84.00281,22.54596],[84.00947,22.5731],[84.0244,22.59186],[84.05275,22.59587],[84.08398,22.63817],[84.15244,22.63686],[84.20016,22.66651],[84.22027,22.66726],[84.23808,22.6919],[84.23183,22.74189],[84.25984,22.76769],[84.28933,22.76629],[84.29791,22.79433],[84.31506,22.80071],[84.32419,22.851],[84.33599,22.86217],[84.37247,22.86532],[84.38312,22.89349],[84.37515,22.90456],[84.39637,22.92735],[84.37411,22.97913],[84.36497,22.97429],[84.32807,22.98196],[84.3076,22.96749],[84.28413,22.96345],[84.27397,22.98124],[84.27739,22.99298],[84.25352,22.9723],[84.24254,22.98338],[84.21918,22.97882],[84.20036,23.00616],[84.20164,23.02112],[84.18577,23.02715],[84.17543,23.00987],[84.17828,22.97985],[84.17183,22.97043],[84.14946,22.96543],[84.14692,22.99053],[84.12536,23.03698],[84.13343,23.08315],[84.11537,23.09008],[84.09348,23.11248],[84.06656,23.11049],[84.0324,23.15437],[84.0429,23.1827],[84.06332,23.20607],[84.0537,23.24735],[84.06746,23.2942],[84.06163,23.30737],[84.07473,23.33333],[84.05378,23.35264],[84.05096,23.37456],[84.0231,23.37801],[84.00568,23.35393],[83.97457,23.36294],[83.96337,23.37744],[83.98167,23.42233],[83.97098,23.46698],[84.01461,23.50356],[84.02803,23.54566],[84.03003,23.60005],[84.00768,23.62235],[84.01656,23.63443],[83.98062,23.63371],[83.98042,23.62494],[83.93188,23.62047],[83.93766,23.56905],[83.81535,23.59625],[83.8072,23.58752],[83.80062,23.60207],[83.77245,23.61095],[83.77511,23.622],[83.75942,23.62606],[83.75189,23.63872],[83.7611,23.65151],[83.72283,23.68592],[83.74209,23.70388],[83.74604,23.71955],[83.73771,23.76054],[83.72156,23.77154],[83.7226,23.78663],[83.70511,23.80392],[83.70532,23.82081],[83.69147,23.82647],[83.68279,23.81943],[83.66446,23.82771],[83.66846,23.83672],[83.65947,23.84931],[83.57116,23.86219],[83.56946,23.86913],[83.58573,23.88645],[83.55342,23.89812],[83.54736,23.93759],[83.51528,23.98074],[83.51378,23.9964],[83.52388,24.01143],[83.51569,24.02722],[83.45147,24.04278],[83.43726,24.05884],[83.43164,24.08599],[83.40662,24.08049],[83.38781,24.10002],[83.36422,24.10333],[83.34851,24.09621],[83.32147,24.10603],[83.28213,24.04975],[83.27912,24.01829],[83.26365,24.00926],[83.2426,24.0116],[83.24244,23.99719],[83.22362,23.98666],[83.22314,23.95816],[83.216,23.93792],[83.20383,23.92869],[83.20793,23.92141],[83.15949,23.9074],[83.14149,23.88494],[83.0819,23.87048],[83.05249,23.87955],[82.94789,23.87144],[82.92723,23.89231],[82.88472,23.90886],[82.837,23.95682],[82.80169,23.96169],[82.78696,23.94168],[82.75444,23.93423],[82.75236,23.91983],[82.69891,23.92497],[82.68436,23.91035],[82.66157,23.90768],[82.65104,23.88952],[82.66843,23.87183],[82.66045,23.85518],[82.64681,23.85918],[82.64712,23.84876],[82.63812,23.84802],[82.63532,23.83775],[82.5886,23.82148],[82.53306,23.82219],[82.54842,23.80859],[82.55146,23.79068],[82.53811,23.79429],[82.52338,23.78372],[82.49738,23.78494],[82.46579,23.81206],[82.39346,23.79994],[82.37394,23.81203],[82.33464,23.80258],[82.26059,23.82128],[82.2318,23.80535],[82.22549,23.82012],[82.2063,23.82745],[82.2153,23.84105],[82.20953,23.85278],[82.18084,23.83632],[82.17145,23.81828],[82.05271,23.81946],[82.0384,23.82687],[82.04416,23.84168],[82.00752,23.86179],[81.95778,23.85232],[81.92892,23.87075],[81.92044,23.87065],[81.90608,23.8461],[81.88814,23.83558],[81.8677,23.83418],[81.86306,23.82449],[81.83819,23.82113],[81.8228,23.80775],[81.79589,23.81492],[81.7911,23.80938],[81.72546,23.83986],[81.73196,23.85671],[81.70748,23.86116],[81.7073,23.88239],[81.69042,23.88479],[81.68753,23.90651],[81.6723,23.91342],[81.66857,23.92499],[81.63217,23.90585],[81.609,23.90323],[81.60422,23.88178],[81.62219,23.87027],[81.60317,23.85374],[81.61322,23.83451],[81.63582,23.83454],[81.65143,23.79909],[81.64465,23.77016],[81.68184,23.75333],[81.68675,23.74753],[81.67845,23.7394],[81.6959,23.72135],[81.68406,23.69095],[81.65554,23.68205],[81.65516,23.66317],[81.64453,23.65721],[81.61455,23.66295],[81.62032,23.65146],[81.6065,23.6139],[81.61196,23.59528],[81.58969,23.59606],[81.57667,23.58537],[81.58401,23.55361],[81.6103,23.55511],[81.61631,23.53078],[81.61139,23.51256],[81.62704,23.48206],[81.64415,23.48187],[81.66234,23.51398],[81.6589,23.52903],[81.6681,23.53298],[81.69963,23.52205],[81.72251,23.54333],[81.72522,23.5569],[81.74662,23.56983],[81.75825,23.5499],[81.80905,23.54937],[81.82067,23.51527],[81.83641,23.51094],[81.86367,23.51761],[81.87559,23.51275],[81.90786,23.53537],[81.92327,23.53269],[81.94233,23.50572],[81.95768,23.5004],[81.95498,23.4672],[81.98039,23.44707],[81.98388,23.42931],[81.97673,23.42383],[81.98532,23.41453],[81.99967,23.42159],[82.00954,23.41203],[82.02546,23.42492],[82.03274,23.41002],[82.02383,23.40871],[82.02905,23.40024],[82.02188,23.38736],[82.0323,23.38245],[82.03683,23.38877],[82.05599,23.37682],[82.06405,23.39297],[82.1034,23.39827],[82.11375,23.38419],[82.1101,23.36321],[82.11712,23.3555],[82.14573,23.36122],[82.16371,23.33471],[82.19394,23.32388],[82.19937,23.31347],[82.19336,23.278],[82.17434,23.26874],[82.16731,23.24621],[82.16048,23.24714],[82.14482,23.22741],[82.15368,23.20923],[82.14299,23.18691],[82.14892,23.17577],[82.14421,23.16542],[82.16025,23.16153],[82.16134,23.14315],[82.13963,23.13202],[82.13724,23.11198],[82.1258,23.10398],[82.07014,23.11822],[82.03484,23.08044],[81.99112,23.08665],[81.96353,23.07592],[81.94224,23.079],[81.94684,23.06914],[81.92953,23.06168],[81.92149,23.04085],[81.95047,22.98296],[81.94629,22.95681],[81.91891,22.94658],[81.87823,22.90984],[81.8661,22.91584],[81.86948,22.89454],[81.86161,22.88929],[81.77567,22.87447],[81.77651,22.85167],[81.76133,22.83032],[81.78176,22.81098],[81.78357,22.77922],[81.79438,22.76649],[81.75225,22.72671],[81.77161,22.67644],[81.76852,22.66426],[81.75456,22.64643],[81.74659,22.64831],[81.752,22.6544],[81.74298,22.67257],[81.72864,22.67647],[81.71313,22.64812],[81.6833,22.64694],[81.64724,22.6133],[81.64547,22.58448],[81.65782,22.58447],[81.65992,22.56949],[81.64276,22.55975],[81.62901,22.56339],[81.62193,22.53805],[81.59996,22.53529],[81.59182,22.54525],[81.56954,22.55076],[81.56274,22.54239],[81.57002,22.5323],[81.54607,22.52761],[81.52222,22.53904],[81.51823,22.51983],[81.5093,22.52609],[81.49664,22.51955],[81.4847,22.48786],[81.44259,22.49438],[81.45107,22.48663],[81.44253,22.47923],[81.45087,22.47862],[81.44661,22.46979],[81.45892,22.46932],[81.44736,22.46591],[81.4392,22.48215],[81.42783,22.47984],[81.42277,22.47008],[81.42869,22.45692],[81.40669,22.44098],[81.3964,22.44011],[81.39005,22.45229],[81.38204,22.50985],[81.3543,22.51129],[81.32652,22.52617],[81.31757,22.51434],[81.32279,22.48919],[81.31372,22.48295],[81.28126,22.50298],[81.27328,22.49321],[81.26212,22.49329],[81.26192,22.4722],[81.23218,22.45218],[81.20015,22.46281],[81.19562,22.49064],[81.17268,22.48793],[81.15511,22.45494],[81.127,22.44925],[81.11115,22.4376],[81.10365,22.38339],[81.1212,22.34262],[81.11354,22.32415],[81.11871,22.29129],[81.10185,22.27833],[81.09152,22.24903],[81.07954,22.2394],[81.0726,22.2484],[81.05005,22.24458],[81.01945,22.22121],[81.03163,22.19968],[81.03066,22.18743],[81.01665,22.18555],[81.02674,22.16642],[81.0219,22.13275],[80.99461,22.13553],[80.97796,22.12265],[80.98095,22.11024],[80.99047,22.11358],[81.01133,22.09559],[81.00144,22.08352],[81.0091,22.07092],[81.00526,22.06157],[80.99487,22.05863],[80.99438,22.04927],[80.97003,22.05743],[80.97178,22.08504],[80.94757,22.11829],[80.92194,22.11997],[80.90793,22.1096],[80.8968,22.06437],[80.8827,22.05906],[80.87588,22.01347],[80.85674,21.96486],[80.84754,21.95576],[80.82557,21.95836],[80.82876,21.94791],[80.84576,21.94226],[80.83183,21.89035],[80.85296,21.87266],[80.84222,21.86486],[80.85248,21.85423],[80.83916,21.84815],[80.84474,21.82931],[80.83859,21.80035],[80.8167,21.76175],[80.81973,21.74805],[80.78543,21.74033],[80.77818,21.75477],[80.7561,21.76218],[80.74093,21.74456],[80.73205,21.71369],[80.72614,21.71369],[80.73413,21.69453],[80.71597,21.67475],[80.71438,21.66157],[80.71928,21.64539],[80.72684,21.64565],[80.73094,21.61737],[80.71704,21.60299],[80.71535,21.58507],[80.72891,21.5726],[80.71999,21.55502],[80.74078,21.53925],[80.72759,21.49622],[80.73743,21.47132],[80.72439,21.44521],[80.70573,21.43091],[80.70654,21.41158],[80.67777,21.34883],[80.66004,21.33411],[80.68159,21.31348],[80.67959,21.29875],[80.66126,21.29098],[80.64386,21.25139],[80.61484,21.22716],[80.5876,21.22201],[80.55949,21.20202],[80.52965,21.20524],[80.515,21.18294],[80.5026,21.18523],[80.47863,21.17059],[80.46428,21.17494],[80.44473,21.12189],[80.45821,21.11378],[80.44782,21.11233],[80.43916,21.09647],[80.45266,21.03873],[80.42424,21.00963],[80.44379,20.99394],[80.44537,20.97053],[80.46371,20.9291],[80.54608,20.93491],[80.54179,20.92382],[80.55613,20.8891],[80.56183,20.82426],[80.54919,20.79594],[80.55168,20.76397],[80.56274,20.74742],[80.56523,20.71051],[80.5875,20.68592],[80.58012,20.67281],[80.51999,20.65647],[80.48102,20.61839],[80.50441,20.58338],[80.52093,20.5805],[80.58076,20.60839],[80.63187,20.59828],[80.61735,20.58564],[80.62659,20.5637],[80.61528,20.54978],[80.61963,20.50453],[80.61261,20.46181],[80.60218,20.44984],[80.61365,20.43486],[80.59148,20.39295],[80.61075,20.37509],[80.6261,20.33614],[80.61053,20.31828],[80.54959,20.30884],[80.51884,20.26604],[80.4808,20.27496],[80.45164,20.25809],[80.39527,20.24487],[80.40485,20.2186],[80.4222,20.20581],[80.42101,20.19604],[80.40069,20.18959],[80.38854,20.16507],[80.40182,20.14727],[80.4336,20.13526],[80.45543,20.13795],[80.46015,20.15096],[80.50559,20.14447],[80.55207,20.11799],[80.54402,20.09551],[80.55683,20.07175],[80.54258,20.01063],[80.54962,19.98583],[80.53766,19.97366],[80.53893,19.95176],[80.52992,19.93934],[80.50571,19.92821],[80.48877,19.93048],[80.47318,19.95082],[80.45217,19.95747],[80.43201,19.94146],[80.41126,19.93836],[80.40796,19.91258],[80.41389,19.90732],[80.44985,19.89632],[80.45292,19.90438],[80.46862,19.90759],[80.49143,19.90204],[80.50585,19.87052],[80.48631,19.86347],[80.46909,19.82689],[80.44073,19.8102],[80.4021,19.81665],[80.40769,19.80586],[80.40173,19.79614],[80.42416,19.79919],[80.4493,19.7898],[80.46426,19.7958],[80.48905,19.77027],[80.48499,19.80234],[80.46889,19.81031],[80.48058,19.82753],[80.52021,19.83175],[80.5463,19.81829],[80.54265,19.77978],[80.55264,19.76541],[80.57149,19.75908],[80.58647,19.74116],[80.64013,19.72534],[80.65429,19.70842],[80.67641,19.69941],[80.67659,19.65246],[80.6629,19.6236],[80.66537,19.61174],[80.71468,19.61657],[80.74087,19.6061],[80.76977,19.58658],[80.76739,19.57482],[80.77549,19.56243],[80.78984,19.56036],[80.81654,19.57118],[80.83598,19.56637],[80.85667,19.52304],[80.87361,19.51877],[80.88414,19.52626],[80.89543,19.51973],[80.89836,19.48181],[80.87464,19.44521],[80.84226,19.44688],[80.81343,19.4336],[80.81181,19.40716],[80.82802,19.38009],[80.85299,19.36386],[80.80528,19.32714],[80.77515,19.31436],[80.75705,19.28959],[80.71082,19.2816],[80.68978,19.28682],[80.69344,19.3146],[80.68002,19.33018],[80.63164,19.30701],[80.61269,19.30936],[80.59003,19.3518],[80.5918,19.37594],[80.57321,19.40231],[80.54429,19.38373],[80.52045,19.34762],[80.48251,19.33797],[80.44614,19.26401],[80.39385,19.24484],[80.38413,19.21575],[80.39398,19.18763],[80.33325,19.14536],[80.32759,19.13495],[80.33967,19.09995],[80.32799,19.09489],[80.3297,19.06994],[80.29736,19.04884],[80.30314,19.02199],[80.2733,18.99295],[80.27086,18.93844],[80.32731,18.87973],[80.3495,18.84804],[80.35445,18.82659],[80.35035,18.81487],[80.29994,18.79448],[80.27604,18.76611],[80.24525,18.7655],[80.24431,18.75626],[80.27289,18.72299]]]}},{"type":"Feature","properties":{"shapeName":"Gujarāt","shapeISO":"IN-GJ","shapeType":"ADM1"},"geometry":{"type":"MultiPolygon","coordinates":[[[[71.52999,20.90401],[71.52572,20.90353],[71.5325,20.90281],[71.52999,20.90401]]],[[[71.51786,20.912],[71.50998,20.90377],[71.52457,20.90479],[71.51786,20.912]]],[[[72.34313,22.02297],[72.30141,21.98617],[72.29258,21.96484],[72.31081,21.84098],[72.32264,21.81781],[72.35481,21.79724],[72.38934,21.81913],[72.39926,21.88176],[72.43915,21.9298],[72.44462,21.96876],[72.43085,21.99909],[72.40222,22.02199],[72.36884,22.02913],[72.34313,22.02297]]],[[[72.96161,20.20875],[72.96564,20.22477],[72.95396,20.23688],[72.93086,20.24274],[72.91186,20.26895],[72.91697,20.28126],[72.93694,20.2947],[72.96277,20.2712],[72.97328,20.27027],[72.98188,20.27652],[72.98128,20.28977],[73.01012,20.2911],[73.00775,20.31242],[73.01723,20.30895],[73.01615,20.29355],[73.03469,20.29136],[73.04258,20.32502],[73.06726,20.32941],[73.07761,20.32295],[73.09084,20.34479],[73.08999,20.35836],[73.09677,20.36034],[73.11178,20.33692],[73.10142,20.30279],[73.12484,20.30394],[73.12937,20.31743],[73.15141,20.31719],[73.16618,20.30941],[73.16715,20.28847],[73.15815,20.28023],[73.15172,20.29052],[73.14562,20.28648],[73.14249,20.27383],[73.13165,20.27366],[73.12686,20.25942],[73.0981,20.23927],[73.09791,20.22754],[73.07063,20.23191],[73.06022,20.22326],[73.04906,20.20078],[73.05979,20.19385],[73.06049,20.16182],[73.07092,20.1555],[73.07954,20.17316],[73.09052,20.16032],[73.11532,20.15181],[73.11943,20.16813],[73.14212,20.17729],[73.13324,20.20569],[73.15743,20.19827],[73.16854,20.20815],[73.1782,20.19256],[73.19197,20.19735],[73.21797,20.18585],[73.20616,20.16253],[73.18992,20.16419],[73.18724,20.12937],[73.21066,20.12045],[73.22487,20.13996],[73.22494,20.12357],[73.25012,20.12308],[73.25399,20.13776],[73.2782,20.14866],[73.28324,20.1981],[73.29949,20.20947],[73.34345,20.19947],[73.3569,20.2129],[73.3614,20.20725],[73.35322,20.20138],[73.36545,20.19547],[73.36641,20.20388],[73.38401,20.21147],[73.38946,20.19272],[73.41657,20.1982],[73.42148,20.20646],[73.41077,20.2385],[73.41768,20.24279],[73.41221,20.26543],[73.42776,20.28003],[73.41387,20.32563],[73.41853,20.33043],[73.40652,20.38313],[73.3848,20.37119],[73.37984,20.3934],[73.39599,20.39623],[73.41408,20.41613],[73.41964,20.41296],[73.43107,20.45431],[73.46773,20.49638],[73.4697,20.51983],[73.49385,20.53818],[73.47533,20.54351],[73.47327,20.58463],[73.431,20.59414],[73.42022,20.62724],[73.40727,20.62389],[73.40694,20.63542],[73.39204,20.64597],[73.4337,20.66802],[73.43219,20.67728],[73.44421,20.68115],[73.44839,20.69222],[73.44088,20.69966],[73.44959,20.71755],[73.47471,20.7203],[73.49033,20.6863],[73.48633,20.67508],[73.47862,20.67658],[73.4893,20.65565],[73.49568,20.65353],[73.50439,20.6708],[73.51799,20.66756],[73.52066,20.67873],[73.55094,20.64845],[73.56937,20.65149],[73.59957,20.63682],[73.62234,20.61416],[73.62757,20.58387],[73.65239,20.56448],[73.6696,20.5632],[73.69543,20.57847],[73.73239,20.57434],[73.74465,20.56477],[73.76052,20.57331],[73.77642,20.60081],[73.79133,20.6052],[73.79846,20.5986],[73.83836,20.62055],[73.83273,20.64873],[73.83909,20.65878],[73.83068,20.67503],[73.81732,20.67178],[73.81206,20.6922],[73.83547,20.7021],[73.85521,20.69221],[73.87429,20.72957],[73.91719,20.72489],[73.94225,20.74232],[73.94136,20.75825],[73.93192,20.76055],[73.93201,20.80887],[73.94412,20.82374],[73.9413,20.84018],[73.92357,20.85122],[73.92557,20.88835],[73.91738,20.90763],[73.88804,20.93344],[73.89215,20.95555],[73.90782,20.95958],[73.90114,20.98215],[73.86886,20.98511],[73.79995,21.03856],[73.79535,21.04432],[73.81073,21.05929],[73.80758,21.08463],[73.78015,21.06433],[73.72974,21.08224],[73.74357,21.11499],[73.72948,21.09968],[73.70529,21.10824],[73.70291,21.1182],[73.68874,21.1006],[73.67699,21.10837],[73.65168,21.10741],[73.64616,21.12106],[73.61824,21.11827],[73.61169,21.1379],[73.61741,21.14252],[73.6049,21.14384],[73.59857,21.15645],[73.57829,21.1503],[73.58305,21.16084],[73.57719,21.17058],[73.6065,21.17867],[73.60757,21.1588],[73.62905,21.15474],[73.62721,21.14317],[73.63442,21.1407],[73.66473,21.14712],[73.66755,21.15455],[73.70159,21.15356],[73.70114,21.14613],[73.71878,21.13957],[73.73302,21.14216],[73.73693,21.15306],[73.72832,21.16175],[73.74014,21.17104],[73.77215,21.16456],[73.78475,21.18391],[73.81569,21.17388],[73.82572,21.18696],[73.82587,21.19994],[73.81526,21.19716],[73.81055,21.20742],[73.81163,21.23103],[73.82829,21.23979],[73.82269,21.27067],[73.84976,21.27464],[73.87943,21.26577],[73.94199,21.29908],[73.94899,21.35098],[73.93875,21.40484],[73.9593,21.39534],[73.97026,21.39763],[73.97673,21.41175],[73.98227,21.40783],[74.00267,21.42134],[74.04467,21.41912],[74.04557,21.44601],[74.06126,21.46182],[74.06309,21.47457],[74.07281,21.4687],[74.07235,21.45696],[74.09463,21.45566],[74.10071,21.44764],[74.11632,21.45227],[74.12522,21.46658],[74.13378,21.46579],[74.13588,21.45606],[74.16098,21.46878],[74.18229,21.46912],[74.1877,21.4581],[74.20914,21.46206],[74.2142,21.48161],[74.23439,21.48222],[74.23562,21.46748],[74.25342,21.46758],[74.25578,21.47662],[74.304,21.48795],[74.30393,21.49938],[74.32064,21.49843],[74.32077,21.52905],[74.33058,21.53526],[74.33036,21.55275],[74.30307,21.55206],[74.29939,21.56851],[74.2761,21.56192],[74.27787,21.55329],[74.26842,21.55254],[74.26337,21.53983],[74.23597,21.53934],[74.22898,21.5541],[74.19534,21.53194],[74.18264,21.54224],[74.17582,21.56869],[74.16473,21.56881],[74.15518,21.56704],[74.154,21.55675],[74.13915,21.55532],[74.13665,21.54634],[74.11898,21.55621],[74.11306,21.54836],[74.10299,21.55611],[74.07223,21.54783],[74.05452,21.55858],[74.05409,21.54771],[74.04316,21.54227],[74.03787,21.55068],[74.02995,21.54541],[74.00522,21.55339],[73.99818,21.53869],[73.97401,21.54263],[73.98233,21.52182],[73.96616,21.52153],[73.95699,21.5408],[73.9518,21.51262],[73.9319,21.51198],[73.92599,21.52525],[73.91569,21.51913],[73.90524,21.52456],[73.90536,21.51569],[73.87797,21.50427],[73.8767,21.51168],[73.86448,21.51222],[73.87268,21.50633],[73.86939,21.50095],[73.85339,21.49729],[73.83477,21.52021],[73.81395,21.60071],[73.79176,21.60981],[73.78056,21.62851],[73.81431,21.64409],[73.83043,21.64229],[73.83863,21.633],[73.85197,21.6461],[73.87381,21.64723],[73.88796,21.65315],[73.89436,21.6759],[73.88297,21.71247],[73.86648,21.7189],[73.82408,21.76098],[73.83429,21.7749],[73.82886,21.78601],[73.83763,21.79001],[73.82735,21.79273],[73.83236,21.80149],[73.82642,21.81065],[73.80795,21.80985],[73.79565,21.82432],[73.80824,21.83755],[73.87115,21.84115],[73.8875,21.85454],[73.92957,21.86443],[74.05006,21.92619],[74.12826,21.94971],[74.14705,21.94842],[74.13988,21.96757],[74.14993,21.9751],[74.15064,21.98652],[74.11848,21.99887],[74.09805,21.99824],[74.09212,22.01498],[74.14015,22.04056],[74.13141,22.04801],[74.16003,22.0589],[74.16454,22.0829],[74.17863,22.08549],[74.16923,22.10058],[74.1526,22.10594],[74.12452,22.09778],[74.12899,22.12085],[74.12282,22.13561],[74.13403,22.16051],[74.1214,22.16752],[74.12249,22.21237],[74.10625,22.22024],[74.07221,22.21908],[74.06934,22.23262],[74.08722,22.24279],[74.07505,22.24748],[74.07451,22.26557],[74.05883,22.27454],[74.05242,22.29402],[74.072,22.3368],[74.06492,22.35446],[74.10542,22.37169],[74.11406,22.35722],[74.12553,22.35619],[74.12806,22.33299],[74.19019,22.32018],[74.19216,22.34652],[74.20266,22.34857],[74.20374,22.36647],[74.22418,22.35644],[74.22374,22.37988],[74.24334,22.37594],[74.2567,22.39949],[74.29106,22.39388],[74.26749,22.40548],[74.2704,22.41304],[74.25576,22.42892],[74.24764,22.41474],[74.23775,22.42201],[74.24401,22.43384],[74.21525,22.44133],[74.21341,22.43144],[74.20166,22.43444],[74.20295,22.46774],[74.19064,22.47586],[74.17977,22.46256],[74.18407,22.4415],[74.16048,22.43114],[74.14942,22.45563],[74.1341,22.44591],[74.12545,22.41724],[74.11945,22.4188],[74.09861,22.4421],[74.10439,22.46462],[74.08537,22.47017],[74.07566,22.46412],[74.07662,22.48362],[74.08639,22.47708],[74.08784,22.48254],[74.08289,22.50656],[74.05326,22.50859],[74.0409,22.48653],[74.03252,22.49183],[74.0297,22.50766],[74.03884,22.51558],[74.04117,22.54172],[74.07467,22.55133],[74.1014,22.53423],[74.11188,22.5396],[74.13313,22.52018],[74.15116,22.52135],[74.1504,22.52889],[74.17081,22.54733],[74.18941,22.55356],[74.18338,22.5667],[74.21015,22.56452],[74.23134,22.61176],[74.25335,22.62144],[74.25328,22.63419],[74.26367,22.64402],[74.31543,22.63393],[74.3293,22.64205],[74.37907,22.63457],[74.40179,22.73152],[74.43521,22.78227],[74.43376,22.80798],[74.46476,22.81637],[74.47657,22.85546],[74.46058,22.90794],[74.44694,22.92126],[74.43374,22.91249],[74.43327,22.91812],[74.41836,22.9173],[74.41055,22.91201],[74.41364,22.90624],[74.39324,22.89678],[74.33952,22.95283],[74.33938,22.96465],[74.36555,22.97591],[74.36426,22.9814],[74.34455,23.02876],[74.32214,23.041],[74.31974,23.07122],[74.28444,23.09321],[74.29299,23.11722],[74.28006,23.13184],[74.27274,23.15963],[74.24707,23.18436],[74.23369,23.17957],[74.20294,23.19024],[74.18862,23.17808],[74.18119,23.15158],[74.15545,23.15629],[74.1474,23.17291],[74.12781,23.17604],[74.12558,23.20418],[74.14078,23.22295],[74.13882,23.26598],[74.11556,23.27432],[74.10686,23.29367],[74.07178,23.29879],[74.03819,23.29337],[74.04488,23.30874],[74.03309,23.30592],[74.02483,23.32099],[74.02867,23.3316],[73.98195,23.33778],[73.98027,23.36282],[73.96237,23.38083],[73.93801,23.36785],[73.93566,23.33965],[73.89195,23.33404],[73.89268,23.3482],[73.87435,23.36359],[73.87298,23.37938],[73.8618,23.38355],[73.83026,23.42616],[73.82873,23.44762],[73.7863,23.43015],[73.77231,23.43774],[73.76771,23.45285],[73.75575,23.45424],[73.72083,23.41006],[73.7081,23.42224],[73.71166,23.43543],[73.69742,23.45659],[73.67394,23.45403],[73.64747,23.43637],[73.62723,23.44849],[73.64074,23.49633],[73.64963,23.49639],[73.65638,23.50738],[73.63309,23.5286],[73.63664,23.56452],[73.64969,23.56802],[73.64337,23.59429],[73.65567,23.62121],[73.6155,23.65204],[73.57267,23.65368],[73.5231,23.60682],[73.49378,23.63225],[73.50879,23.6443],[73.49662,23.64907],[73.5039,23.65663],[73.50741,23.70296],[73.47354,23.70515],[73.47143,23.71965],[73.44923,23.73473],[73.44776,23.75279],[73.42435,23.76155],[73.41804,23.77672],[73.40027,23.78497],[73.37079,23.76517],[73.35186,23.79131],[73.36793,23.81415],[73.36773,23.83938],[73.35386,23.85277],[73.36114,23.87261],[73.38748,23.91582],[73.40653,23.91642],[73.42084,23.93074],[73.41325,23.93908],[73.41497,23.9857],[73.39862,23.98997],[73.40801,24.00801],[73.40471,24.04095],[73.36088,24.0812],[73.36201,24.10457],[73.34711,24.10671],[73.33836,24.09874],[73.32634,24.10956],[73.31672,24.05354],[73.2967,24.04387],[73.28244,24.01921],[73.26534,24.02023],[73.2428,24.0022],[73.22939,24.02202],[73.19316,24.0409],[73.21395,24.07759],[73.15893,24.09823],[73.15355,24.11269],[73.12523,24.12477],[73.06745,24.1946],[73.07928,24.20501],[73.07847,24.21928],[73.09713,24.23099],[73.08792,24.23373],[73.09536,24.24925],[73.12546,24.27334],[73.13545,24.30834],[73.16923,24.30021],[73.17636,24.33779],[73.18167,24.34323],[73.19857,24.33184],[73.21927,24.36381],[73.19853,24.37682],[73.17072,24.35573],[73.15204,24.35426],[73.11166,24.37347],[73.10003,24.39029],[73.08751,24.38654],[73.07651,24.39651],[73.10284,24.43291],[73.10183,24.47072],[73.09114,24.47501],[73.0959,24.49003],[73.08724,24.49795],[73.03459,24.46415],[73.00323,24.46665],[73.00099,24.48345],[72.99111,24.4778],[72.96779,24.4506],[72.98099,24.43403],[72.94929,24.39809],[72.97438,24.38266],[72.97513,24.3687],[72.91074,24.33712],[72.89116,24.35688],[72.84977,24.37195],[72.81479,24.37013],[72.80584,24.36284],[72.73087,24.3642],[72.68915,24.41163],[72.67978,24.44283],[72.68751,24.4525],[72.68337,24.46378],[72.65633,24.46212],[72.57595,24.47875],[72.53896,24.51951],[72.53351,24.5037],[72.52007,24.50029],[72.50443,24.45826],[72.49319,24.45898],[72.50035,24.41694],[72.45725,24.41469],[72.45147,24.442],[72.43379,24.46],[72.43023,24.48007],[72.44145,24.51496],[72.41634,24.52106],[72.38862,24.50762],[72.3797,24.51229],[72.37014,24.54363],[72.35374,24.56365],[72.33095,24.5692],[72.329,24.5523],[72.29482,24.54669],[72.28572,24.56514],[72.26483,24.56017],[72.24641,24.58549],[72.27605,24.60734],[72.2974,24.60886],[72.31366,24.59383],[72.33609,24.59861],[72.34738,24.62841],[72.33545,24.63319],[72.32021,24.61768],[72.30498,24.61744],[72.27367,24.62826],[72.27085,24.63746],[72.25468,24.62478],[72.23036,24.6405],[72.21668,24.62679],[72.19474,24.62292],[72.19658,24.61462],[72.16482,24.62118],[72.15027,24.64355],[72.12456,24.6385],[72.08983,24.65858],[72.08615,24.67747],[72.09276,24.68183],[72.08521,24.7063],[72.06132,24.712],[72.01249,24.69047],[71.99384,24.69494],[71.9838,24.68578],[71.98824,24.65741],[71.93988,24.63369],[71.92551,24.63592],[71.91545,24.64939],[71.91166,24.65844],[71.92033,24.66404],[71.91862,24.672],[71.90751,24.67744],[71.88824,24.67202],[71.87176,24.68165],[71.85777,24.6664],[71.86536,24.63056],[71.85218,24.60924],[71.83784,24.62118],[71.80591,24.62663],[71.81039,24.65594],[71.79154,24.67722],[71.73649,24.66024],[71.70788,24.66166],[71.65538,24.63907],[71.64393,24.6438],[71.63876,24.65941],[71.60787,24.67696],[71.59036,24.66732],[71.5734,24.68393],[71.54188,24.67607],[71.52897,24.68513],[71.5027,24.68275],[71.47781,24.67954],[71.46172,24.66631],[71.44774,24.66826],[71.37738,24.62587],[71.35858,24.63089],[71.34782,24.66095],[71.3137,24.64798],[71.3043,24.62835],[71.28758,24.61584],[71.11201,24.67568],[71.09655,24.68942],[71.07417,24.66227],[71.00844,24.63555],[70.98631,24.59529],[70.99248,24.56383],[70.9874,24.54327],[71.00462,24.52323],[70.99848,24.44409],[71.03723,24.43235],[71.10297,24.43586],[71.12557,24.42022],[71.12171,24.4057],[71.08413,24.39452],[71.0492,24.35631],[71.02002,24.34778],[70.98577,24.36535],[70.94694,24.34847],[70.87402,24.29457],[70.87515,24.28053],[70.90679,24.25923],[70.87675,24.24536],[70.85164,24.24424],[70.82672,24.22641],[70.71355,24.21541],[70.66777,24.21925],[70.57108,24.25141],[70.58434,24.29007],[70.56179,24.35369],[70.58028,24.36304],[70.60255,24.40787],[70.5731,24.42204],[70.41165,24.37519],[70.36855,24.35069],[70.31631,24.34972],[70.2499,24.32424],[70.10999,24.29479],[70.06704,24.19907],[70.02516,24.171],[69.73152,24.1709],[69.59415,24.29282],[69.49142,24.2675],[69.44487,24.28011],[69.37486,24.26896],[69.31297,24.2813],[69.19383,24.23621],[69.0949,24.274],[69.00335,24.22304],[68.98464,24.2276],[68.965,24.27628],[68.94555,24.30258],[68.90692,24.27984],[68.8802,24.21654],[68.86473,24.21274],[68.85731,24.21427],[68.84758,24.23923],[68.84331,24.27798],[68.82624,24.31744],[68.76463,24.29589],[68.76927,24.26441],[68.75295,23.97117],[68.39041,23.96636],[68.37879,23.98426],[68.36775,23.98416],[68.33879,23.96622],[68.33194,23.92397],[68.28012,23.93065],[68.25205,23.89639],[68.20844,23.87501],[68.19786,23.83558],[68.20241,23.76611],[68.17224,23.696],[68.15725,23.68458],[68.10621,23.68091],[68.09382,23.6668],[68.09923,23.64426],[68.11931,23.6159],[68.14191,23.60127],[68.18654,23.592],[68.23092,23.59506],[68.26427,23.58574],[68.27112,23.59472],[68.28819,23.58792],[68.29931,23.59316],[68.30011,23.5828],[68.31014,23.57864],[68.32637,23.49609],[68.4161,23.48668],[68.44162,23.50573],[68.43646,23.53874],[68.45207,23.53755],[68.44776,23.52213],[68.45635,23.5114],[68.48037,23.5179],[68.41829,23.4727],[68.44303,23.47265],[68.4133,23.45995],[68.40966,23.44203],[68.39999,23.43842],[68.39977,23.4201],[68.41947,23.40634],[68.4498,23.43678],[68.44256,23.40237],[68.45926,23.39148],[68.45859,23.3672],[68.48731,23.36238],[68.48914,23.34961],[68.49063,23.36344],[68.50065,23.36939],[68.54969,23.3555],[68.56662,23.37343],[68.57645,23.37347],[68.58087,23.37089],[68.56459,23.36388],[68.55924,23.33848],[68.58763,23.33732],[68.60801,23.3256],[68.61962,23.3299],[68.61055,23.3209],[68.5824,23.32319],[68.58158,23.3131],[68.56986,23.31657],[68.57608,23.30317],[68.56187,23.31368],[68.54405,23.30078],[68.53216,23.28053],[68.53598,23.26136],[68.54421,23.25732],[68.54014,23.2483],[68.56553,23.24578],[68.55234,23.26314],[68.6013,23.25611],[68.61033,23.26628],[68.61245,23.28802],[68.63446,23.3005],[68.61812,23.28462],[68.62873,23.25492],[68.60589,23.23674],[68.59155,23.2423],[68.58093,23.23369],[68.63229,23.17031],[68.75947,23.07959],[68.80206,23.06432],[69.00549,22.94751],[69.00295,22.95815],[69.00681,22.95072],[69.0211,22.94985],[69.02391,22.94473],[69.00409,22.95176],[69.06308,22.91805],[69.06871,22.92656],[69.06886,22.91836],[69.07931,22.92107],[69.08289,22.91042],[69.07738,22.91034],[69.10787,22.89035],[69.10881,22.9002],[69.11143,22.89141],[69.12506,22.89337],[69.11769,22.891],[69.13052,22.87414],[69.17499,22.85124],[69.16598,22.85999],[69.19423,22.85166],[69.19588,22.83783],[69.22223,22.83599],[69.22827,22.84865],[69.24692,22.8384],[69.23207,22.84079],[69.23146,22.83487],[69.26796,22.82501],[69.3047,22.83757],[69.30174,22.83321],[69.34948,22.81992],[69.38127,22.81859],[69.44374,22.7799],[69.43428,22.78784],[69.47181,22.77356],[69.49475,22.77968],[69.47003,22.77627],[69.41827,22.81249],[69.45207,22.80813],[69.45739,22.81409],[69.4774,22.79534],[69.4829,22.8055],[69.49433,22.79673],[69.50473,22.79878],[69.50237,22.80924],[69.53087,22.7997],[69.53444,22.8084],[69.55692,22.80714],[69.56942,22.81569],[69.57601,22.81021],[69.57567,22.81755],[69.60596,22.80277],[69.61833,22.81207],[69.64053,22.80431],[69.64599,22.80982],[69.64747,22.79601],[69.71286,22.80573],[69.73032,22.82081],[69.76866,22.82623],[69.80071,22.85088],[69.87769,22.87399],[69.89879,22.87109],[69.9271,22.89585],[69.96229,22.89342],[69.95908,22.89911],[69.99959,22.90651],[69.9931,22.91137],[70.00735,22.90522],[70.00803,22.91294],[70.01073,22.90732],[70.07083,22.9245],[70.08027,22.91983],[70.08503,22.93265],[70.06141,22.93253],[70.07286,22.94316],[70.06401,22.94605],[70.05559,22.93783],[70.05128,22.94088],[70.05924,22.94889],[70.05178,22.94413],[70.05607,22.94826],[70.03584,22.95286],[70.05338,22.95057],[70.06302,22.95499],[70.06243,22.96641],[70.06843,22.95762],[70.09053,22.97017],[70.0835,22.9777],[70.09348,22.9715],[70.1078,22.97779],[70.13907,23.02627],[70.15907,23.03474],[70.14934,23.03683],[70.16477,23.05368],[70.16499,23.06724],[70.17222,23.05881],[70.17559,23.07004],[70.18306,23.06655],[70.18857,23.07374],[70.18068,23.07671],[70.19055,23.08566],[70.18494,23.0861],[70.20897,23.10826],[70.21583,23.1292],[70.22812,23.12769],[70.22459,23.13969],[70.2158,23.14178],[70.23756,23.13788],[70.24531,23.16346],[70.2338,23.16254],[70.2337,23.15575],[70.22787,23.16007],[70.24268,23.16449],[70.24243,23.17398],[70.24037,23.16824],[70.25808,23.16882],[70.26487,23.16166],[70.30887,23.18133],[70.29786,23.21001],[70.37155,23.21911],[70.40743,23.21771],[70.41749,23.21037],[70.42464,23.21652],[70.4312,23.21541],[70.42343,23.20673],[70.47553,23.19648],[70.50519,23.17663],[70.63586,23.18542],[70.64674,23.21383],[70.66672,23.22894],[70.69718,23.21145],[70.7117,23.2143],[70.71788,23.18922],[70.70361,23.17266],[70.71265,23.15482],[70.68433,23.14054],[70.68881,23.11729],[70.63824,23.08153],[70.62901,23.06283],[70.59652,23.06103],[70.60185,23.03462],[70.58722,23.03094],[70.57191,23.03751],[70.5614,23.02937],[70.54692,22.99724],[70.54136,22.95995],[70.53755,22.96512],[70.5121,22.96051],[70.47891,22.97523],[70.4623,22.96637],[70.43238,22.96743],[70.48001,22.93747],[70.51934,22.93495],[70.49672,22.93409],[70.49913,22.92263],[70.4967,22.93323],[70.48821,22.9343],[70.49827,22.91413],[70.48302,22.93539],[70.49027,22.92685],[70.48331,22.93224],[70.48361,22.91394],[70.49987,22.90368],[70.49401,22.8965],[70.48477,22.91285],[70.47979,22.90772],[70.48035,22.89755],[70.49018,22.89529],[70.49068,22.88028],[70.48968,22.89529],[70.47724,22.90593],[70.47276,22.88333],[70.48306,22.87876],[70.47243,22.8824],[70.4692,22.86874],[70.47696,22.86308],[70.46881,22.86769],[70.46209,22.84025],[70.46483,22.86072],[70.4528,22.84435],[70.45624,22.83583],[70.44945,22.84348],[70.43019,22.82514],[70.42378,22.82905],[70.42123,22.81865],[70.42306,22.82874],[70.41476,22.82754],[70.3829,22.79504],[70.40382,22.81525],[70.37723,22.8179],[70.40404,22.81603],[70.40702,22.82099],[70.39658,22.82182],[70.40709,22.82159],[70.40242,22.82792],[70.4098,22.82973],[70.39645,22.83346],[70.414,22.83398],[70.39137,22.8395],[70.41468,22.83424],[70.42716,22.84202],[70.39712,22.84568],[70.41402,22.84606],[70.40483,22.85201],[70.41558,22.85638],[70.40454,22.85933],[70.41238,22.87205],[70.38834,22.84966],[70.41606,22.87773],[70.42656,22.90437],[70.42023,22.91821],[70.40699,22.88265],[70.38296,22.87151],[70.412,22.89239],[70.41927,22.91855],[70.41132,22.9269],[70.41511,22.91344],[70.4001,22.88907],[70.41459,22.91309],[70.41082,22.92652],[70.40838,22.90907],[70.39176,22.8921],[70.40758,22.90898],[70.40924,22.92588],[70.39754,22.91847],[70.39871,22.90387],[70.39716,22.91823],[70.37611,22.90835],[70.30132,22.79829],[70.29249,22.76596],[70.24882,22.74698],[70.2189,22.718],[70.22499,22.70988],[70.21629,22.68983],[70.2224,22.6858],[70.21249,22.67792],[70.22313,22.67307],[70.21808,22.66526],[70.22345,22.66089],[70.20943,22.65855],[70.19383,22.64314],[70.20829,22.63905],[70.19164,22.62684],[70.19035,22.61029],[70.17665,22.60443],[70.18133,22.59426],[70.15726,22.59426],[70.15418,22.58455],[70.16392,22.58342],[70.15416,22.58122],[70.1516,22.57033],[70.1343,22.57417],[70.12529,22.55279],[70.05707,22.55651],[70.03942,22.56636],[70.01908,22.54634],[69.97554,22.54267],[69.98636,22.54095],[69.97868,22.52524],[69.9875,22.52999],[69.98384,22.52503],[69.99159,22.5239],[69.98241,22.52372],[69.98242,22.51308],[69.97712,22.527],[69.98459,22.54127],[69.97196,22.5399],[69.97496,22.53162],[69.9701,22.5391],[69.96049,22.5349],[69.96417,22.52999],[69.95537,22.52979],[69.96258,22.52633],[69.95295,22.52557],[69.95935,22.52281],[69.94674,22.52805],[69.95683,22.5171],[69.95091,22.51671],[69.95381,22.5092],[69.97138,22.52099],[69.97317,22.51457],[69.96949,22.51942],[69.96015,22.50955],[69.97039,22.51108],[69.97641,22.50335],[69.95602,22.50665],[69.97112,22.49989],[69.9488,22.50737],[69.94395,22.49983],[69.94903,22.5042],[69.94248,22.51216],[69.93484,22.50077],[69.93232,22.5146],[69.90547,22.49805],[69.93323,22.4868],[69.88962,22.49513],[69.91241,22.46735],[69.9264,22.46429],[69.91326,22.46423],[69.91915,22.45629],[69.91357,22.45153],[69.89717,22.47908],[69.88333,22.47637],[69.8997,22.46896],[69.91067,22.45274],[69.88235,22.47626],[69.87119,22.47104],[69.86441,22.4636],[69.87067,22.42773],[69.86402,22.46333],[69.82423,22.47293],[69.80352,22.463],[69.80565,22.44809],[69.82088,22.4323],[69.80555,22.42347],[69.79402,22.42354],[69.79205,22.43076],[69.77936,22.41622],[69.78859,22.43443],[69.77416,22.43362],[69.77927,22.44116],[69.76546,22.44659],[69.78144,22.44475],[69.78513,22.45857],[69.76459,22.47532],[69.75108,22.45956],[69.75376,22.41646],[69.75014,22.42901],[69.73967,22.432],[69.74771,22.43295],[69.74306,22.44173],[69.73288,22.44265],[69.74169,22.44621],[69.73484,22.44905],[69.74197,22.44849],[69.74373,22.45876],[69.73452,22.47003],[69.73669,22.4843],[69.73075,22.48438],[69.6962,22.45235],[69.69468,22.44251],[69.70546,22.43354],[69.69565,22.41272],[69.70222,22.39851],[69.66105,22.39614],[69.65542,22.35939],[69.63551,22.358],[69.62119,22.37165],[69.61741,22.34524],[69.60946,22.35237],[69.59772,22.34598],[69.57964,22.36717],[69.56138,22.35566],[69.56032,22.36698],[69.5405,22.37703],[69.49954,22.36614],[69.49073,22.33679],[69.44346,22.33039],[69.42298,22.31602],[69.36377,22.317],[69.35181,22.32666],[69.33278,22.32764],[69.34008,22.31249],[69.33152,22.30112],[69.3243,22.30265],[69.32204,22.29182],[69.29302,22.28673],[69.29224,22.27515],[69.24058,22.25819],[69.23365,22.24981],[69.23765,22.22252],[69.21288,22.21016],[69.21156,22.21927],[69.19525,22.22514],[69.19036,22.24345],[69.1786,22.21265],[69.16855,22.21462],[69.15651,22.19505],[69.13647,22.19536],[69.13385,22.22245],[69.15401,22.24854],[69.14854,22.25737],[69.16079,22.28406],[69.15686,22.3158],[69.16932,22.3333],[69.16342,22.34842],[69.17546,22.34769],[69.17746,22.35596],[69.16913,22.35397],[69.18099,22.37047],[69.16801,22.37333],[69.19986,22.39048],[69.20093,22.40123],[69.18772,22.40242],[69.19187,22.40986],[69.19669,22.40353],[69.18749,22.4131],[69.1948,22.42172],[69.17554,22.42268],[69.18249,22.41934],[69.16356,22.40406],[69.15659,22.40579],[69.16064,22.41197],[69.15058,22.39905],[69.13838,22.40135],[69.12123,22.37545],[69.12804,22.39492],[69.11055,22.40975],[69.09965,22.40804],[69.10346,22.39884],[69.08191,22.38801],[69.06089,22.38314],[69.06278,22.39073],[69.05338,22.38841],[69.04907,22.3977],[69.03571,22.39],[69.04688,22.423],[69.03953,22.44552],[69.05172,22.44562],[69.04581,22.44316],[69.04977,22.43757],[69.07415,22.45392],[69.08368,22.47439],[69.06818,22.48119],[69.05519,22.46625],[69.00731,22.44021],[68.98398,22.41193],[68.95737,22.36518],[68.9587,22.35494],[68.97133,22.35382],[68.97181,22.34564],[68.95913,22.35353],[68.95474,22.33447],[68.94301,22.3328],[68.93671,22.30532],[68.95914,22.25713],[68.95292,22.24979],[68.95828,22.2379],[68.97218,22.23804],[68.98252,22.22753],[68.99157,22.23485],[68.98538,22.22531],[68.99155,22.21683],[69.00266,22.22538],[68.99878,22.20943],[68.97107,22.23663],[68.96592,22.23408],[69.21724,21.95759],[69.28202,21.89553],[69.31956,21.87165],[69.32371,21.86099],[69.3718,21.82987],[69.39992,21.79667],[69.56626,21.65132],[69.5855,21.6371],[69.60274,21.63696],[69.70594,21.53685],[69.72212,21.53928],[69.70801,21.53458],[69.92361,21.29029],[70.05937,21.14502],[70.15882,21.05521],[70.32055,20.92772],[70.37019,20.89876],[70.37557,20.90289],[70.39273,20.89426],[70.44749,20.84826],[70.46942,20.83859],[70.47336,20.84355],[70.54207,20.80167],[70.54976,20.80774],[70.54571,20.81647],[70.5524,20.80785],[70.56189,20.81503],[70.56758,20.80942],[70.57495,20.81613],[70.58609,20.81337],[70.5859,20.79619],[70.54755,20.805],[70.61387,20.77144],[70.63425,20.76832],[70.64335,20.77951],[70.65497,20.77596],[70.65801,20.78466],[70.64829,20.76259],[70.67577,20.75699],[70.74296,20.71992],[70.78388,20.71328],[70.82158,20.69223],[70.83933,20.69037],[70.80903,20.70141],[70.80548,20.709],[70.81306,20.71849],[70.83046,20.7099],[70.83288,20.69782],[70.8456,20.70717],[70.87358,20.70421],[70.87814,20.72839],[70.9203,20.74285],[70.93859,20.73229],[70.96049,20.73658],[70.98108,20.72254],[70.99938,20.74188],[71.04996,20.73094],[71.07145,20.73502],[71.0798,20.73793],[71.08257,20.75332],[71.14889,20.75813],[71.14861,20.77125],[71.15813,20.77981],[71.20278,20.789],[71.20924,20.80072],[71.23204,20.80398],[71.32072,20.84686],[71.38441,20.85736],[71.37368,20.86833],[71.38134,20.87519],[71.39369,20.87516],[71.39769,20.86579],[71.43728,20.86911],[71.44955,20.88201],[71.47685,20.88982],[71.47979,20.90696],[71.49865,20.92137],[71.51136,20.94456],[71.5569,20.96993],[71.52962,20.94284],[71.57961,20.9539],[71.59662,20.96652],[71.61164,20.96715],[71.61066,20.97556],[71.61719,20.96803],[71.62943,20.96932],[71.63454,20.97394],[71.62911,20.98384],[71.64686,20.99533],[71.67738,20.99619],[71.71227,21.01944],[71.76221,21.02158],[71.78227,21.03172],[71.77344,21.03733],[71.74442,21.0319],[71.75345,21.04239],[71.74655,21.04604],[71.75771,21.0449],[71.75219,21.05946],[71.76558,21.05072],[71.77209,21.05547],[71.77597,21.03836],[71.8047,21.03964],[71.80288,21.04849],[71.78607,21.05504],[71.79617,21.04823],[71.81188,21.06786],[71.83721,21.07458],[71.82194,21.08053],[71.82329,21.09676],[71.8423,21.08907],[71.84288,21.09606],[71.85651,21.09686],[71.83916,21.07969],[71.84901,21.07731],[71.86094,21.08809],[71.87889,21.09003],[71.89173,21.11151],[71.97441,21.12282],[71.97134,21.12886],[71.99077,21.14234],[71.97858,21.1569],[71.99344,21.15903],[72.00948,21.18609],[72.02642,21.17891],[71.98893,21.13976],[72.00968,21.13458],[72.0081,21.1459],[72.01716,21.15362],[72.11239,21.19874],[72.08273,21.24502],[72.11153,21.29283],[72.1079,21.30236],[72.17174,21.3873],[72.21067,21.42092],[72.23541,21.4559],[72.26895,21.52269],[72.27748,21.56829],[72.27879,21.56276],[72.30863,21.62507],[72.29833,21.65945],[72.3048,21.66703],[72.29629,21.66269],[72.2801,21.69475],[72.25523,21.69347],[72.25376,21.68645],[72.22569,21.6946],[72.23157,21.70689],[72.21995,21.72962],[72.22329,21.73794],[72.19419,21.75],[72.17718,21.80363],[72.16228,21.80735],[72.19186,21.82665],[72.23553,21.81193],[72.24151,21.82367],[72.20425,21.89096],[72.20684,21.95136],[72.21204,21.96231],[72.24177,21.97566],[72.24801,22.00768],[72.22467,22.05747],[72.22952,22.06649],[72.25017,22.06787],[72.26947,22.05956],[72.30775,22.14556],[72.32351,22.14357],[72.3386,22.17674],[72.33611,22.20288],[72.35803,22.24763],[72.3621,22.29426],[72.3733,22.3158],[72.4186,22.30182],[72.42121,22.28018],[72.40337,22.25722],[72.4081,22.22959],[72.42726,22.20951],[72.46094,22.25649],[72.50034,22.27774],[72.51666,22.30556],[72.51578,22.32107],[72.55664,22.29531],[72.58033,22.30106],[72.65907,22.27893],[72.68203,22.28131],[72.68703,22.2718],[72.70185,22.28074],[72.73722,22.27532],[72.75582,22.23172],[72.84224,22.28211],[72.87201,22.28486],[72.8925,22.26718],[72.91068,22.26704],[72.90925,22.29802],[72.92819,22.31168],[72.93956,22.3093],[72.94896,22.29273],[72.93176,22.28874],[72.91329,22.24044],[72.87452,22.2205],[72.8443,22.23442],[72.80909,22.22359],[72.75817,22.17422],[72.70237,22.18398],[72.64823,22.21562],[72.60517,22.21301],[72.58042,22.19742],[72.56086,22.17276],[72.54373,22.12909],[72.50792,21.93421],[72.51506,21.88531],[72.55825,21.87889],[72.58299,21.89038],[72.58249,21.9184],[72.61357,21.94492],[72.63784,21.96062],[72.66696,21.95551],[72.64284,21.94171],[72.63177,21.91637],[72.6185,21.82544],[72.62223,21.80949],[72.59553,21.80403],[72.59967,21.79216],[72.61006,21.78904],[72.602,21.78967],[72.59479,21.77629],[72.57817,21.77446],[72.58497,21.77263],[72.57935,21.76421],[72.59706,21.74956],[72.54288,21.73356],[72.52779,21.67816],[72.55273,21.66159],[72.62375,21.68201],[72.65897,21.68],[72.66628,21.68641],[72.69294,21.67835],[72.72761,21.68597],[72.80725,21.65781],[72.80723,21.65104],[72.78642,21.6426],[72.75444,21.64603],[72.73103,21.63732],[72.70005,21.64546],[72.65079,21.61719],[72.63509,21.61819],[72.62552,21.5932],[72.61225,21.58521],[72.61396,21.55851],[72.63541,21.53531],[72.65199,21.53818],[72.65878,21.54903],[72.66451,21.53953],[72.68456,21.54421],[72.69752,21.5335],[72.73657,21.53878],[72.70575,21.52687],[72.65281,21.45995],[72.65103,21.4534],[72.66054,21.44983],[72.68047,21.45221],[72.6985,21.46474],[72.65226,21.38404],[72.65412,21.34612],[72.62753,21.3412],[72.62137,21.3243],[72.6078,21.32573],[72.59801,21.31726],[72.6004,21.28977],[72.61052,21.28065],[72.62231,21.24249],[72.64529,21.22506],[72.65741,21.22455],[72.65215,21.21459],[72.63812,21.211],[72.61875,21.11412],[72.62391,21.09079],[72.64815,21.07521],[72.66498,21.0996],[72.70208,21.09558],[72.69226,21.07833],[72.69632,21.06255],[72.72809,21.06677],[72.75451,21.05242],[72.7214,21.04845],[72.72788,21.00705],[72.75708,20.93231],[72.7651,20.92074],[72.78564,20.91597],[72.82877,20.8101],[72.83964,20.80367],[72.83598,20.78702],[72.85423,20.71478],[72.8903,20.6161],[72.898,20.57438],[72.90369,20.57587],[72.88301,20.53119],[72.88448,20.50231],[72.86854,20.49161],[72.85555,20.46748],[72.88807,20.46061],[72.89539,20.44421],[72.88777,20.43815],[72.87491,20.44548],[72.85732,20.41883],[72.87182,20.41379],[72.89326,20.42163],[72.90411,20.41488],[72.90266,20.4057],[72.88283,20.39775],[72.89666,20.37977],[72.87703,20.36971],[72.8443,20.37484],[72.82124,20.36766],[72.81,20.35365],[72.79298,20.35326],[72.77629,20.33396],[72.77286,20.30324],[72.75513,20.29158],[72.75279,20.2613],[72.74005,20.24312],[72.74969,20.20579],[72.73748,20.13482],[72.77522,20.13193],[72.79407,20.12272],[72.78901,20.14909],[72.80593,20.15434],[72.82441,20.14209],[72.81631,20.15644],[72.81603,20.1842],[72.83694,20.18822],[72.83088,20.19653],[72.83902,20.20889],[72.86118,20.20737],[72.85873,20.2245],[72.87049,20.22808],[72.8896,20.22],[72.89941,20.2276],[72.96161,20.20875]],[[72.96652,20.30053],[72.9528,20.31529],[72.96167,20.33227],[72.97856,20.33194],[72.98299,20.31852],[72.97154,20.2971],[72.96652,20.30053]]],[[[70.01922,22.59711],[69.99018,22.59681],[70.00005,22.57191],[69.98552,22.58868],[70.0017,22.55446],[70.03868,22.57363],[70.03721,22.58824],[70.01922,22.59711]]],[[[69.33812,22.37917],[69.33637,22.38666],[69.32342,22.38111],[69.33276,22.37263],[69.33812,22.37917]]],[[[69.63568,22.45223],[69.62522,22.45852],[69.60028,22.44715],[69.59041,22.43054],[69.63656,22.40554],[69.65686,22.42676],[69.63568,22.45223]]],[[[69.14663,22.47375],[69.12873,22.47525],[69.09403,22.46072],[69.09652,22.44098],[69.08451,22.42196],[69.1084,22.43678],[69.10737,22.45906],[69.11548,22.4666],[69.14212,22.46288],[69.1448,22.45026],[69.14663,22.47375]]],[[[69.8202,22.48801],[69.82743,22.49692],[69.81857,22.50461],[69.7852,22.48942],[69.80138,22.47721],[69.8202,22.48801]]],[[[70.0072,22.55049],[70.01256,22.55282],[69.99608,22.54905],[70.0072,22.55049]]],[[[69.97121,22.57054],[69.9717,22.5867],[69.95862,22.58426],[69.94485,22.56782],[69.96081,22.54859],[69.96775,22.55403],[69.95936,22.5585],[69.96914,22.55453],[69.96558,22.56391],[69.97052,22.56084],[69.97299,22.55237],[69.96532,22.54589],[69.97801,22.54898],[69.97584,22.56314],[69.97871,22.55073],[69.98118,22.55592],[69.97539,22.54636],[70.0006,22.55402],[69.98857,22.55765],[69.97303,22.58162],[69.97937,22.57055],[69.97294,22.57735],[69.97121,22.57054]]],[[[68.5543,23.34581],[68.52055,23.35092],[68.49759,23.33272],[68.49986,23.32182],[68.52418,23.31092],[68.51481,23.29202],[68.52756,23.29073],[68.52678,23.31024],[68.55438,23.32909],[68.5543,23.34581]]]]}},{"type":"Feature","properties":{"shapeName":"Delhi","shapeISO":"IN-DL","shapeType":"ADM1"},"geometry":{"type":"Polygon","coordinates":[[[77.20984,28.85787],[77.17538,28.85835],[77.15773,28.83672],[77.14381,28.83831],[77.1403,28.86209],[77.12091,28.85834],[77.0824,28.88381],[77.07459,28.86754],[77.0578,28.86778],[77.04,28.83183],[76.99479,28.83955],[76.98018,28.82146],[76.96712,28.82806],[76.96174,28.81492],[76.9508,28.8183],[76.94214,28.79846],[76.95382,28.79094],[76.94979,28.7771],[76.95587,28.76738],[76.94459,28.75406],[76.96001,28.73275],[76.94823,28.7128],[76.96779,28.69961],[76.95342,28.6673],[76.93501,28.66752],[76.92502,28.64992],[76.94373,28.62824],[76.93453,28.61831],[76.92015,28.63147],[76.90625,28.62378],[76.88778,28.63162],[76.86427,28.58576],[76.83956,28.58247],[76.84654,28.54954],[76.86473,28.54333],[76.88711,28.52057],[76.88392,28.50075],[76.90798,28.51374],[76.94878,28.50404],[76.97809,28.52132],[76.99038,28.51351],[76.99655,28.51975],[77.01026,28.51467],[77.01703,28.52094],[77.00047,28.53207],[77.00663,28.54135],[77.05995,28.51231],[77.07224,28.52025],[77.09468,28.51381],[77.09805,28.50484],[77.12069,28.49628],[77.11089,28.47134],[77.12381,28.44538],[77.16226,28.42896],[77.1744,28.40469],[77.21661,28.40974],[77.2493,28.4242],[77.24656,28.45272],[77.23291,28.45793],[77.2433,28.47883],[77.29026,28.49656],[77.3141,28.48362],[77.32683,28.49012],[77.34736,28.52057],[77.30378,28.55246],[77.29708,28.566],[77.29836,28.58017],[77.31339,28.59662],[77.3424,28.60891],[77.34255,28.622],[77.31625,28.64124],[77.32359,28.67674],[77.33291,28.68199],[77.32326,28.69861],[77.33107,28.71313],[77.2915,28.70618],[77.29075,28.72241],[77.27643,28.73548],[77.26081,28.73419],[77.25636,28.75623],[77.23555,28.76094],[77.23587,28.77076],[77.22185,28.77742],[77.23413,28.78375],[77.20261,28.7932],[77.20147,28.81237],[77.21895,28.80827],[77.22438,28.82535],[77.20984,28.85787]]]}},{"type":"Feature","properties":{"shapeName":"Sikkim","shapeISO":"IN-SK","shapeType":"ADM1"},"geometry":{"type":"Polygon","coordinates":[[[88.01482,27.21171],[88.03242,27.2211],[88.06496,27.21333],[88.07984,27.19947],[88.07436,27.18559],[88.09616,27.13345],[88.15361,27.10977],[88.18169,27.13251],[88.21557,27.13157],[88.2322,27.1185],[88.27872,27.13053],[88.302,27.12894],[88.31659,27.12564],[88.32441,27.10548],[88.34188,27.10975],[88.35661,27.09534],[88.43065,27.07945],[88.45869,27.08968],[88.47522,27.12083],[88.49627,27.12224],[88.51698,27.14578],[88.52991,27.14805],[88.52662,27.15652],[88.53339,27.16333],[88.52561,27.1703],[88.54126,27.18176],[88.59576,27.18933],[88.62244,27.17931],[88.63508,27.1636],[88.65516,27.15958],[88.68218,27.17685],[88.70659,27.1664],[88.72439,27.13541],[88.73885,27.13631],[88.76129,27.1524],[88.75779,27.16485],[88.76659,27.17833],[88.79126,27.18583],[88.80386,27.2186],[88.80332,27.24795],[88.83185,27.26246],[88.8791,27.26123],[88.90365,27.27277],[88.91976,27.32729],[88.89499,27.33212],[88.88405,27.34242],[88.88088,27.36033],[88.86288,27.36959],[88.86101,27.38701],[88.83798,27.37932],[88.80619,27.40679],[88.80892,27.42368],[88.79516,27.42914],[88.79633,27.44777],[88.78251,27.4499],[88.77686,27.46873],[88.79257,27.52908],[88.77726,27.5325],[88.76376,27.56485],[88.79104,27.57504],[88.78816,27.58496],[88.80915,27.60255],[88.81159,27.6185],[88.80464,27.62368],[88.81519,27.64617],[88.82742,27.64409],[88.84816,27.66776],[88.84186,27.68267],[88.84742,27.69412],[88.8379,27.70587],[88.85625,27.71665],[88.86524,27.7425],[88.85356,27.76507],[88.86189,27.79787],[88.8556,27.81594],[88.88074,27.82958],[88.88802,27.85711],[88.87964,27.86748],[88.88298,27.89067],[88.87201,27.89922],[88.87036,27.91592],[88.86054,27.92765],[88.83705,27.92918],[88.84396,27.99263],[88.83617,28.01502],[88.81251,28.02341],[88.79285,28.04877],[88.75609,28.07608],[88.68597,28.07801],[88.67201,28.07232],[88.63287,28.12123],[88.61005,28.12892],[88.61952,28.09813],[88.58373,28.08335],[88.56636,28.09039],[88.5525,28.08145],[88.55087,28.03762],[88.52346,28.03505],[88.5197,28.04368],[88.50966,28.04125],[88.49538,28.05394],[88.47975,28.04185],[88.46757,28.01674],[88.41506,27.99924],[88.41072,27.98323],[88.39871,27.97785],[88.37676,27.98981],[88.35253,27.98985],[88.33035,27.97303],[88.31822,27.97869],[88.30859,27.96725],[88.26625,27.95715],[88.2512,27.94215],[88.23749,27.97124],[88.22455,27.96043],[88.20725,27.96133],[88.20523,27.94173],[88.18523,27.94351],[88.14491,27.96435],[88.12905,27.94947],[88.13768,27.93699],[88.11923,27.91683],[88.13939,27.88932],[88.1347,27.88175],[88.19584,27.85432],[88.20288,27.84147],[88.18876,27.82425],[88.17315,27.82029],[88.19807,27.79074],[88.18178,27.77567],[88.17823,27.74648],[88.1564,27.73629],[88.14736,27.70274],[88.1541,27.6906],[88.14324,27.66263],[88.11944,27.64385],[88.11371,27.60968],[88.08307,27.58875],[88.07506,27.57202],[88.07981,27.56423],[88.05913,27.53625],[88.06611,27.52855],[88.05802,27.51993],[88.06089,27.51176],[88.04426,27.49648],[88.04497,27.47817],[88.06724,27.45764],[88.07532,27.43274],[88.04777,27.40528],[88.04227,27.371],[88.06838,27.33507],[88.05303,27.32396],[88.04132,27.30326],[88.04475,27.29301],[88.03279,27.28534],[88.03158,27.25036],[88.01482,27.21171]]]}},{"type":"Feature","properties":{"shapeName":"Tripura","shapeISO":"IN-TR","shapeType":"ADM1"},"geometry":{"type":"Polygon","coordinates":[[[91.81543,23.50429],[91.84062,23.46237],[91.86554,23.44615],[91.85649,23.43233],[91.86364,23.4083],[91.86765,23.41864],[91.87305,23.41275],[91.90059,23.42385],[91.90664,23.44039],[91.91452,23.43287],[91.92459,23.43653],[91.92979,23.42789],[91.94742,23.43085],[91.94017,23.46792],[91.97363,23.48131],[91.97596,23.4971],[91.95633,23.52643],[91.96521,23.53633],[91.93704,23.6893],[91.95926,23.69901],[91.95321,23.70443],[91.95845,23.73856],[91.98348,23.72822],[91.99912,23.67338],[92.04321,23.64635],[92.07438,23.64643],[92.07758,23.66796],[92.10641,23.69092],[92.11759,23.73039],[92.12826,23.73561],[92.15159,23.72756],[92.17037,23.7058],[92.20537,23.7056],[92.21669,23.68413],[92.21061,23.66151],[92.22612,23.65229],[92.24515,23.69605],[92.24115,23.71873],[92.26539,23.72511],[92.26721,23.7687],[92.257,23.81287],[92.28223,23.81474],[92.26948,23.84778],[92.28501,23.86725],[92.30757,23.85701],[92.31493,23.8606],[92.31108,23.88022],[92.32509,23.91419],[92.30889,23.93133],[92.30786,23.96066],[92.3261,23.99788],[92.31385,24.02133],[92.31972,24.02454],[92.31201,24.03252],[92.31205,24.05222],[92.32757,24.10159],[92.32446,24.13954],[92.3306,24.1398],[92.33163,24.15189],[92.32377,24.17134],[92.33196,24.17966],[92.29228,24.25049],[92.26559,24.25091],[92.21992,24.23433],[92.19229,24.24327],[92.20972,24.24831],[92.21884,24.28573],[92.25984,24.35855],[92.25666,24.39933],[92.24662,24.44196],[92.22998,24.45169],[92.22976,24.48172],[92.23648,24.48882],[92.22977,24.50244],[92.20325,24.50716],[92.16892,24.52718],[92.15571,24.52564],[92.15227,24.50864],[92.15847,24.5076],[92.14972,24.491],[92.16873,24.43426],[92.16326,24.41869],[92.13896,24.42508],[92.11053,24.38337],[92.08212,24.37489],[92.04035,24.37709],[92.02018,24.38905],[92.00794,24.38416],[92.00078,24.39545],[91.98831,24.3802],[91.97662,24.38706],[91.97175,24.38306],[91.98534,24.36596],[91.98095,24.36038],[91.99217,24.34772],[91.99384,24.32891],[91.97674,24.33188],[91.96008,24.35872],[91.92244,24.33841],[91.94233,24.26309],[91.91708,24.17225],[91.92014,24.15455],[91.91012,24.14147],[91.91827,24.11553],[91.90334,24.13757],[91.88192,24.14335],[91.85983,24.18257],[91.83692,24.19712],[91.84706,24.21721],[91.83813,24.22084],[91.84118,24.22732],[91.81604,24.21008],[91.74658,24.24527],[91.75625,24.14185],[91.72645,24.14116],[91.69925,24.16178],[91.68255,24.16241],[91.66227,24.23193],[91.64684,24.21738],[91.65641,24.1855],[91.65165,24.17531],[91.64172,24.17845],[91.64017,24.15529],[91.62936,24.13912],[91.6355,24.1195],[91.6313,24.10356],[91.60706,24.09142],[91.59086,24.09648],[91.59342,24.08603],[91.58097,24.07441],[91.5705,24.07941],[91.53969,24.07323],[91.49529,24.08498],[91.4888,24.09723],[91.44389,24.09541],[91.4377,24.10116],[91.43799,24.09378],[91.42991,24.10703],[91.37614,24.10583],[91.37827,24.07914],[91.39697,24.04724],[91.37329,24.00229],[91.37933,23.97455],[91.36053,23.98549],[91.33961,23.98172],[91.32919,23.99189],[91.3008,23.99743],[91.29056,23.96943],[91.28385,23.96784],[91.28016,23.98226],[91.25738,23.94298],[91.26858,23.92344],[91.23296,23.92016],[91.24311,23.90348],[91.22034,23.89122],[91.22222,23.87032],[91.24778,23.82979],[91.22795,23.79256],[91.22748,23.75337],[91.22077,23.74237],[91.20926,23.75197],[91.19277,23.75252],[91.15682,23.74209],[91.14969,23.71326],[91.15354,23.6911],[91.19557,23.6957],[91.20683,23.68947],[91.2003,23.66458],[91.21446,23.65664],[91.19093,23.64715],[91.19128,23.65508],[91.17064,23.65666],[91.15697,23.67043],[91.16084,23.59454],[91.17631,23.59128],[91.17389,23.58442],[91.19404,23.56073],[91.19313,23.54476],[91.21309,23.54745],[91.20197,23.51401],[91.20863,23.50779],[91.22478,23.51042],[91.22209,23.49433],[91.2386,23.49844],[91.24131,23.48541],[91.25485,23.48677],[91.26063,23.45274],[91.28355,23.41868],[91.28355,23.38337],[91.2974,23.38223],[91.29763,23.37594],[91.2875,23.37658],[91.29661,23.36531],[91.29262,23.35501],[91.32349,23.363],[91.32172,23.35392],[91.31379,23.35435],[91.31336,23.34082],[91.29596,23.33883],[91.28836,23.31451],[91.30972,23.30934],[91.3139,23.30063],[91.31576,23.28994],[91.3068,23.29325],[91.29904,23.28525],[91.31796,23.2531],[91.32647,23.2524],[91.3186,23.24451],[91.32323,23.15825],[91.33299,23.15305],[91.34685,23.10237],[91.36931,23.07106],[91.3957,23.05611],[91.41718,23.06511],[91.41096,23.06679],[91.41733,23.08301],[91.40804,23.08345],[91.40596,23.09702],[91.40006,23.09656],[91.40319,23.11369],[91.37979,23.18468],[91.38763,23.20795],[91.38079,23.20873],[91.39193,23.22012],[91.38628,23.22758],[91.40091,23.22927],[91.39245,23.24598],[91.40864,23.24769],[91.39747,23.26522],[91.41117,23.25586],[91.40867,23.2853],[91.41955,23.27334],[91.41818,23.25558],[91.42108,23.26188],[91.4541,23.2605],[91.44392,23.2467],[91.45777,23.24608],[91.47022,23.22781],[91.45042,23.21934],[91.45851,23.21351],[91.47527,23.22054],[91.48443,23.2094],[91.48232,23.19857],[91.47068,23.19652],[91.48494,23.18846],[91.50311,23.19219],[91.50099,23.18536],[91.50744,23.18378],[91.49165,23.17761],[91.49815,23.17172],[91.49097,23.15779],[91.50711,23.15439],[91.49465,23.14717],[91.49866,23.14263],[91.51521,23.14514],[91.50306,23.13058],[91.51752,23.12555],[91.52029,23.11456],[91.5122,23.11332],[91.51125,23.1043],[91.52224,23.10411],[91.51884,23.09426],[91.52971,23.0918],[91.52503,23.08292],[91.53395,23.06581],[91.52365,23.05686],[91.53518,23.05608],[91.53042,23.03839],[91.55026,23.03853],[91.53831,23.01929],[91.54809,23.01933],[91.54229,22.99963],[91.55696,22.99674],[91.5573,22.97857],[91.5763,22.96573],[91.5897,22.97682],[91.60604,22.97212],[91.61335,22.95897],[91.60471,22.96257],[91.59978,22.95463],[91.60879,22.95721],[91.61895,22.93918],[91.62544,22.94339],[91.62522,22.96188],[91.63721,22.96235],[91.64561,22.98472],[91.65151,22.97623],[91.65847,22.98176],[91.68424,22.97734],[91.69395,22.98819],[91.7197,22.98745],[91.77184,23.03309],[91.76892,23.04122],[91.77372,23.02796],[91.78029,23.029],[91.78415,23.03845],[91.77444,23.06956],[91.78943,23.07171],[91.79416,23.06241],[91.80573,23.06327],[91.81778,23.07277],[91.81477,23.08065],[91.83517,23.09331],[91.81356,23.09897],[91.81798,23.11185],[91.8114,23.12176],[91.81515,23.1328],[91.80865,23.13452],[91.81451,23.14488],[91.80618,23.17976],[91.78936,23.20376],[91.79185,23.22541],[91.78392,23.24345],[91.77686,23.24367],[91.77695,23.26972],[91.7599,23.28281],[91.76442,23.3099],[91.82437,23.35265],[91.84235,23.38891],[91.84317,23.4245],[91.82869,23.44284],[91.82705,23.46301],[91.79778,23.48942],[91.80113,23.5178],[91.81543,23.50429]]]}},{"type":"Feature","properties":{"shapeName":"West Bengal","shapeISO":"IN-WB","shapeType":"ADM1"},"geometry":{"type":"MultiPolygon","coordinates":[[[[88.21501,21.49303],[88.22884,21.48368],[88.243,21.49713],[88.22238,21.54086],[88.21092,21.5374],[88.2042,21.51255],[88.21501,21.49303]]],[[[88.33382,21.55585],[88.33162,21.54253],[88.34082,21.55594],[88.33962,21.57291],[88.33382,21.55585]]],[[[88.17735,21.54938],[88.20013,21.54433],[88.18946,21.57841],[88.16357,21.59753],[88.17735,21.54938]]],[[[88.35154,21.57321],[88.35926,21.5676],[88.34792,21.59401],[88.3423,21.58634],[88.35154,21.57321]]],[[[88.07091,21.52999],[88.05904,21.50817],[88.0749,21.51712],[88.07091,21.52999]]],[[[88.04786,21.57565],[88.04558,21.58294],[88.02793,21.5819],[88.01669,21.59543],[87.9918,21.51298],[88.00116,21.51317],[88.01606,21.53205],[88.02552,21.5621],[88.03688,21.54578],[88.04419,21.56862],[88.04938,21.54857],[88.05461,21.55046],[88.04786,21.57565]]],[[[87.96762,21.63317],[87.94859,21.61084],[87.94469,21.5918],[87.99011,21.62298],[87.98588,21.68695],[87.97408,21.68234],[87.97648,21.66922],[87.96305,21.64377],[87.96762,21.63317]]],[[[87.90361,21.69455],[87.90364,21.6842],[87.91003,21.70304],[87.90361,21.69455]]],[[[88.35217,21.62023],[88.3447,21.61681],[88.34572,21.604],[88.35217,21.62023]]],[[[88.2275,21.65006],[88.22507,21.66599],[88.19545,21.67936],[88.20858,21.70524],[88.20395,21.70792],[88.18185,21.68627],[88.17992,21.67127],[88.20781,21.5971],[88.2275,21.65006]]],[[[88.30989,21.64283],[88.30547,21.61791],[88.31668,21.60486],[88.34337,21.63039],[88.34934,21.68019],[88.3376,21.69777],[88.31189,21.70665],[88.3155,21.65605],[88.30989,21.64283]]],[[[88.42055,21.70281],[88.41341,21.72562],[88.39562,21.74224],[88.37115,21.72851],[88.40376,21.7199],[88.4024,21.70574],[88.38271,21.6813],[88.38616,21.63222],[88.39593,21.61916],[88.38621,21.60531],[88.39416,21.58952],[88.4043,21.59117],[88.40648,21.60748],[88.43021,21.6255],[88.42919,21.63566],[88.40947,21.65365],[88.41191,21.6901],[88.42055,21.70281]]],[[[88.53434,21.57313],[88.52886,21.58375],[88.49663,21.59782],[88.48572,21.55792],[88.51003,21.53252],[88.54338,21.53133],[88.53434,21.57313]]],[[[88.56595,21.56311],[88.58109,21.58333],[88.58369,21.60683],[88.52365,21.65272],[88.51355,21.59881],[88.53146,21.59757],[88.54902,21.56484],[88.56595,21.56311]]],[[[88.8536,21.60123],[88.82967,21.60545],[88.83313,21.55349],[88.86692,21.5328],[88.89551,21.53915],[88.90662,21.55382],[88.9012,21.57151],[88.88132,21.59022],[88.8536,21.60123]]],[[[88.78358,21.61114],[88.77359,21.62852],[88.77497,21.64866],[88.74573,21.64652],[88.73219,21.64082],[88.73031,21.63063],[88.71845,21.63576],[88.70627,21.59207],[88.71214,21.57851],[88.72886,21.56909],[88.76463,21.56649],[88.79792,21.59152],[88.78509,21.59487],[88.78965,21.60461],[88.78358,21.61114]]],[[[88.98324,21.64301],[88.96076,21.64228],[88.94965,21.67324],[88.9402,21.64084],[88.96927,21.61944],[88.98596,21.61746],[88.9924,21.62629],[88.98324,21.64301]]],[[[88.97344,21.73381],[88.9777,21.74185],[88.9639,21.74158],[88.95,21.75743],[88.92723,21.76361],[88.93221,21.74037],[88.9251,21.72065],[88.94705,21.70355],[88.96507,21.64815],[88.99016,21.63925],[88.99864,21.61181],[88.99373,21.60096],[89.02009,21.59921],[89.02441,21.61349],[89.01402,21.65196],[88.99458,21.65233],[88.98389,21.66134],[88.98749,21.69076],[88.96588,21.72304],[88.97344,21.73381]]],[[[88.57232,21.63174],[88.59447,21.61394],[88.6051,21.61489],[88.60332,21.63254],[88.57366,21.6887],[88.57185,21.66223],[88.55899,21.64702],[88.57232,21.63174]]],[[[88.63,21.66456],[88.63349,21.64941],[88.64108,21.67841],[88.63,21.66456]]],[[[88.56293,21.70082],[88.54227,21.70122],[88.5284,21.71632],[88.52018,21.714],[88.53041,21.65613],[88.54379,21.64152],[88.56567,21.66787],[88.56293,21.70082]]],[[[88.73096,21.64759],[88.74472,21.6542],[88.71029,21.67465],[88.69066,21.71777],[88.68608,21.67838],[88.70966,21.65474],[88.71593,21.65704],[88.71718,21.64799],[88.73096,21.64759]]],[[[88.46157,21.78245],[88.46681,21.79065],[88.44278,21.78957],[88.42412,21.75282],[88.43328,21.70062],[88.42113,21.6888],[88.41749,21.65759],[88.43842,21.62916],[88.43205,21.60108],[88.45278,21.61113],[88.47055,21.67461],[88.45143,21.71881],[88.46157,21.78245]]],[[[88.57188,21.75364],[88.55418,21.76212],[88.5677,21.79208],[88.55261,21.80942],[88.54374,21.81119],[88.51208,21.77978],[88.50778,21.74719],[88.51988,21.7251],[88.53461,21.72945],[88.53298,21.72064],[88.54388,21.71254],[88.56427,21.70768],[88.58442,21.68877],[88.59669,21.6576],[88.60695,21.68502],[88.58872,21.7044],[88.59138,21.71403],[88.56729,21.73326],[88.57188,21.75364]]],[[[88.6292,21.73894],[88.62271,21.78104],[88.59593,21.78497],[88.5891,21.77227],[88.59257,21.75712],[88.61916,21.74052],[88.60054,21.71193],[88.61096,21.70699],[88.6292,21.73894]]],[[[88.58222,21.74645],[88.58353,21.72542],[88.59347,21.72254],[88.61398,21.73303],[88.58677,21.75551],[88.58086,21.77313],[88.57075,21.76381],[88.58222,21.74645]]],[[[87.97536,21.70111],[87.97531,21.69072],[87.9863,21.69647],[87.97536,21.70111]]],[[[88.14411,21.65376],[88.12335,21.68084],[88.13507,21.6995],[88.12076,21.73265],[88.13025,21.7567],[88.12099,21.7741],[88.10338,21.78545],[88.07971,21.78094],[88.07226,21.77254],[88.07307,21.74808],[88.03259,21.6876],[88.04077,21.64829],[88.12068,21.62381],[88.14403,21.63871],[88.14411,21.65376]]],[[[87.92324,21.70971],[87.92686,21.68825],[87.94175,21.72277],[87.92324,21.70971]]],[[[87.95631,21.70502],[87.95228,21.71179],[87.94727,21.70432],[87.95631,21.70502]]],[[[88.18791,21.71133],[88.18034,21.69442],[88.20104,21.71018],[88.2002,21.72353],[88.18791,21.71133]]],[[[88.39349,21.71417],[88.36381,21.72283],[88.35909,21.73861],[88.36671,21.76197],[88.34519,21.75822],[88.34189,21.7057],[88.35578,21.69019],[88.3638,21.6864],[88.39349,21.71417]]],[[[88.20045,21.75495],[88.19968,21.73028],[88.20527,21.75997],[88.20045,21.75495]]],[[[88.28783,21.72989],[88.30188,21.71902],[88.29185,21.77235],[88.28783,21.72989]]],[[[87.95806,21.74034],[87.94751,21.72974],[87.96222,21.73697],[87.95806,21.74034]]],[[[87.939,21.75743],[87.93189,21.74441],[87.95728,21.75652],[87.95705,21.77146],[87.939,21.75743]]],[[[87.89578,21.77092],[87.87645,21.74526],[87.89684,21.7615],[87.90167,21.77232],[87.89578,21.77092]]],[[[88.36297,21.73797],[88.38446,21.74535],[88.38573,21.7603],[88.37188,21.76471],[88.36297,21.73797]]],[[[88.37138,21.78551],[88.36845,21.79322],[88.34736,21.79805],[88.33404,21.79571],[88.32565,21.7816],[88.30303,21.77941],[88.30675,21.71453],[88.32737,21.70719],[88.32422,21.72751],[88.33839,21.72195],[88.34297,21.72812],[88.3389,21.75726],[88.36761,21.77034],[88.37138,21.78551]]],[[[88.43754,21.78952],[88.41967,21.80845],[88.38232,21.78199],[88.40339,21.73891],[88.41798,21.727],[88.41877,21.7662],[88.43754,21.78952]]],[[[88.27923,21.78553],[88.26769,21.78772],[88.27352,21.77896],[88.27923,21.78553]]],[[[88.90318,21.64526],[88.9204,21.63107],[88.93887,21.69267],[88.9022,21.73237],[88.88199,21.74113],[88.86709,21.70102],[88.89157,21.65111],[88.90318,21.64526]]],[[[88.85882,21.7523],[88.86196,21.76141],[88.83751,21.76608],[88.79394,21.74933],[88.76822,21.7052],[88.80401,21.71618],[88.81687,21.70899],[88.82111,21.66717],[88.80443,21.63544],[88.83846,21.61904],[88.85652,21.64174],[88.83914,21.69293],[88.83932,21.71927],[88.85882,21.7523]]],[[[88.78918,21.6668],[88.78923,21.6537],[88.80397,21.65422],[88.80383,21.70285],[88.78107,21.70141],[88.76056,21.68954],[88.7548,21.71215],[88.76976,21.72306],[88.74882,21.73762],[88.75302,21.76268],[88.74507,21.77597],[88.77114,21.80887],[88.77227,21.79652],[88.75661,21.77346],[88.76559,21.76807],[88.75684,21.74361],[88.76814,21.73551],[88.78072,21.73784],[88.77987,21.77086],[88.7926,21.80008],[88.8153,21.81894],[88.82484,21.86579],[88.77733,21.86878],[88.7426,21.89602],[88.71591,21.90451],[88.69578,21.85956],[88.7024,21.85288],[88.69753,21.83681],[88.71448,21.81087],[88.69285,21.74108],[88.70949,21.69478],[88.73958,21.6664],[88.78243,21.6591],[88.78918,21.6668]]],[[[88.7869,21.76409],[88.79152,21.75663],[88.80906,21.75561],[88.82079,21.76397],[88.8289,21.80565],[88.82296,21.8225],[88.78591,21.77267],[88.7869,21.76409]]],[[[88.90085,21.75162],[88.89319,21.76379],[88.89384,21.78819],[88.87827,21.80558],[88.87162,21.85193],[88.85002,21.86226],[88.83596,21.78846],[88.86651,21.77974],[88.8828,21.75245],[88.90632,21.73622],[88.92252,21.74057],[88.92324,21.7494],[88.90085,21.75162]]],[[[88.9145,21.93242],[88.88284,21.91351],[88.85061,21.91473],[88.82124,21.92776],[88.86677,21.86924],[88.86359,21.85914],[88.89177,21.83526],[88.88653,21.8063],[88.90039,21.78849],[88.90067,21.76222],[88.90843,21.75726],[88.9193,21.76837],[88.94862,21.76914],[88.94294,21.79763],[88.97075,21.81556],[88.9688,21.82394],[88.94774,21.82752],[88.94284,21.83858],[88.96845,21.87144],[88.97082,21.9065],[88.9145,21.93242]]],[[[88.81293,21.87321],[88.83499,21.87171],[88.83282,21.89714],[88.81744,21.90061],[88.80589,21.87839],[88.81293,21.87321]]],[[[88.7791,21.92287],[88.76259,21.92823],[88.73743,21.92269],[88.72597,21.92921],[88.71537,21.92174],[88.76663,21.88143],[88.79558,21.8789],[88.81,21.89752],[88.80964,21.91303],[88.7791,21.92287]]],[[[88.47204,21.79926],[88.49761,21.8123],[88.48636,21.83552],[88.45742,21.81046],[88.47204,21.79926]]],[[[88.58041,21.81386],[88.58896,21.80167],[88.60787,21.79815],[88.60533,21.81849],[88.61389,21.83076],[88.58861,21.84874],[88.57626,21.83192],[88.58041,21.81386]]],[[[88.50287,21.82837],[88.522,21.8294],[88.52617,21.84141],[88.5187,21.85176],[88.49766,21.84668],[88.50287,21.82837]]],[[[88.65235,21.86939],[88.63248,21.86975],[88.61929,21.89677],[88.59714,21.86485],[88.61689,21.83665],[88.61444,21.81264],[88.62508,21.79576],[88.64103,21.789],[88.65235,21.86939]]],[[[88.541,21.82809],[88.55522,21.81826],[88.54981,21.83225],[88.55749,21.85151],[88.55566,21.8825],[88.5471,21.87861],[88.54489,21.85259],[88.53352,21.84641],[88.541,21.82809]]],[[[88.57243,21.85494],[88.57283,21.87872],[88.56073,21.87777],[88.5583,21.83273],[88.57243,21.85494]]],[[[88.5596,21.88546],[88.57305,21.88484],[88.5725,21.8969],[88.5596,21.88546]]],[[[88.65649,21.91795],[88.63612,21.92157],[88.62649,21.90616],[88.63848,21.87679],[88.65329,21.87891],[88.66553,21.90068],[88.66742,21.91336],[88.65649,21.91795]]],[[[89.59882,25.94035],[89.60665,25.95102],[89.60011,25.94841],[89.5932,25.96071],[89.56566,25.95167],[89.57447,25.9478],[89.57655,25.93255],[89.58659,25.94642],[89.58818,25.93538],[89.59882,25.94035]]],[[[89.49464,25.95467],[89.5082,25.94644],[89.50217,25.95973],[89.49464,25.95467]]],[[[88.99407,21.68434],[88.9912,21.65864],[89.00668,21.65935],[89.01631,21.68564],[89.00463,21.70301],[89.00846,21.70873],[88.97545,21.72398],[88.98962,21.70635],[88.99407,21.68434]]],[[[88.99861,21.81],[88.99296,21.7896],[89.00281,21.77765],[88.97931,21.77987],[88.95612,21.75967],[88.96753,21.74681],[88.98084,21.74684],[88.97701,21.72895],[89.01237,21.7141],[89.02132,21.68813],[89.01682,21.66096],[89.03224,21.65897],[89.02122,21.64709],[89.03774,21.61097],[89.07131,21.61178],[89.09331,21.64439],[89.08575,21.66844],[89.07195,21.67555],[89.07641,21.68667],[89.06332,21.69319],[89.07435,21.7036],[89.05398,21.72233],[89.05442,21.73684],[89.01881,21.76863],[89.0112,21.80821],[88.99861,21.81]]],[[[89.01642,21.87407],[88.98197,21.89614],[88.97397,21.89428],[88.97623,21.86942],[88.95118,21.83814],[88.9562,21.83002],[88.97074,21.82868],[88.97865,21.8122],[88.95168,21.79494],[88.95339,21.78543],[88.97085,21.7812],[88.99486,21.81611],[89.02328,21.82316],[89.0281,21.83823],[89.01995,21.85211],[89.02611,21.86186],[89.01642,21.87407]]],[[[89.06875,26.30199],[89.05393,26.30063],[89.0628,26.29485],[89.06875,26.30199]]],[[[88.48839,21.90793],[88.47656,21.89768],[88.48479,21.8966],[88.48839,21.90793]]],[[[88.51529,21.93727],[88.51665,21.91804],[88.5217,21.92688],[88.51529,21.93727]]],[[[88.80205,21.93742],[88.74988,21.9587],[88.74714,21.97816],[88.72773,21.97989],[88.72543,21.94709],[88.73664,21.93399],[88.79217,21.92497],[88.80205,21.93742]]],[[[88.95061,26.20335],[88.94864,26.20255],[88.95028,26.20185],[88.95061,26.20335]]],[[[88.95989,26.2127],[88.96532,26.21418],[88.95417,26.21338],[88.95989,26.2127]]],[[[88.93066,26.37527],[88.92116,26.37416],[88.93197,26.36637],[88.93066,26.37527]]],[[[88.95068,26.4125],[88.95668,26.4222],[88.94994,26.42682],[88.9433,26.4069],[88.94946,26.40112],[88.95068,26.4125]]],[[[89.01763,26.33424],[89.00536,26.3389],[89.01029,26.33117],[89.01763,26.33424]]],[[[89.0784,26.32426],[89.05487,26.32229],[89.06975,26.31316],[89.0784,26.32426]]],[[[89.07598,26.36772],[89.0748,26.36549],[89.07716,26.36623],[89.07598,26.36772]]],[[[89.05492,26.37319],[89.05324,26.3781],[89.05339,26.37352],[89.05492,26.37319]]],[[[88.98443,26.41007],[88.97999,26.41891],[88.97131,26.41263],[88.98198,26.40303],[88.98443,26.41007]]],[[[88.14474,21.85319],[88.13293,21.87344],[88.12399,21.87111],[88.08421,21.79252],[88.11146,21.79057],[88.13628,21.75991],[88.12793,21.73066],[88.14223,21.69878],[88.1276,21.6809],[88.13669,21.678],[88.14906,21.68065],[88.17078,21.73791],[88.16681,21.81918],[88.14474,21.85319]]],[[[88.0885,21.8804],[88.09422,21.86702],[88.10374,21.88973],[88.08929,21.89257],[88.0885,21.8804]]],[[[88.09848,21.90824],[88.09541,21.90144],[88.11068,21.90087],[88.09848,21.90824]]],[[[88.1182,21.90745],[88.13006,21.90012],[88.1408,21.92126],[88.11479,21.93098],[88.1105,21.92325],[88.1182,21.90745]]],[[[88.17477,21.78887],[88.18261,21.78061],[88.17786,21.79958],[88.17477,21.78887]]],[[[88.3548,21.7974],[88.35992,21.79865],[88.35,21.82638],[88.35164,21.8539],[88.33773,21.85951],[88.31934,21.85691],[88.30426,21.83057],[88.26888,21.81517],[88.2622,21.80529],[88.29129,21.77842],[88.2986,21.78503],[88.32414,21.78481],[88.33816,21.80161],[88.3548,21.7974]]],[[[88.17898,21.8426],[88.19065,21.83453],[88.17668,21.85634],[88.17898,21.8426]]],[[[88.4771,21.84112],[88.48654,21.84157],[88.48966,21.85227],[88.47466,21.88976],[88.445,21.90677],[88.42044,21.90053],[88.39964,21.87663],[88.39316,21.8266],[88.39887,21.8065],[88.41938,21.81358],[88.4569,21.79692],[88.44698,21.81721],[88.4653,21.83067],[88.46231,21.84489],[88.4771,21.84112]]],[[[88.27529,26.33129],[88.2756,26.33261],[88.27417,26.33084],[88.27529,26.33129]]],[[[88.08828,21.97472],[88.10087,21.97046],[88.11946,21.98285],[88.13544,22.01508],[88.11942,22.01519],[88.09807,22.0019],[88.08828,21.97472]]],[[[88.01482,27.21171],[88.01941,27.1702],[88.00891,27.14103],[87.99357,27.13001],[87.9917,27.10834],[88.02181,27.08693],[88.01756,27.07449],[88.03984,27.03544],[88.0799,27.03432],[88.09109,27.00618],[88.13307,26.98232],[88.12096,26.95048],[88.14384,26.9212],[88.13844,26.89745],[88.17147,26.86672],[88.16615,26.84874],[88.18709,26.7714],[88.18142,26.7199],[88.1669,26.69943],[88.16022,26.63677],[88.1418,26.62457],[88.13854,26.60556],[88.13013,26.6008],[88.1302,26.57329],[88.1128,26.57229],[88.11376,26.55875],[88.10556,26.56041],[88.1054,26.55108],[88.13494,26.52347],[88.14596,26.52223],[88.1503,26.53189],[88.1665,26.53561],[88.16855,26.55348],[88.17903,26.54488],[88.18923,26.55964],[88.21837,26.55342],[88.21201,26.55429],[88.22035,26.5564],[88.21578,26.57328],[88.23279,26.57104],[88.23541,26.5448],[88.19647,26.52145],[88.18258,26.50423],[88.19834,26.48479],[88.21392,26.48312],[88.21964,26.49322],[88.22758,26.49195],[88.22574,26.48006],[88.21519,26.47722],[88.24198,26.4567],[88.25091,26.43312],[88.27337,26.41904],[88.26135,26.41995],[88.2373,26.39618],[88.2383,26.38087],[88.25212,26.37396],[88.26522,26.38124],[88.2833,26.37797],[88.28745,26.35804],[88.29621,26.35926],[88.30039,26.35],[88.28554,26.34745],[88.2864,26.33179],[88.27822,26.32556],[88.25325,26.33441],[88.25032,26.3114],[88.24096,26.30061],[88.23105,26.30122],[88.22768,26.28487],[88.21363,26.27414],[88.18569,26.27085],[88.17661,26.25406],[88.14596,26.25021],[88.1385,26.24061],[88.14193,26.2264],[88.11642,26.2238],[88.07325,26.17517],[88.0585,26.17079],[88.03481,26.17916],[88.01986,26.16081],[88.00924,26.16036],[88.01046,26.14542],[87.99832,26.13968],[87.99246,26.15109],[87.97515,26.1431],[87.98191,26.12736],[87.96892,26.1193],[87.98544,26.11746],[87.98876,26.1052],[87.9642,26.09503],[87.98099,26.08483],[87.98231,26.07273],[87.95359,26.07533],[87.94881,26.06013],[87.93507,26.06421],[87.92665,26.08395],[87.89355,26.06404],[87.88624,26.04336],[87.85543,26.03511],[87.84808,25.96957],[87.83454,25.94634],[87.83963,25.93392],[87.82094,25.93622],[87.8108,25.92796],[87.80935,25.91268],[87.82546,25.91107],[87.83073,25.87085],[87.87465,25.86819],[87.88302,25.85941],[87.89234,25.86579],[87.9157,25.8534],[87.90416,25.84294],[87.9093,25.84023],[87.89866,25.83802],[87.90344,25.83307],[87.89337,25.83653],[87.88916,25.82978],[87.90567,25.83061],[87.90034,25.82323],[87.91767,25.81618],[87.90013,25.80711],[87.91031,25.80371],[87.90439,25.77253],[87.92584,25.77701],[87.93687,25.76852],[87.94199,25.77433],[87.9472,25.75125],[87.96832,25.7343],[87.9679,25.72606],[88.0006,25.7229],[88.02153,25.7103],[88.02103,25.69637],[88.03234,25.70432],[88.0497,25.70225],[88.0553,25.69152],[88.0487,25.68196],[88.0507,25.65431],[88.036,25.64884],[88.0552,25.64477],[88.03443,25.6306],[88.04373,25.61042],[88.03088,25.60729],[88.03967,25.60087],[88.02659,25.60319],[88.02161,25.59615],[88.02447,25.58263],[88.03522,25.58108],[88.02086,25.57052],[88.03155,25.56652],[88.03956,25.57427],[88.02871,25.56143],[88.03144,25.55415],[88.05218,25.5492],[88.065,25.53197],[88.05974,25.52644],[88.06936,25.52613],[88.06654,25.50957],[88.07701,25.50682],[88.07321,25.48368],[88.03058,25.49066],[88.01351,25.5141],[88.00195,25.51438],[88.00758,25.49641],[88.00015,25.49823],[87.98484,25.52556],[87.95916,25.53873],[87.91573,25.5338],[87.90274,25.50479],[87.88399,25.52057],[87.88544,25.50935],[87.86614,25.497],[87.86427,25.4644],[87.85946,25.47126],[87.83918,25.46798],[87.82138,25.43592],[87.78705,25.44928],[87.78523,25.43717],[87.77344,25.42884],[87.77864,25.4104],[87.76662,25.41508],[87.76486,25.3839],[87.78952,25.37687],[87.7842,25.34013],[87.84714,25.30437],[87.85342,25.29003],[87.84661,25.26456],[87.81849,25.24196],[87.76279,25.2656],[87.71137,25.25768],[87.77867,25.25054],[87.77276,25.20723],[87.78174,25.17691],[87.77922,25.14363],[87.80071,25.11776],[87.79573,25.08732],[87.87667,25.03437],[87.90564,25.0036],[87.93988,24.99137],[87.95753,24.97109],[87.96229,24.93784],[87.95243,24.90812],[87.91531,24.88297],[87.89075,24.85518],[87.89967,24.84441],[87.90026,24.82304],[87.87003,24.82619],[87.88162,24.79901],[87.86858,24.789],[87.86865,24.77434],[87.85432,24.76176],[87.84342,24.76942],[87.83656,24.76587],[87.84134,24.78362],[87.83612,24.78986],[87.82979,24.76962],[87.8177,24.76094],[87.8428,24.74048],[87.87458,24.73256],[87.88271,24.74135],[87.89012,24.72491],[87.9078,24.72131],[87.89836,24.68721],[87.88858,24.67921],[87.91706,24.66576],[87.91425,24.63707],[87.90578,24.63145],[87.90567,24.61479],[87.87518,24.61375],[87.89194,24.60636],[87.89125,24.61152],[87.91146,24.61028],[87.90882,24.58577],[87.89254,24.58138],[87.89189,24.56563],[87.86884,24.5643],[87.86526,24.55682],[87.85219,24.56074],[87.85199,24.55394],[87.82703,24.55825],[87.82684,24.56895],[87.81231,24.57885],[87.77169,24.58375],[87.7706,24.57083],[87.79142,24.57209],[87.80881,24.54748],[87.79935,24.54384],[87.8034,24.50572],[87.79421,24.50134],[87.80106,24.49354],[87.80985,24.51419],[87.8164,24.50061],[87.81148,24.49221],[87.82827,24.49859],[87.82697,24.48848],[87.81654,24.48974],[87.81068,24.47708],[87.82264,24.47097],[87.82383,24.45842],[87.80342,24.45429],[87.80399,24.44124],[87.78952,24.42043],[87.7999,24.40906],[87.80637,24.42014],[87.81229,24.41416],[87.80967,24.40538],[87.79419,24.39967],[87.80134,24.38315],[87.79321,24.38216],[87.78699,24.36373],[87.76455,24.33982],[87.7707,24.32244],[87.7631,24.32148],[87.76147,24.30825],[87.73012,24.28852],[87.71315,24.29394],[87.70597,24.26044],[87.69112,24.25857],[87.68472,24.24629],[87.66214,24.24535],[87.65831,24.23595],[87.63881,24.25477],[87.6359,24.24185],[87.64616,24.23015],[87.63837,24.21472],[87.6744,24.20755],[87.67692,24.19463],[87.69841,24.18729],[87.69512,24.14916],[87.67275,24.1419],[87.67547,24.15132],[87.66444,24.15741],[87.64186,24.15282],[87.6307,24.16422],[87.57583,24.16097],[87.61023,24.13242],[87.58519,24.12416],[87.58325,24.11411],[87.57442,24.11188],[87.5809,24.08757],[87.55884,24.08145],[87.55424,24.08834],[87.54303,24.08578],[87.53192,24.10726],[87.49755,24.11787],[87.5003,24.10168],[87.4896,24.09031],[87.51105,24.08286],[87.50088,24.07278],[87.49271,24.07698],[87.49328,24.05414],[87.51001,24.04751],[87.51196,24.0361],[87.47635,24.01204],[87.45986,24.01882],[87.43793,24.01295],[87.46071,23.99636],[87.46001,23.9842],[87.44973,23.98876],[87.43945,23.98182],[87.42731,23.9929],[87.3606,24.01285],[87.35137,23.99853],[87.32917,23.99874],[87.31906,24.00789],[87.33619,24.02091],[87.33697,24.03402],[87.28821,24.02853],[87.24539,24.04507],[87.23369,24.02446],[87.24562,24.01594],[87.2409,24.01191],[87.24769,23.99874],[87.2628,24.00362],[87.26791,23.98912],[87.26243,23.96725],[87.29295,23.95907],[87.28457,23.92188],[87.29533,23.90211],[87.26948,23.87445],[87.25269,23.89974],[87.2578,23.90845],[87.2462,23.90875],[87.241,23.87044],[87.24855,23.86855],[87.2441,23.85716],[87.25578,23.84386],[87.24067,23.82583],[87.2174,23.82988],[87.23387,23.8565],[87.22095,23.86045],[87.21439,23.85079],[87.20583,23.85651],[87.18935,23.84237],[87.19672,23.85794],[87.18091,23.85289],[87.16489,23.86514],[87.12942,23.86894],[87.12995,23.85355],[87.16726,23.82512],[87.14956,23.79674],[87.14023,23.80498],[87.12252,23.7962],[87.11056,23.79991],[87.11869,23.80392],[87.11491,23.80796],[87.10306,23.80441],[87.09162,23.81555],[87.08199,23.80959],[86.97385,23.86893],[86.96422,23.86377],[86.96269,23.84944],[86.94687,23.84605],[86.91567,23.88322],[86.89353,23.87714],[86.88127,23.86314],[86.89449,23.83504],[86.88982,23.81966],[86.87466,23.84761],[86.86325,23.84445],[86.85236,23.82497],[86.82669,23.81419],[86.81403,23.81844],[86.81471,23.83091],[86.80543,23.83754],[86.79934,23.83171],[86.81028,23.82187],[86.80406,23.80148],[86.82602,23.77692],[86.82827,23.75329],[86.81169,23.74512],[86.7993,23.68898],[86.74794,23.67895],[86.73959,23.69449],[86.71295,23.69861],[86.59827,23.67393],[86.59914,23.66572],[86.57446,23.64763],[86.52879,23.62988],[86.49058,23.63769],[86.46184,23.62979],[86.44641,23.61755],[86.44719,23.59802],[86.42088,23.58967],[86.41368,23.57603],[86.38779,23.57406],[86.38853,23.56022],[86.36514,23.53109],[86.37535,23.50913],[86.36438,23.50165],[86.36168,23.48533],[86.37853,23.48535],[86.37929,23.47377],[86.36363,23.4715],[86.36003,23.45223],[86.34976,23.45159],[86.34886,23.4404],[86.33675,23.44043],[86.33382,23.44731],[86.30566,23.43511],[86.31765,23.42682],[86.31014,23.41184],[86.29018,23.4182],[86.28856,23.42951],[86.26412,23.43084],[86.25235,23.42716],[86.25935,23.41334],[86.24748,23.41167],[86.24604,23.42311],[86.23479,23.42135],[86.23039,23.43104],[86.24601,23.45967],[86.23288,23.46226],[86.22883,23.44336],[86.18029,23.4609],[86.1771,23.46984],[86.14847,23.46537],[86.16046,23.50834],[86.14798,23.51973],[86.1571,23.53418],[86.15161,23.5481],[86.15862,23.5595],[86.13132,23.55885],[86.12611,23.56976],[86.09147,23.56319],[86.07255,23.56939],[86.07767,23.57923],[86.04201,23.58619],[86.03976,23.57499],[86.01855,23.55974],[86.01678,23.54754],[86.02817,23.54275],[86.02372,23.5374],[86.03975,23.51492],[86.03884,23.49786],[86.05874,23.49451],[86.05413,23.48694],[85.95028,23.4709],[85.90907,23.48426],[85.8867,23.48479],[85.87083,23.47554],[85.86305,23.46249],[85.86361,23.43164],[85.88452,23.42995],[85.88036,23.4218],[85.89137,23.41018],[85.8861,23.40501],[85.89836,23.40578],[85.90264,23.39852],[85.86975,23.38891],[85.87805,23.38194],[85.8749,23.36061],[85.88355,23.35037],[85.86568,23.3414],[85.8686,23.33037],[85.83827,23.30612],[85.81966,23.26849],[85.838,23.24702],[85.83677,23.2202],[85.86433,23.22195],[85.88254,23.19839],[85.88165,23.1693],[85.89416,23.15527],[85.92185,23.14513],[85.95112,23.15205],[85.95808,23.16094],[86.00259,23.14898],[86.01755,23.15528],[86.02372,23.14451],[86.04368,23.14494],[86.05478,23.12391],[86.04917,23.10607],[86.0895,23.09519],[86.09808,23.08543],[86.12579,23.08713],[86.14609,23.0753],[86.14162,23.05728],[86.15758,23.048],[86.15747,23.0305],[86.16739,23.03325],[86.18555,23.00525],[86.20747,23.00819],[86.20649,23.00038],[86.23742,22.99509],[86.30457,23.01679],[86.30404,23.01007],[86.32608,22.99492],[86.33794,22.99058],[86.3441,22.99783],[86.37678,22.9985],[86.39393,22.98104],[86.41574,22.99087],[86.41913,23.00058],[86.44675,22.98815],[86.50135,22.99471],[86.51333,22.97763],[86.50749,22.97294],[86.51888,22.97059],[86.54755,22.98866],[86.54477,22.96599],[86.53146,22.96477],[86.52546,22.9473],[86.5029,22.95149],[86.48903,22.93767],[86.47657,22.95187],[86.4628,22.93702],[86.4358,22.9259],[86.45292,22.90357],[86.4673,22.90089],[86.45333,22.88612],[86.45093,22.86237],[86.43481,22.86065],[86.43869,22.83127],[86.42241,22.8108],[86.41938,22.791],[86.43249,22.77496],[86.46011,22.76335],[86.48217,22.72939],[86.49358,22.72657],[86.51057,22.70481],[86.514,22.7185],[86.54802,22.72088],[86.57127,22.69988],[86.63504,22.66561],[86.64139,22.65765],[86.63313,22.61104],[86.63846,22.59848],[86.65605,22.59146],[86.65854,22.5757],[86.71014,22.58307],[86.76581,22.5757],[86.77165,22.56488],[86.76672,22.55608],[86.78926,22.54775],[86.78654,22.5269],[86.80219,22.50225],[86.79397,22.49592],[86.8009,22.48836],[86.79295,22.47746],[86.75066,22.48249],[86.7511,22.45581],[86.76348,22.4472],[86.76475,22.42664],[86.81296,22.41913],[86.84554,22.39987],[86.83172,22.34713],[86.83315,22.32448],[86.88812,22.29733],[86.88674,22.25739],[86.82401,22.26683],[86.8168,22.25375],[86.81342,22.26753],[86.80301,22.24439],[86.79702,22.24783],[86.80113,22.26559],[86.79221,22.26631],[86.79434,22.24342],[86.81246,22.24118],[86.80223,22.21793],[86.77817,22.2181],[86.78474,22.23092],[86.79512,22.22793],[86.7816,22.23707],[86.77454,22.23234],[86.77604,22.21809],[86.75309,22.21107],[86.72696,22.21679],[86.71786,22.18163],[86.7218,22.14675],[86.7957,22.15692],[86.80518,22.14697],[86.80195,22.13052],[86.81399,22.12592],[86.80886,22.11917],[86.82832,22.11775],[86.83781,22.0977],[86.85191,22.10288],[86.96009,22.08795],[86.99255,22.05502],[87.02816,22.0379],[87.02336,22.02062],[87.03088,21.98555],[87.00936,21.94758],[87.00168,21.91391],[87.03773,21.86814],[87.0986,21.86582],[87.0994,21.89147],[87.09068,21.89965],[87.09636,21.91397],[87.10844,21.92496],[87.1373,21.92361],[87.16149,21.93558],[87.16261,21.96791],[87.17014,21.97942],[87.19616,21.9595],[87.21127,21.96617],[87.23586,21.95706],[87.23598,21.94355],[87.25521,21.92598],[87.23873,21.90494],[87.25152,21.87507],[87.24661,21.86134],[87.26006,21.84893],[87.27072,21.82776],[87.26374,21.81923],[87.27507,21.81692],[87.27653,21.80518],[87.29766,21.81092],[87.31057,21.79233],[87.33545,21.79362],[87.33778,21.78373],[87.35544,21.79107],[87.35879,21.78167],[87.37111,21.77809],[87.36926,21.7646],[87.38575,21.77583],[87.39407,21.77513],[87.39592,21.76605],[87.44438,21.76822],[87.4451,21.74305],[87.45436,21.73917],[87.44434,21.73401],[87.46919,21.73221],[87.46357,21.72624],[87.47348,21.71314],[87.47195,21.68371],[87.46176,21.65114],[87.47678,21.64659],[87.48622,21.60977],[87.54149,21.62096],[87.56141,21.63616],[87.56344,21.62805],[87.62806,21.64435],[87.63848,21.66257],[87.64941,21.66087],[87.65125,21.64733],[87.67381,21.65046],[87.74158,21.68127],[87.74653,21.694],[87.77556,21.69473],[87.80639,21.70885],[87.87908,21.77265],[87.88031,21.7953],[87.87034,21.81105],[87.89968,21.7941],[87.94879,21.82419],[87.98663,21.87068],[88.01979,21.95692],[88.04855,21.99741],[88.04381,22.01254],[88.02646,22.02731],[88.01354,22.06136],[87.9929,22.07568],[88.01963,22.07187],[88.03901,22.03445],[88.06012,22.0179],[88.09776,22.02835],[88.16744,22.07821],[88.18756,22.1105],[88.15634,22.16537],[88.13393,22.18623],[88.10123,22.19148],[88.0729,22.18472],[88.04334,22.20505],[88.01476,22.20262],[87.99049,22.22546],[87.99488,22.24468],[88.03446,22.21902],[88.05815,22.23413],[88.06766,22.25566],[88.08422,22.25606],[88.08395,22.24038],[88.06684,22.20954],[88.10324,22.2148],[88.17655,22.19146],[88.18941,22.18221],[88.20424,22.15242],[88.2223,22.07273],[88.21346,22.03785],[88.18772,21.99534],[88.14572,21.9552],[88.16466,21.94346],[88.16946,21.91196],[88.16411,21.88363],[88.19398,21.8436],[88.2121,21.7831],[88.21012,21.72496],[88.21998,21.70216],[88.2028,21.68256],[88.22988,21.66966],[88.23601,21.64504],[88.22033,21.62187],[88.2201,21.60399],[88.23568,21.57376],[88.25999,21.55653],[88.28361,21.56391],[88.30282,21.58172],[88.28618,21.61054],[88.30215,21.67875],[88.2681,21.72809],[88.27459,21.72807],[88.2814,21.75736],[88.25594,21.80102],[88.26257,21.81831],[88.29986,21.83711],[88.30362,21.85228],[88.2539,21.85987],[88.26997,21.89928],[88.2706,21.95206],[88.26149,21.9622],[88.27259,21.95998],[88.27658,21.94575],[88.27019,21.92274],[88.27488,21.89931],[88.26066,21.86488],[88.29217,21.8642],[88.30493,21.87695],[88.30466,21.86155],[88.31181,21.85958],[88.35368,21.86686],[88.36358,21.88208],[88.36581,21.90534],[88.34742,21.93536],[88.3526,21.9578],[88.34395,21.96508],[88.35105,21.97135],[88.35747,21.9542],[88.35308,21.93902],[88.37257,21.90612],[88.35668,21.85582],[88.35586,21.82706],[88.36329,21.8038],[88.38175,21.79509],[88.38643,21.80882],[88.379,21.84417],[88.38647,21.84964],[88.38466,21.87112],[88.39229,21.88678],[88.37963,21.90028],[88.39508,21.92457],[88.37473,21.96631],[88.4026,21.9882],[88.38816,22.00417],[88.39479,22.0075],[88.40715,21.99272],[88.40193,21.97756],[88.38297,21.96642],[88.40152,21.92237],[88.39109,21.89678],[88.40113,21.89115],[88.41182,21.9059],[88.44493,21.9174],[88.44317,21.95022],[88.45107,21.9455],[88.46021,21.95868],[88.44728,21.97081],[88.44598,21.98753],[88.46576,21.96165],[88.45426,21.94466],[88.46047,21.9293],[88.45666,21.90389],[88.47071,21.90102],[88.50523,21.92545],[88.50736,21.93881],[88.49474,21.96113],[88.49821,21.97634],[88.51459,21.98973],[88.54107,21.98828],[88.55406,22.05143],[88.55819,22.03549],[88.55046,21.99089],[88.54137,21.98195],[88.50992,21.98069],[88.50173,21.9674],[88.52186,21.94362],[88.5256,21.92522],[88.50191,21.89689],[88.52564,21.91831],[88.49631,21.87903],[88.53204,21.85318],[88.54785,21.8847],[88.54339,21.90415],[88.56705,21.90029],[88.57159,21.91108],[88.57956,21.89191],[88.59357,21.89558],[88.60669,21.91804],[88.60149,21.93837],[88.61397,21.93979],[88.59874,21.98226],[88.61715,22.01379],[88.60192,22.03044],[88.62171,22.02287],[88.63747,22.04718],[88.63017,22.05365],[88.62271,22.09525],[88.60765,22.10106],[88.64118,22.14059],[88.64066,22.16465],[88.65762,22.17642],[88.67326,22.20406],[88.63188,22.21269],[88.65043,22.24874],[88.66088,22.24561],[88.65895,22.23692],[88.64039,22.21577],[88.7029,22.20873],[88.68388,22.20739],[88.68116,22.19316],[88.65611,22.16856],[88.63742,22.11253],[88.64216,22.08764],[88.66136,22.05656],[88.65711,22.02439],[88.63312,21.99396],[88.6307,21.96464],[88.63841,21.95213],[88.667,21.95339],[88.6823,21.94532],[88.69523,21.95734],[88.69001,21.97418],[88.73826,22.01366],[88.73797,22.0331],[88.69882,22.05509],[88.68759,22.07021],[88.689,22.08697],[88.72171,22.11375],[88.73899,22.14508],[88.76786,22.14698],[88.77346,22.14068],[88.74849,22.13109],[88.73479,22.10388],[88.70336,22.07345],[88.74111,22.05326],[88.75017,22.08202],[88.78336,22.10891],[88.77948,22.08934],[88.76506,22.08228],[88.75059,22.0588],[88.7731,22.05451],[88.75585,22.04739],[88.76228,22.01554],[88.74648,21.98953],[88.76549,21.99814],[88.76493,21.98977],[88.78162,21.98947],[88.78857,21.97742],[88.8168,21.96822],[88.78788,21.96949],[88.77839,21.98168],[88.7585,21.98362],[88.75604,21.96257],[88.82602,21.94136],[88.853,21.92244],[88.86976,21.93169],[88.88037,21.92591],[88.90121,21.93099],[88.90657,22.00791],[88.89856,22.01512],[88.9062,22.05313],[88.88971,22.05354],[88.89236,22.06824],[88.92786,22.10493],[88.92589,22.09283],[88.90399,22.06873],[88.92512,22.05523],[88.91233,22.02803],[88.92094,21.98395],[88.93252,22.00345],[88.92993,22.06338],[88.96352,22.07749],[88.98734,22.11012],[88.97531,22.07097],[88.93725,22.0546],[88.93562,22.02426],[88.94611,21.99512],[88.9302,21.95297],[88.94239,21.93336],[88.95791,21.92931],[88.97325,21.94429],[88.97198,21.92257],[89.00765,21.90277],[89.01221,21.92766],[88.9872,21.94975],[88.99515,21.9622],[89.00601,21.96257],[89.0003,21.94845],[89.03085,21.92838],[89.06404,21.93953],[89.06886,21.94881],[89.06641,21.9687],[89.07247,22.00174],[89.08045,22.00179],[89.07848,22.01941],[89.05491,22.04696],[89.04244,22.10121],[89.0931,22.14634],[89.09562,22.16036],[89.07926,22.15196],[89.07124,22.15645],[89.06509,22.20711],[89.0415,22.23057],[89.03321,22.25931],[89.01284,22.25564],[89.02112,22.26836],[88.99507,22.28736],[88.99956,22.29673],[89.02508,22.29849],[88.99969,22.32473],[88.98465,22.32645],[88.99063,22.36619],[88.98409,22.37765],[88.99178,22.39111],[88.97273,22.41125],[89.00059,22.4294],[88.99,22.44365],[88.99675,22.46886],[88.97435,22.49748],[88.96217,22.54736],[88.94403,22.56046],[88.93889,22.58731],[88.95938,22.61407],[88.93611,22.6266],[88.92612,22.64978],[88.94174,22.65937],[88.96264,22.69331],[88.95478,22.70516],[88.92813,22.71779],[88.9165,22.73455],[88.92205,22.75303],[88.91223,22.75857],[88.93887,22.79294],[88.95915,22.79676],[88.95618,22.81155],[88.9695,22.844],[88.94594,22.88021],[88.92773,22.87203],[88.9234,22.87921],[88.90949,22.87901],[88.90777,22.8933],[88.89684,22.89702],[88.89737,22.91307],[88.90971,22.91778],[88.88795,22.93315],[88.8943,22.95311],[88.86884,22.95215],[88.85999,22.94364],[88.85764,22.96791],[88.87167,22.97819],[88.86649,23.00018],[88.84613,23.0094],[88.87942,23.00602],[88.87093,23.01695],[88.88336,23.04066],[88.87431,23.04498],[88.87324,23.06601],[88.86054,23.0774],[88.87379,23.08917],[88.86757,23.09999],[88.89914,23.11199],[88.9209,23.14286],[88.92983,23.14191],[88.92709,23.16186],[88.93345,23.16124],[88.9386,23.17632],[88.96433,23.19274],[88.97963,23.18192],[88.98668,23.20231],[88.97909,23.21258],[88.9944,23.21416],[88.98234,23.2214],[88.97931,23.21481],[88.97494,23.22351],[88.9778,23.21377],[88.96984,23.22194],[88.9421,23.20565],[88.92663,23.21722],[88.91405,23.213],[88.91445,23.22813],[88.90623,23.23572],[88.88555,23.22616],[88.85491,23.23576],[88.8452,23.23009],[88.83666,23.24269],[88.82322,23.23294],[88.82792,23.24501],[88.81077,23.25587],[88.80589,23.23745],[88.81107,23.22103],[88.78952,23.21815],[88.77388,23.22433],[88.77747,23.23566],[88.76717,23.24535],[88.75185,23.23963],[88.71856,23.25481],[88.72347,23.27224],[88.71083,23.27806],[88.70849,23.28997],[88.69741,23.29153],[88.69582,23.3022],[88.7106,23.31266],[88.70635,23.30405],[88.72538,23.29917],[88.72963,23.31941],[88.73204,23.30736],[88.74505,23.30773],[88.74934,23.32138],[88.73256,23.32766],[88.73888,23.34355],[88.73176,23.35108],[88.74462,23.3484],[88.74752,23.36169],[88.75867,23.3601],[88.76549,23.36784],[88.75856,23.37461],[88.76255,23.38652],[88.7491,23.39982],[88.76093,23.40825],[88.75403,23.41547],[88.76411,23.44778],[88.773,23.44775],[88.78054,23.43617],[88.78472,23.44401],[88.79487,23.4429],[88.7871,23.46852],[88.80115,23.48531],[88.79433,23.48527],[88.7998,23.4965],[88.79306,23.50206],[88.78442,23.49657],[88.78651,23.50668],[88.76871,23.49109],[88.77465,23.47933],[88.76077,23.48914],[88.75861,23.47711],[88.74061,23.48014],[88.72386,23.51244],[88.71406,23.50858],[88.69716,23.51618],[88.6954,23.52588],[88.68275,23.52898],[88.68594,23.5375],[88.67889,23.54528],[88.66431,23.5462],[88.65439,23.55642],[88.65112,23.585],[88.63853,23.59124],[88.64626,23.60809],[88.60565,23.59972],[88.60532,23.61009],[88.59636,23.60127],[88.57991,23.60228],[88.58486,23.61556],[88.59335,23.61652],[88.59365,23.63997],[88.56238,23.63637],[88.55805,23.64872],[88.57397,23.66783],[88.56476,23.71244],[88.577,23.73463],[88.57,23.74709],[88.58052,23.76021],[88.57932,23.77454],[88.55643,23.78349],[88.57843,23.78572],[88.59602,23.80477],[88.58764,23.81334],[88.59375,23.80851],[88.60226,23.81669],[88.58661,23.83103],[88.5911,23.85285],[88.57798,23.85022],[88.57532,23.86092],[88.58745,23.87132],[88.60749,23.86209],[88.61643,23.87605],[88.62566,23.86484],[88.66731,23.86974],[88.66398,23.88233],[88.68186,23.88817],[88.68815,23.90136],[88.704,23.89934],[88.69924,23.91076],[88.70624,23.91614],[88.73301,23.91106],[88.73469,23.9331],[88.74323,23.92985],[88.74195,23.95165],[88.73226,23.9609],[88.73832,23.98266],[88.76891,23.98262],[88.76057,24.00589],[88.72866,23.996],[88.74276,24.03515],[88.72683,24.05269],[88.73768,24.06141],[88.7234,24.06864],[88.72859,24.09907],[88.71933,24.10464],[88.70099,24.0947],[88.69443,24.11202],[88.74681,24.14782],[88.73161,24.17434],[88.74129,24.25403],[88.73543,24.27605],[88.72605,24.2963],[88.68345,24.32437],[88.65179,24.2995],[88.64851,24.3108],[88.62869,24.30557],[88.62322,24.31539],[88.59794,24.31112],[88.58765,24.31474],[88.58646,24.32446],[88.56718,24.32627],[88.5592,24.30813],[88.52531,24.31537],[88.49606,24.32877],[88.47929,24.35344],[88.38252,24.39559],[88.33492,24.44309],[88.18972,24.47623],[88.18313,24.48937],[88.12393,24.51697],[88.10593,24.55622],[88.10883,24.57761],[88.08955,24.61402],[88.05074,24.65255],[88.04868,24.67075],[88.02442,24.68814],[88.06166,24.72187],[88.07061,24.74376],[88.06461,24.75122],[88.07334,24.76116],[88.06813,24.77062],[88.07638,24.76982],[88.08798,24.78305],[88.1047,24.77985],[88.10423,24.80095],[88.12209,24.82313],[88.13541,24.80544],[88.13142,24.83615],[88.13991,24.83422],[88.14634,24.84348],[88.14054,24.85001],[88.16105,24.84909],[88.16205,24.85805],[88.17439,24.86105],[88.1518,24.88496],[88.16886,24.89241],[88.13999,24.91404],[88.13749,24.93603],[88.15693,24.93404],[88.17,24.9502],[88.22589,24.95982],[88.26324,24.91107],[88.25808,24.87831],[88.26609,24.87841],[88.27627,24.89813],[88.27755,24.88913],[88.30153,24.88642],[88.30229,24.87225],[88.31926,24.88459],[88.32785,24.8713],[88.34583,24.89422],[88.3333,24.89836],[88.32424,24.91392],[88.33598,24.91878],[88.34007,24.94066],[88.3541,24.94241],[88.36323,24.95364],[88.38045,24.93969],[88.39786,24.94561],[88.39458,24.96986],[88.40576,24.97293],[88.40469,24.97945],[88.41607,24.97361],[88.41221,24.99798],[88.41952,24.99946],[88.42499,25.01625],[88.42733,25.00795],[88.43664,25.00702],[88.43859,25.02282],[88.45263,25.0367],[88.43824,25.04337],[88.43529,25.05561],[88.45306,25.07919],[88.44204,25.12723],[88.45778,25.13621],[88.46081,25.14995],[88.45689,25.16458],[88.44148,25.1741],[88.44188,25.1987],[88.46342,25.19565],[88.47135,25.19831],[88.47469,25.21341],[88.49728,25.2111],[88.49892,25.20367],[88.53694,25.19751],[88.53413,25.18732],[88.55784,25.1922],[88.56008,25.17513],[88.57843,25.17699],[88.59035,25.19272],[88.60517,25.19395],[88.61313,25.20389],[88.64369,25.20626],[88.67152,25.19857],[88.68005,25.20853],[88.712,25.20755],[88.73343,25.19855],[88.73483,25.18413],[88.74291,25.18603],[88.74983,25.17632],[88.77026,25.18913],[88.77453,25.17847],[88.80624,25.16966],[88.84325,25.21337],[88.8509,25.2009],[88.86519,25.19967],[88.86499,25.18944],[88.87416,25.19588],[88.87627,25.17839],[88.88992,25.17783],[88.89041,25.18421],[88.91004,25.17944],[88.91247,25.16742],[88.92062,25.16537],[88.93493,25.18017],[88.94185,25.17267],[88.94881,25.17586],[88.94782,25.19362],[88.93478,25.19912],[88.93873,25.21083],[88.96156,25.20771],[88.95211,25.22898],[88.9561,25.25384],[88.98196,25.26381],[88.9871,25.27364],[89.00713,25.26275],[89.00879,25.29423],[89.00819,25.30213],[88.9925,25.29559],[88.9847,25.30495],[88.92846,25.30363],[88.92839,25.31462],[88.91561,25.31106],[88.90606,25.33666],[88.88805,25.33599],[88.88352,25.32485],[88.86641,25.34171],[88.86851,25.35185],[88.84006,25.36347],[88.84047,25.39732],[88.81227,25.41023],[88.83025,25.41686],[88.83433,25.43114],[88.82599,25.44275],[88.8391,25.45833],[88.8297,25.48984],[88.81231,25.48939],[88.81125,25.52337],[88.77965,25.51499],[88.75977,25.52505],[88.7601,25.51019],[88.77105,25.50312],[88.76502,25.49451],[88.74508,25.48743],[88.74252,25.50468],[88.71392,25.49564],[88.70781,25.49985],[88.70996,25.4807],[88.69856,25.47078],[88.66286,25.47401],[88.66018,25.48172],[88.64635,25.47775],[88.64227,25.49259],[88.64814,25.49669],[88.62239,25.49728],[88.60681,25.5094],[88.6086,25.51635],[88.58786,25.50649],[88.55602,25.51378],[88.55401,25.52094],[88.53976,25.50854],[88.54025,25.53204],[88.53275,25.5317],[88.53287,25.54171],[88.52334,25.53453],[88.51952,25.54424],[88.50682,25.54483],[88.49398,25.55803],[88.49937,25.58395],[88.46834,25.58293],[88.45764,25.59794],[88.44535,25.59647],[88.44605,25.61503],[88.45648,25.62816],[88.45461,25.66402],[88.40228,25.67184],[88.4043,25.68447],[88.39151,25.68339],[88.3916,25.69281],[88.37221,25.69626],[88.37425,25.71617],[88.33695,25.73766],[88.32111,25.73722],[88.31639,25.75273],[88.26742,25.7821],[88.27505,25.79289],[88.26142,25.81368],[88.23998,25.81052],[88.23041,25.79677],[88.21619,25.80085],[88.20989,25.7877],[88.18445,25.80243],[88.17344,25.78702],[88.16013,25.78763],[88.15125,25.77597],[88.1427,25.7819],[88.14438,25.7942],[88.11511,25.79879],[88.12025,25.81253],[88.10819,25.8163],[88.11124,25.82216],[88.10148,25.82941],[88.10812,25.83858],[88.10107,25.84478],[88.11274,25.85352],[88.11017,25.86766],[88.10206,25.8618],[88.1012,25.87181],[88.09359,25.87391],[88.10246,25.88997],[88.08949,25.89684],[88.09453,25.90888],[88.08688,25.91664],[88.09311,25.93023],[88.11063,25.93238],[88.11122,25.94321],[88.12116,25.94808],[88.1139,25.9587],[88.12379,25.9659],[88.11928,25.97152],[88.12706,25.9766],[88.12927,25.99723],[88.14394,26.00292],[88.13954,26.01393],[88.1822,26.02669],[88.17131,26.03193],[88.16834,26.04457],[88.1783,26.04638],[88.17458,26.05807],[88.18521,26.06415],[88.18203,26.07348],[88.16838,26.08346],[88.15777,26.07966],[88.16503,26.08729],[88.15839,26.09837],[88.17834,26.12411],[88.17715,26.14789],[88.19501,26.15226],[88.19649,26.16424],[88.20496,26.15927],[88.21543,26.16319],[88.21426,26.17097],[88.22691,26.16947],[88.24195,26.18988],[88.275,26.18797],[88.29043,26.20264],[88.29941,26.19781],[88.31976,26.2034],[88.33034,26.21679],[88.3508,26.2215],[88.35923,26.24225],[88.34711,26.25362],[88.34848,26.28217],[88.38405,26.31398],[88.41487,26.31655],[88.41481,26.32539],[88.40283,26.33002],[88.41155,26.3377],[88.43486,26.33569],[88.45636,26.37716],[88.46237,26.35771],[88.48376,26.34952],[88.49116,26.35247],[88.48851,26.36044],[88.50709,26.36273],[88.5038,26.34891],[88.52208,26.36071],[88.51453,26.36527],[88.52388,26.37519],[88.5157,26.37127],[88.51191,26.37728],[88.51789,26.3907],[88.51101,26.38842],[88.50387,26.40001],[88.50858,26.40683],[88.49534,26.41037],[88.50186,26.41773],[88.48881,26.43107],[88.49569,26.43751],[88.47868,26.45269],[88.4845,26.46107],[88.43614,26.4663],[88.42667,26.4741],[88.41854,26.4665],[88.40287,26.48694],[88.38755,26.47958],[88.37281,26.4892],[88.36064,26.48484],[88.36402,26.47243],[88.35451,26.44839],[88.34873,26.46617],[88.33151,26.48283],[88.33655,26.50146],[88.35116,26.51565],[88.37647,26.59527],[88.39876,26.60383],[88.38716,26.61234],[88.40976,26.63228],[88.42004,26.5675],[88.43379,26.54224],[88.44967,26.53173],[88.45763,26.54385],[88.48304,26.53917],[88.48873,26.50895],[88.50322,26.51404],[88.5204,26.50828],[88.51861,26.49648],[88.5301,26.47832],[88.55629,26.48324],[88.55412,26.47017],[88.56116,26.47075],[88.56323,26.45906],[88.55811,26.45725],[88.59041,26.4472],[88.5968,26.46968],[88.62068,26.46916],[88.62751,26.43904],[88.62197,26.43206],[88.64913,26.42642],[88.64482,26.41539],[88.66784,26.40422],[88.68525,26.41007],[88.68611,26.40009],[88.66933,26.39459],[88.68861,26.39339],[88.68708,26.38418],[88.70121,26.38624],[88.68094,26.37505],[88.69323,26.37195],[88.68746,26.36114],[88.69717,26.35277],[88.69256,26.3431],[88.7004,26.32929],[88.71191,26.34122],[88.73422,26.34627],[88.73279,26.3528],[88.74369,26.34663],[88.73228,26.3269],[88.74694,26.33023],[88.74452,26.32037],[88.69461,26.30793],[88.69163,26.32482],[88.67277,26.31453],[88.6828,26.29093],[88.70603,26.28519],[88.68341,26.27798],[88.68305,26.28638],[88.66848,26.29384],[88.66457,26.25797],[88.67804,26.25515],[88.68897,26.26584],[88.68445,26.27528],[88.71875,26.27917],[88.71741,26.2883],[88.74264,26.28778],[88.74632,26.30854],[88.75681,26.3109],[88.76438,26.29918],[88.79344,26.31032],[88.81915,26.29465],[88.80988,26.27697],[88.81289,26.25566],[88.82969,26.24996],[88.82773,26.24006],[88.8427,26.23081],[88.87831,26.23343],[88.87811,26.24221],[88.86142,26.25208],[88.86132,26.27273],[88.87577,26.2868],[88.89819,26.28878],[88.92639,26.28415],[88.9568,26.2404],[88.97874,26.24452],[88.95422,26.25728],[88.95354,26.26498],[88.97493,26.25615],[88.98246,26.24471],[89.02279,26.24196],[89.02749,26.24763],[89.05102,26.24149],[89.05133,26.25544],[89.06291,26.25598],[89.06274,26.27072],[89.05404,26.27731],[89.06232,26.27866],[89.05937,26.29354],[89.04591,26.29543],[89.04143,26.28981],[89.04685,26.28283],[89.05044,26.2886],[89.04813,26.27986],[89.03972,26.2768],[89.04085,26.28615],[89.02756,26.28289],[89.01972,26.28997],[89.02662,26.30565],[89.02107,26.30922],[89.01422,26.30042],[89.01848,26.28992],[89.00735,26.30471],[88.99572,26.29045],[88.99763,26.29986],[88.98493,26.30073],[88.98267,26.31008],[88.98504,26.31846],[88.99687,26.31394],[88.99149,26.32256],[89.00081,26.33063],[88.98538,26.33314],[88.98509,26.35016],[88.96123,26.35249],[88.96332,26.33844],[88.95595,26.33035],[88.95212,26.3433],[88.95889,26.34396],[88.94621,26.34431],[88.95831,26.35808],[88.95339,26.36621],[88.94685,26.35599],[88.91177,26.36637],[88.92132,26.37736],[88.90905,26.38026],[88.91831,26.40036],[88.90486,26.40866],[88.9264,26.40692],[88.93139,26.41449],[88.92286,26.42373],[88.93294,26.4278],[88.92615,26.43242],[88.94492,26.42603],[88.95131,26.43405],[88.94615,26.44824],[88.96497,26.45161],[88.95598,26.46048],[88.96571,26.45774],[88.98332,26.44689],[88.98057,26.42568],[88.99404,26.41308],[88.99392,26.42327],[89.00594,26.42151],[89.00742,26.41293],[89.02199,26.41369],[89.01928,26.40414],[89.03004,26.40706],[89.03402,26.39528],[89.06287,26.40096],[89.07448,26.39112],[89.08451,26.39841],[89.08134,26.39025],[89.09634,26.39068],[89.08854,26.36588],[89.07983,26.36299],[89.09833,26.35927],[89.09336,26.35309],[89.1013,26.3368],[89.08345,26.32243],[89.09199,26.32052],[89.09669,26.32951],[89.11269,26.31854],[89.13639,26.32028],[89.13059,26.3097],[89.12614,26.31663],[89.11689,26.31446],[89.13247,26.30023],[89.1208,26.28703],[89.10469,26.31603],[89.10007,26.30505],[89.10699,26.29193],[89.10002,26.27977],[89.12519,26.26366],[89.1198,26.25271],[89.14089,26.23601],[89.14175,26.21607],[89.14956,26.20917],[89.1347,26.18057],[89.15727,26.16321],[89.14858,26.15828],[89.15519,26.13867],[89.19223,26.12378],[89.20334,26.12949],[89.22957,26.12397],[89.22967,26.11612],[89.252,26.10176],[89.25186,26.09188],[89.2656,26.09287],[89.25446,26.06452],[89.26981,26.06038],[89.2802,26.06662],[89.27942,26.04893],[89.30038,26.05082],[89.32389,26.03823],[89.34914,26.01041],[89.39349,26.008],[89.39091,26.02292],[89.40326,26.02742],[89.40644,26.04089],[89.42381,26.04687],[89.43279,26.03767],[89.43144,26.01072],[89.48048,25.99616],[89.49117,26.00579],[89.54087,26.00577],[89.54913,26.0001],[89.53612,25.98912],[89.54042,25.96998],[89.55859,25.96467],[89.56697,25.97976],[89.5699,25.96705],[89.57749,25.96782],[89.57743,25.97716],[89.58615,25.97523],[89.57853,26.02626],[89.58533,26.02617],[89.58679,26.03836],[89.59771,26.03794],[89.59204,26.04496],[89.61299,26.05293],[89.60482,26.06345],[89.62054,26.05348],[89.63088,26.06302],[89.64991,26.06345],[89.63374,26.08012],[89.63937,26.09027],[89.62949,26.10672],[89.61369,26.10281],[89.61692,26.09448],[89.60997,26.0959],[89.60829,26.08812],[89.59359,26.10153],[89.59988,26.10278],[89.5976,26.11234],[89.61554,26.10628],[89.63008,26.11773],[89.62541,26.12802],[89.61973,26.11917],[89.61189,26.12721],[89.60426,26.11675],[89.60099,26.12305],[89.60738,26.1245],[89.59635,26.13491],[89.59787,26.15392],[89.59107,26.15749],[89.59955,26.16089],[89.6087,26.15341],[89.61945,26.16755],[89.61088,26.16851],[89.61505,26.17576],[89.60738,26.17929],[89.62359,26.17912],[89.62463,26.17116],[89.63237,26.18066],[89.63723,26.17684],[89.63185,26.17175],[89.64592,26.1642],[89.65856,26.17611],[89.62747,26.18385],[89.63007,26.19589],[89.64195,26.1852],[89.64987,26.19017],[89.63206,26.20942],[89.63418,26.22932],[89.66216,26.2191],[89.67183,26.21968],[89.6786,26.23826],[89.68565,26.23073],[89.68934,26.22143],[89.67885,26.22375],[89.67969,26.21355],[89.6913,26.21129],[89.67512,26.20817],[89.67273,26.20068],[89.68625,26.19774],[89.68704,26.18129],[89.70223,26.17348],[89.68067,26.16541],[89.7013,26.15148],[89.71375,26.16815],[89.73669,26.17205],[89.72595,26.17727],[89.70982,26.17186],[89.6986,26.19076],[89.71317,26.18716],[89.72049,26.19523],[89.7117,26.20232],[89.73402,26.20995],[89.72563,26.21757],[89.70936,26.21148],[89.70049,26.21795],[89.71067,26.21764],[89.7142,26.22965],[89.73211,26.2367],[89.71808,26.24487],[89.71697,26.25685],[89.70227,26.25935],[89.70705,26.27054],[89.71971,26.25737],[89.73434,26.25964],[89.73834,26.26981],[89.71769,26.29556],[89.71984,26.30703],[89.72541,26.3073],[89.72676,26.29436],[89.74466,26.29691],[89.75715,26.28878],[89.75054,26.32141],[89.7632,26.31658],[89.78261,26.33271],[89.78101,26.35283],[89.82041,26.373],[89.81113,26.36042],[89.82033,26.35273],[89.82489,26.3816],[89.85636,26.38425],[89.84625,26.40475],[89.83798,26.39136],[89.82802,26.3946],[89.83454,26.4139],[89.85633,26.41301],[89.84781,26.42288],[89.86904,26.45368],[89.868,26.4679],[89.84978,26.49085],[89.8624,26.55378],[89.85755,26.57597],[89.8742,26.58401],[89.86552,26.59196],[89.86953,26.61399],[89.85488,26.61507],[89.84978,26.62312],[89.86642,26.64564],[89.85931,26.65542],[89.86333,26.6813],[89.84913,26.69925],[89.79933,26.70831],[89.7638,26.69879],[89.74851,26.71398],[89.74349,26.73255],[89.71504,26.72016],[89.69089,26.7338],[89.66577,26.7368],[89.64983,26.71559],[89.62787,26.72249],[89.62006,26.71573],[89.60866,26.72751],[89.63634,26.7506],[89.63995,26.7773],[89.61061,26.77783],[89.55791,26.79747],[89.54769,26.81308],[89.45445,26.79793],[89.42872,26.83525],[89.41366,26.83043],[89.38224,26.83643],[89.36969,26.85727],[89.32488,26.83742],[89.31574,26.8436],[89.27014,26.82246],[89.25604,26.80776],[89.22509,26.8136],[89.18736,26.80689],[89.16902,26.8148],[89.12671,26.80726],[89.09389,26.83943],[89.0981,26.85808],[89.08511,26.86881],[89.08937,26.88934],[89.04412,26.90175],[89.04192,26.91648],[89.02201,26.92274],[89.01641,26.9375],[88.97539,26.91282],[88.9412,26.93092],[88.95114,26.95382],[88.9483,26.96697],[88.91728,26.99809],[88.87048,26.94457],[88.86699,26.9958],[88.87682,27.03736],[88.86789,27.10626],[88.81443,27.12245],[88.79942,27.13894],[88.77818,27.13449],[88.74553,27.14203],[88.72439,27.13541],[88.70659,27.1664],[88.68828,27.17514],[88.67237,27.17484],[88.65516,27.15958],[88.63508,27.1636],[88.62244,27.17931],[88.59576,27.18933],[88.55503,27.18407],[88.52561,27.1703],[88.53339,27.16333],[88.52662,27.15652],[88.52991,27.14805],[88.51698,27.14578],[88.49627,27.12224],[88.47522,27.12083],[88.45869,27.08968],[88.43065,27.07945],[88.35661,27.09534],[88.34188,27.10975],[88.32441,27.10548],[88.31659,27.12564],[88.302,27.12894],[88.27872,27.13053],[88.2322,27.1185],[88.21557,27.13157],[88.18169,27.13251],[88.15361,27.10977],[88.09616,27.13345],[88.07436,27.18559],[88.07984,27.19947],[88.06496,27.21333],[88.03242,27.2211],[88.01482,27.21171]]]]}},{"type":"Feature","properties":{"shapeName":"Odisha","shapeISO":"IN-OR","shapeType":"ADM1"},"geometry":{"type":"Polygon","coordinates":[[[81.39607,17.81995],[81.41689,17.81403],[81.43582,17.83265],[81.44597,17.82552],[81.47656,17.83848],[81.49235,17.81273],[81.56353,17.82723],[81.5744,17.83876],[81.61722,17.82314],[81.62306,17.83461],[81.64075,17.84022],[81.67156,17.88807],[81.68743,17.88649],[81.70089,17.90284],[81.71042,17.87391],[81.72587,17.87908],[81.78786,17.92601],[81.80817,17.95644],[81.90354,17.9817],[81.92009,17.99632],[81.9622,18.00098],[81.99262,18.02805],[82.00769,18.0308],[82.00573,18.05705],[82.03065,18.07004],[82.03877,18.05804],[82.05989,18.05618],[82.07495,18.07594],[82.10035,18.06097],[82.13181,18.06062],[82.1355,18.04467],[82.1451,18.05305],[82.16716,18.05269],[82.18264,18.02953],[82.17699,18.02126],[82.1859,18.01586],[82.20415,18.01943],[82.22057,18.00242],[82.26454,17.99562],[82.27187,18.02208],[82.25994,18.04259],[82.28971,18.06964],[82.30273,18.06885],[82.29698,18.05631],[82.30866,18.05467],[82.3065,18.04565],[82.31868,18.04572],[82.32058,18.06065],[82.33247,18.05207],[82.33906,18.05554],[82.35011,18.07733],[82.34533,18.09899],[82.33412,18.1066],[82.3381,18.15057],[82.36159,18.13555],[82.37065,18.1489],[82.3517,18.17243],[82.31379,18.18477],[82.30918,18.20483],[82.33538,18.22505],[82.32273,18.23195],[82.33485,18.24151],[82.33168,18.25365],[82.34297,18.28129],[82.3748,18.28142],[82.39064,18.29869],[82.38726,18.32924],[82.37339,18.32943],[82.35417,18.31666],[82.33651,18.32744],[82.38384,18.36824],[82.37792,18.40453],[82.36251,18.42227],[82.43023,18.48766],[82.44173,18.51033],[82.43797,18.5159],[82.45354,18.52159],[82.48105,18.54944],[82.49181,18.54435],[82.47964,18.54133],[82.48457,18.52877],[82.50289,18.51436],[82.51892,18.51821],[82.53214,18.51102],[82.52647,18.49632],[82.53416,18.47777],[82.51939,18.46563],[82.52831,18.46424],[82.53851,18.44447],[82.54067,18.45835],[82.56137,18.44852],[82.54139,18.42194],[82.54706,18.41264],[82.5355,18.4062],[82.55397,18.39445],[82.56071,18.40068],[82.58285,18.38755],[82.59477,18.38926],[82.59923,18.38003],[82.60526,18.38206],[82.60596,18.36609],[82.6212,18.35974],[82.61449,18.35094],[82.60202,18.35231],[82.60721,18.32786],[82.59316,18.3296],[82.57958,18.3159],[82.59693,18.30492],[82.58607,18.2768],[82.63597,18.23745],[82.65079,18.25075],[82.64056,18.26451],[82.65052,18.28188],[82.64093,18.30277],[82.66505,18.29877],[82.70765,18.31391],[82.7133,18.32325],[82.73255,18.32097],[82.75797,18.34034],[82.77254,18.34116],[82.78882,18.36392],[82.78092,18.38262],[82.79213,18.38676],[82.79781,18.40748],[82.78515,18.41145],[82.78044,18.43152],[82.80141,18.44998],[82.82246,18.44778],[82.84581,18.43379],[82.85109,18.42102],[82.89497,18.42414],[82.89416,18.3816],[82.91133,18.36922],[82.92044,18.37617],[82.93798,18.36156],[82.95837,18.36715],[82.96873,18.36075],[82.99508,18.38626],[83.02017,18.39243],[83.05273,18.38072],[83.07529,18.40409],[83.05556,18.42033],[83.06544,18.43105],[83.05853,18.43672],[83.04066,18.42518],[83.03907,18.44175],[83.01908,18.4572],[83.05324,18.48657],[83.05334,18.49662],[83.09315,18.54762],[83.08605,18.55423],[83.0619,18.54208],[83.04314,18.54543],[83.02794,18.57454],[83.03821,18.58745],[83.05121,18.58908],[83.05099,18.60022],[83.02376,18.58968],[83.0117,18.59531],[83.01338,18.60599],[82.99902,18.60862],[82.99895,18.62147],[83.01777,18.63607],[83.01127,18.647],[83.05615,18.66629],[83.07092,18.70652],[83.12033,18.75844],[83.11327,18.76904],[83.13715,18.7863],[83.1546,18.76917],[83.17602,18.7718],[83.1913,18.75406],[83.20466,18.75238],[83.21056,18.73152],[83.22583,18.75618],[83.22272,18.77603],[83.26945,18.76535],[83.27948,18.77499],[83.27347,18.78356],[83.28266,18.79877],[83.30704,18.8102],[83.32879,18.80715],[83.32636,18.81886],[83.36387,18.84408],[83.37749,18.83179],[83.40393,18.84327],[83.40306,18.86275],[83.41282,18.87449],[83.39507,18.87974],[83.37639,18.89791],[83.39146,18.90855],[83.38178,18.91392],[83.36675,18.90933],[83.35172,18.93093],[83.3505,18.94446],[83.36937,18.9436],[83.366,18.96301],[83.35089,18.96683],[83.35014,18.9433],[83.34382,18.94116],[83.34841,18.92632],[83.33213,18.92647],[83.32296,18.93852],[83.33634,18.94795],[83.33283,18.96935],[83.31726,18.97354],[83.30881,18.99978],[83.33688,18.99786],[83.34101,19.01898],[83.3657,19.01705],[83.37068,19.0032],[83.3987,19.01028],[83.41971,19.0001],[83.41562,18.99002],[83.43898,18.97622],[83.44562,18.95796],[83.4599,18.9557],[83.46788,18.97024],[83.46591,18.99201],[83.45335,18.99219],[83.44808,19.01083],[83.47776,19.00939],[83.48143,19.03447],[83.46881,19.04383],[83.46728,19.06202],[83.46038,19.06469],[83.46436,19.08082],[83.47645,19.08019],[83.46606,19.09403],[83.4835,19.09209],[83.48094,19.07834],[83.4989,19.06275],[83.51182,19.07015],[83.5194,19.0389],[83.51492,19.02829],[83.49657,19.0353],[83.50104,19.02049],[83.53529,19.01166],[83.5398,19.04241],[83.55564,19.05713],[83.54712,19.08144],[83.56028,19.0869],[83.5671,19.07157],[83.56164,19.06089],[83.58253,19.05888],[83.58366,19.08748],[83.60869,19.09699],[83.5972,19.13108],[83.61888,19.1426],[83.6241,19.16359],[83.63779,19.153],[83.63181,19.14068],[83.63665,19.13273],[83.65507,19.12946],[83.64722,19.11849],[83.66293,19.09879],[83.66112,19.08097],[83.68536,19.05837],[83.70025,19.02528],[83.73012,19.02179],[83.70958,19.00247],[83.73312,18.98754],[83.75337,18.9263],[83.76119,18.92822],[83.77501,18.91266],[83.78591,18.91681],[83.78249,18.93454],[83.76768,18.9557],[83.75698,18.95155],[83.74312,18.98707],[83.74959,18.99962],[83.78002,19.00928],[83.77594,19.01842],[83.79272,19.01888],[83.79315,19.00457],[83.80915,18.99177],[83.82187,18.96006],[83.82669,18.91611],[83.8459,18.91341],[83.84611,18.86893],[83.88574,18.8319],[83.89117,18.81542],[83.89765,18.82535],[83.91383,18.8289],[83.94819,18.80613],[83.96363,18.81562],[84.00363,18.80955],[84.01379,18.80988],[84.01347,18.81796],[84.03648,18.81734],[84.04468,18.80251],[84.05999,18.799],[84.06001,18.78229],[84.08924,18.75848],[84.12038,18.76887],[84.13558,18.76245],[84.13838,18.7782],[84.16148,18.79024],[84.18793,18.77865],[84.19333,18.79262],[84.21607,18.79106],[84.21238,18.79637],[84.22429,18.79972],[84.25769,18.78402],[84.28447,18.79349],[84.28695,18.80494],[84.31898,18.78796],[84.32539,18.80022],[84.34246,18.80304],[84.32884,18.81892],[84.34763,18.82149],[84.35008,18.83285],[84.36291,18.83998],[84.33318,18.86034],[84.32573,18.87592],[84.33066,18.88305],[84.33663,18.8895],[84.36014,18.86213],[84.37232,18.86273],[84.38219,18.87543],[84.35812,18.89555],[84.39012,18.87753],[84.39535,18.89194],[84.37682,18.90544],[84.39169,18.90555],[84.39801,18.89656],[84.41604,18.89847],[84.41692,18.91901],[84.42627,18.91024],[84.43604,18.92181],[84.43622,18.93334],[84.42561,18.93322],[84.4222,18.94842],[84.42877,18.97],[84.44999,18.97859],[84.44125,18.99266],[84.42982,18.99573],[84.41905,19.02291],[84.43956,19.00446],[84.47396,18.9903],[84.48059,19.0175],[84.51427,19.04936],[84.5545,19.0575],[84.57075,19.07463],[84.57259,19.06848],[84.58084,19.07409],[84.57957,19.03101],[84.59918,19.0262],[84.61133,19.05747],[84.62032,19.061],[84.61621,19.06677],[84.65903,19.06392],[84.66098,19.07549],[84.66875,19.07721],[84.65686,19.09531],[84.64493,19.09715],[84.62909,19.08299],[84.62338,19.08581],[84.62336,19.09998],[84.60743,19.10167],[84.5934,19.13335],[84.66521,19.13075],[84.66879,19.16695],[84.71044,19.15851],[84.70841,19.14735],[84.69794,19.14529],[84.70402,19.14192],[84.69573,19.12733],[84.70069,19.11875],[84.76474,19.07728],[84.81661,19.16498],[84.93016,19.27624],[84.98355,19.31787],[85.07938,19.37499],[85.10156,19.41078],[85.17255,19.46745],[85.37283,19.5995],[85.67907,19.74513],[85.78082,19.78146],[86.16908,19.8819],[86.23003,19.90218],[86.30722,19.94134],[86.39135,19.95687],[86.41071,19.975],[86.3849,19.95932],[86.37302,19.96048],[86.40868,19.99492],[86.4324,20.0521],[86.47613,20.09744],[86.52377,20.17348],[86.59551,20.2245],[86.68012,20.25998],[86.67206,20.26254],[86.66919,20.27576],[86.67958,20.26412],[86.68109,20.2711],[86.78313,20.33],[86.77511,20.33471],[86.77649,20.34544],[86.80983,20.37504],[86.80521,20.39906],[86.79762,20.40059],[86.80444,20.39118],[86.80072,20.38716],[86.79717,20.39629],[86.79729,20.37816],[86.79169,20.38755],[86.81022,20.45131],[86.79674,20.4927],[86.80233,20.44398],[86.79144,20.43337],[86.7856,20.38379],[86.76481,20.39304],[86.74384,20.37885],[86.74468,20.39111],[86.7363,20.39713],[86.72475,20.37821],[86.70969,20.39625],[86.72247,20.39797],[86.73083,20.4114],[86.73622,20.46117],[86.7233,20.48031],[86.74914,20.47442],[86.75784,20.49438],[86.75218,20.51797],[86.7655,20.50404],[86.78873,20.53408],[87.05565,20.71504],[87.03965,20.74224],[87.04112,20.75895],[87.02213,20.77035],[86.90235,20.76266],[86.86087,20.77479],[86.8284,20.75581],[86.81948,20.73221],[86.80544,20.73296],[86.81166,20.75267],[86.816,20.74809],[86.82623,20.76477],[86.86571,20.78378],[86.9042,20.78408],[86.90244,20.79119],[86.90954,20.79347],[86.96812,20.79174],[86.9777,20.82328],[86.97679,20.86088],[86.87277,21.04456],[86.85186,21.09665],[86.84081,21.15776],[86.86326,21.2226],[86.89067,21.25532],[86.955,21.3653],[87.05024,21.42951],[87.06297,21.44157],[87.06775,21.46286],[87.08893,21.46119],[87.14782,21.50868],[87.20224,21.53125],[87.31746,21.54184],[87.39411,21.53297],[87.39569,21.5397],[87.37111,21.56326],[87.33604,21.57712],[87.38203,21.57369],[87.40763,21.54567],[87.43099,21.57825],[87.48416,21.60269],[87.48574,21.63085],[87.47285,21.6517],[87.46176,21.65114],[87.47195,21.68371],[87.47348,21.71314],[87.46357,21.72624],[87.46919,21.73221],[87.44434,21.73401],[87.45436,21.73917],[87.4451,21.74305],[87.43989,21.77074],[87.39592,21.76605],[87.39407,21.77513],[87.38575,21.77583],[87.36926,21.7646],[87.37111,21.77809],[87.35879,21.78167],[87.35544,21.79107],[87.33778,21.78373],[87.33545,21.79362],[87.31057,21.79233],[87.29766,21.81092],[87.27653,21.80518],[87.27507,21.81692],[87.26374,21.81923],[87.27072,21.82776],[87.26006,21.84893],[87.24661,21.86134],[87.25152,21.87507],[87.23893,21.89988],[87.25521,21.92598],[87.23598,21.94355],[87.23586,21.95706],[87.21127,21.96617],[87.19616,21.9595],[87.17014,21.97942],[87.16261,21.96791],[87.16149,21.93558],[87.1373,21.92361],[87.10844,21.92496],[87.09636,21.91397],[87.09068,21.89965],[87.0994,21.89147],[87.0986,21.86582],[87.03773,21.86814],[87.00168,21.91391],[87.00936,21.94758],[87.03088,21.98555],[87.02336,22.02062],[87.02816,22.0379],[86.99255,22.05502],[86.96498,22.08587],[86.85191,22.10288],[86.83781,22.0977],[86.82832,22.11775],[86.80886,22.11917],[86.81399,22.12592],[86.80195,22.13052],[86.80518,22.14697],[86.7957,22.15692],[86.7218,22.14675],[86.71786,22.18163],[86.72696,22.21679],[86.68294,22.22325],[86.67066,22.24218],[86.65605,22.23579],[86.64663,22.26768],[86.61281,22.28254],[86.59564,22.27764],[86.58484,22.3006],[86.55487,22.2984],[86.5407,22.30825],[86.53436,22.30114],[86.52545,22.31403],[86.52916,22.32271],[86.5101,22.32723],[86.49687,22.34721],[86.48722,22.34769],[86.4857,22.33729],[86.47142,22.33578],[86.4638,22.32511],[86.44683,22.32766],[86.44454,22.30576],[86.43273,22.30649],[86.42965,22.31665],[86.35952,22.34877],[86.35189,22.36362],[86.32287,22.38477],[86.32264,22.39678],[86.28338,22.44783],[86.26929,22.44228],[86.22585,22.45303],[86.20789,22.47348],[86.11845,22.48669],[86.06908,22.55592],[86.04542,22.56751],[86.024,22.54463],[86.03381,22.53449],[86.0285,22.52405],[86.02305,22.52752],[86.00411,22.51384],[85.98448,22.51512],[85.97336,22.50584],[85.95708,22.46481],[85.9698,22.46071],[85.96754,22.45128],[85.98644,22.4351],[86.01807,22.42573],[86.02703,22.39511],[86.02396,22.36428],[85.99799,22.3416],[86.02902,22.33431],[86.01434,22.32176],[86.01573,22.31238],[86.04874,22.30798],[86.01709,22.29726],[85.98828,22.26697],[85.98966,22.2544],[85.97384,22.24707],[86.03126,22.18999],[85.99671,22.13244],[86.00921,22.11581],[85.94355,22.02035],[85.93084,22.02333],[85.91814,22.00936],[85.90726,21.97035],[85.89669,21.98384],[85.84969,21.98322],[85.82571,21.97506],[85.81791,21.98529],[85.78396,21.98437],[85.766,21.99491],[85.76146,22.01076],[85.78331,22.0315],[85.77724,22.05562],[85.7956,22.08073],[85.8182,22.07348],[85.83831,22.07951],[85.83525,22.09299],[85.81526,22.09499],[85.82289,22.10637],[85.80738,22.1161],[85.74935,22.07355],[85.71013,22.05876],[85.69164,22.06228],[85.68523,22.05452],[85.65382,22.09466],[85.62711,22.0813],[85.61336,22.08626],[85.59936,22.07834],[85.5626,22.0953],[85.54514,22.08969],[85.54193,22.10107],[85.42326,22.15803],[85.37129,22.16101],[85.36026,22.14347],[85.36602,22.12269],[85.34616,22.13025],[85.32348,22.12764],[85.28126,22.09041],[85.23913,22.0094],[85.22164,22.01806],[85.21426,22.04939],[85.18724,22.05816],[85.18101,22.07281],[85.1676,22.06915],[85.17405,22.05157],[85.15478,22.07848],[85.12187,22.07082],[85.09848,22.1059],[85.04046,22.11574],[85.02137,22.10721],[85.00055,22.08297],[84.98687,22.08264],[84.98464,22.09553],[85.02841,22.1222],[85.03454,22.14442],[85.02981,22.16239],[85.05427,22.18369],[85.04973,22.19461],[85.07818,22.25731],[85.07096,22.27463],[85.09954,22.29348],[85.11695,22.29445],[85.118,22.31755],[85.09197,22.31605],[85.09563,22.34468],[85.08321,22.34527],[85.07654,22.35613],[85.08779,22.38756],[85.08169,22.41705],[85.06778,22.42802],[85.05967,22.44864],[85.07691,22.46369],[85.07775,22.47749],[85.06716,22.48426],[85.03827,22.48398],[85.03477,22.47393],[84.95895,22.44503],[84.95432,22.45873],[84.93894,22.4461],[84.92153,22.44403],[84.92596,22.435],[84.91503,22.42558],[84.88617,22.42014],[84.88007,22.4489],[84.83686,22.43146],[84.81757,22.43711],[84.81021,22.45331],[84.75904,22.44665],[84.74991,22.41894],[84.66656,22.41953],[84.62881,22.43451],[84.60275,22.42878],[84.59802,22.43475],[84.54756,22.42167],[84.53525,22.42704],[84.48019,22.41331],[84.4758,22.40101],[84.48525,22.38931],[84.43096,22.37299],[84.42941,22.35249],[84.40048,22.34641],[84.36966,22.35391],[84.36579,22.34815],[84.29146,22.34285],[84.26896,22.3545],[84.25041,22.37896],[84.19684,22.37808],[84.15628,22.40769],[84.14108,22.42557],[84.14268,22.47165],[84.13397,22.47814],[84.11172,22.47705],[84.05986,22.51639],[84.03671,22.51593],[84.00283,22.53218],[83.98176,22.52285],[83.97462,22.51208],[83.98008,22.50235],[84.0474,22.46918],[84.04739,22.43819],[84.03048,22.42659],[84.01353,22.39737],[84.00653,22.38216],[84.01044,22.37154],[83.94282,22.3547],[83.92343,22.35836],[83.89048,22.33649],[83.86422,22.3433],[83.85106,22.32645],[83.83008,22.32361],[83.82164,22.3128],[83.8265,22.29277],[83.79498,22.2859],[83.79236,22.27642],[83.77678,22.2698],[83.77572,22.25729],[83.75985,22.25115],[83.75789,22.24029],[83.70408,22.24666],[83.6659,22.23267],[83.65544,22.21998],[83.64965,22.22329],[83.62739,22.20373],[83.60784,22.15369],[83.56404,22.10523],[83.56337,22.09509],[83.60661,22.06663],[83.58684,22.04867],[83.54387,22.05691],[83.53648,22.02825],[83.55557,22.00698],[83.54337,21.99431],[83.53793,21.96932],[83.56169,21.94805],[83.55685,21.93528],[83.59048,21.92964],[83.60574,21.91409],[83.58616,21.90268],[83.57607,21.88297],[83.59092,21.85121],[83.57652,21.83142],[83.55179,21.84095],[83.53208,21.83161],[83.54148,21.82117],[83.54243,21.79844],[83.52397,21.79857],[83.49332,21.81816],[83.48501,21.79331],[83.46889,21.78733],[83.48186,21.76591],[83.47628,21.75165],[83.49067,21.74449],[83.46082,21.69763],[83.43217,21.69986],[83.41815,21.67986],[83.44947,21.6566],[83.48679,21.6433],[83.48974,21.63139],[83.47368,21.63242],[83.46599,21.60942],[83.45623,21.60992],[83.45259,21.62234],[83.4441,21.62393],[83.45088,21.65067],[83.44316,21.65548],[83.39258,21.62722],[83.38932,21.61749],[83.38269,21.62024],[83.36509,21.576],[83.3727,21.55801],[83.338,21.50202],[83.354,21.44801],[83.37305,21.44296],[83.37543,21.42832],[83.3987,21.40524],[83.39668,21.36718],[83.40749,21.36088],[83.40691,21.35204],[83.39195,21.34255],[83.379,21.34447],[83.28417,21.38024],[83.26884,21.3785],[83.27474,21.36419],[83.25807,21.33618],[83.26664,21.33077],[83.25762,21.31856],[83.27938,21.29487],[83.27095,21.27244],[83.2507,21.28229],[83.22203,21.26605],[83.22226,21.22863],[83.19821,21.14535],[83.17808,21.1352],[83.16702,21.13869],[83.13135,21.10575],[83.07792,21.11185],[83.04536,21.12391],[83.0161,21.14621],[83.00469,21.13686],[82.99043,21.13976],[82.98587,21.15094],[83.00338,21.16821],[82.98067,21.16993],[82.98819,21.18272],[82.96566,21.17524],[82.96504,21.19318],[82.94395,21.17776],[82.94779,21.16168],[82.94009,21.16084],[82.9378,21.16975],[82.93222,21.16316],[82.90221,21.1669],[82.88228,21.14833],[82.87646,21.16345],[82.8718,21.15739],[82.86587,21.16329],[82.85305,21.15941],[82.85098,21.16854],[82.80041,21.15585],[82.79379,21.14269],[82.7559,21.16691],[82.72109,21.16594],[82.72128,21.15758],[82.69961,21.1583],[82.6931,21.16565],[82.64047,21.15475],[82.63737,21.14464],[82.65284,21.12947],[82.63977,21.11525],[82.65,21.10637],[82.63065,21.07766],[82.61181,21.07369],[82.62934,21.03846],[82.56014,20.94673],[82.48808,20.90867],[82.48764,20.8604],[82.46544,20.84317],[82.4654,20.82777],[82.44028,20.83438],[82.42089,20.8303],[82.40638,20.86895],[82.36552,20.86943],[82.36467,20.88725],[82.35082,20.88952],[82.33953,20.84687],[82.34702,20.79636],[82.34262,20.76648],[82.35347,20.73585],[82.34564,20.7316],[82.35492,20.71836],[82.34979,20.70634],[82.35519,20.69299],[82.37418,20.66724],[82.36846,20.6496],[82.37654,20.63242],[82.36254,20.61029],[82.34695,20.60247],[82.35069,20.58139],[82.33212,20.56205],[82.35835,20.52811],[82.38956,20.51695],[82.39698,20.45817],[82.40948,20.46184],[82.41856,20.48035],[82.42705,20.46894],[82.42564,20.44536],[82.43441,20.44424],[82.43801,20.43421],[82.42965,20.42787],[82.43199,20.41669],[82.41656,20.40764],[82.42116,20.39283],[82.40028,20.34082],[82.43137,20.31286],[82.42992,20.30122],[82.43789,20.29343],[82.41134,20.26433],[82.42206,20.24754],[82.41066,20.24221],[82.4234,20.21932],[82.42174,20.20432],[82.41251,20.17998],[82.39092,20.16218],[82.39506,20.1511],[82.38671,20.14491],[82.39859,20.12224],[82.39921,20.05662],[82.47952,20.0366],[82.51007,20.01659],[82.55108,20.01619],[82.59672,19.98998],[82.62214,19.99071],[82.64251,20.00513],[82.71539,19.99475],[82.72024,19.94812],[82.70739,19.90206],[82.71403,19.87783],[82.72456,19.87556],[82.70731,19.83506],[82.65214,19.83219],[82.62695,19.79358],[82.60383,19.78841],[82.59179,19.77589],[82.58175,19.78323],[82.58467,19.80237],[82.57597,19.80824],[82.57577,19.83342],[82.60341,19.86701],[82.55594,19.88069],[82.54837,19.87573],[82.53489,19.88691],[82.53103,19.87844],[82.5191,19.891],[82.50545,19.88988],[82.49732,19.90415],[82.47288,19.90706],[82.4642,19.90087],[82.44597,19.91021],[82.41801,19.9041],[82.39485,19.88804],[82.37388,19.86035],[82.36083,19.86282],[82.36209,19.8525],[82.34531,19.83585],[82.30407,19.88919],[82.26916,19.97528],[82.23746,20.0035],[82.21656,19.9974],[82.20999,19.98627],[82.18424,19.98421],[82.17122,20.00556],[82.13979,20.01877],[82.12677,20.01484],[82.10318,20.03111],[82.10226,20.04009],[82.08944,20.03911],[82.08542,20.05076],[82.07045,20.05699],[82.03803,20.03016],[82.03255,20.01577],[82.02153,20.02375],[82.01767,20.04902],[81.99533,20.05359],[81.97588,20.08173],[81.94637,20.10515],[81.926,20.09175],[81.89527,20.04826],[81.8819,20.04436],[81.87597,20.05208],[81.87091,20.04419],[81.85535,19.9723],[81.84527,19.95955],[81.84501,19.95186],[81.8568,19.94755],[81.85315,19.9185],[81.89967,19.88722],[81.96812,19.85992],[81.96536,19.83692],[81.98594,19.80113],[81.99535,19.79687],[82.00964,19.80445],[82.06553,19.79068],[82.0636,19.75904],[82.05039,19.74585],[82.04474,19.7089],[82.059,19.6282],[82.03987,19.59766],[82.0507,19.54884],[82.02904,19.50769],[82.0654,19.51062],[82.07601,19.52365],[82.10024,19.51661],[82.09796,19.49895],[82.10795,19.4943],[82.10281,19.46613],[82.11337,19.46008],[82.12613,19.42911],[82.17148,19.43721],[82.18943,19.42755],[82.17882,19.37908],[82.17191,19.37264],[82.15325,19.37704],[82.14709,19.36536],[82.14878,19.35275],[82.17863,19.34336],[82.1941,19.32596],[82.18121,19.32341],[82.15841,19.26519],[82.15783,19.22752],[82.16875,19.21297],[82.16169,19.20227],[82.18054,19.19104],[82.17512,19.18184],[82.18203,19.17419],[82.17603,19.17211],[82.18612,19.16637],[82.17814,19.15597],[82.16964,19.16102],[82.18091,19.15084],[82.17153,19.15023],[82.17572,19.13869],[82.16608,19.13272],[82.17395,19.11825],[82.18251,19.13134],[82.2058,19.12416],[82.20489,19.09717],[82.2184,19.0973],[82.20224,19.06667],[82.23274,19.01796],[82.24603,18.91914],[82.23694,18.91426],[82.21828,18.92254],[82.17613,18.9027],[82.17671,18.88727],[82.16039,18.87894],[82.16735,18.87365],[82.16018,18.86142],[82.16894,18.83605],[82.16027,18.8199],[82.16613,18.8141],[82.1565,18.80436],[82.16542,18.79865],[82.15734,18.78551],[82.13347,18.78047],[82.1334,18.76539],[82.09156,18.76576],[82.08496,18.71862],[82.0674,18.72653],[82.06275,18.71905],[82.0309,18.72381],[81.97097,18.69866],[81.96073,18.68866],[81.96913,18.67342],[81.95506,18.66425],[81.94893,18.64374],[81.92171,18.64294],[81.90087,18.6614],[81.89375,18.65749],[81.89474,18.62915],[81.92773,18.62004],[81.93691,18.6056],[81.96362,18.59047],[81.95055,18.57005],[81.91067,18.57066],[81.90898,18.55297],[81.90139,18.54864],[81.90917,18.53794],[81.88925,18.53819],[81.87966,18.52527],[81.86823,18.52495],[81.85473,18.49029],[81.76953,18.41894],[81.75028,18.35363],[81.65912,18.34659],[81.64965,18.33693],[81.66221,18.32125],[81.61652,18.30738],[81.59758,18.30894],[81.56431,18.27523],[81.53734,18.26935],[81.52546,18.25813],[81.53043,18.24031],[81.50699,18.18623],[81.5258,18.15343],[81.51336,18.13948],[81.51328,18.10004],[81.4808,18.05136],[81.48293,17.97685],[81.4491,17.93196],[81.45281,17.90759],[81.44462,17.88578],[81.43532,17.88085],[81.41154,17.8952],[81.39925,17.89195],[81.39426,17.86931],[81.40332,17.84972],[81.38836,17.82544],[81.3918,17.81545],[81.39607,17.81995]]]}},{"type":"Feature","properties":{"shapeName":"Bihār","shapeISO":"IN-BR","shapeType":"ADM1"},"geometry":{"type":"Polygon","coordinates":[[[83.50329,24.52544],[83.59596,24.51264],[83.6878,24.5138],[83.71863,24.50335],[83.75461,24.50938],[83.80147,24.52995],[83.86184,24.53701],[83.87269,24.5322],[83.93679,24.54967],[83.97482,24.59138],[83.99804,24.63827],[84.00835,24.6428],[84.05211,24.6104],[84.04725,24.60442],[84.05722,24.59265],[84.05062,24.58687],[84.06193,24.58677],[84.05864,24.57227],[84.07313,24.56739],[84.0776,24.54156],[84.09313,24.53438],[84.08551,24.50622],[84.10834,24.4775],[84.12479,24.48085],[84.12566,24.49237],[84.14072,24.50051],[84.13457,24.52422],[84.14564,24.53753],[84.16316,24.53348],[84.1526,24.51579],[84.15639,24.5109],[84.17823,24.50516],[84.18558,24.52206],[84.17278,24.5451],[84.18412,24.54505],[84.18831,24.55331],[84.19991,24.55473],[84.2148,24.53261],[84.22031,24.54705],[84.2356,24.55016],[84.23581,24.53904],[84.24227,24.542],[84.24754,24.52883],[84.25687,24.52693],[84.27966,24.54723],[84.27049,24.56013],[84.29722,24.56048],[84.32753,24.50033],[84.32736,24.48729],[84.30276,24.48003],[84.29132,24.46623],[84.29741,24.44905],[84.32163,24.44607],[84.33558,24.43135],[84.33556,24.42486],[84.32454,24.42751],[84.3205,24.42111],[84.33433,24.42047],[84.33048,24.41038],[84.34456,24.3993],[84.34197,24.39326],[84.3735,24.3835],[84.38795,24.38867],[84.39389,24.37333],[84.4066,24.37481],[84.40057,24.36456],[84.43078,24.35661],[84.4244,24.32982],[84.46003,24.33737],[84.46689,24.31723],[84.48368,24.31293],[84.50503,24.33137],[84.50734,24.32457],[84.48532,24.30663],[84.49636,24.29964],[84.4896,24.29301],[84.49622,24.28633],[84.50971,24.31559],[84.53169,24.33868],[84.52469,24.35058],[84.53511,24.36366],[84.52778,24.37648],[84.55394,24.37289],[84.57235,24.38282],[84.57422,24.38896],[84.56151,24.39632],[84.56755,24.40921],[84.58304,24.41289],[84.58593,24.40025],[84.64653,24.40307],[84.66529,24.39098],[84.67625,24.42537],[84.67127,24.42998],[84.68642,24.45674],[84.71031,24.47094],[84.72831,24.46972],[84.75516,24.49986],[84.78609,24.50355],[84.80219,24.53063],[84.80835,24.52193],[84.82574,24.52534],[84.83879,24.51271],[84.83274,24.4702],[84.8407,24.46908],[84.83985,24.45236],[84.8536,24.46653],[84.86405,24.45714],[84.87522,24.46718],[84.88738,24.46319],[84.88204,24.42465],[84.90432,24.3954],[84.90919,24.38367],[84.90391,24.37222],[84.93666,24.37986],[84.95404,24.37153],[84.97466,24.37468],[85.02818,24.4154],[85.06184,24.40741],[85.07953,24.43348],[85.08171,24.39845],[85.07268,24.38084],[85.089,24.37239],[85.10395,24.37728],[85.1031,24.3851],[85.12317,24.40198],[85.17394,24.42059],[85.15265,24.45517],[85.20834,24.46656],[85.22612,24.46326],[85.24963,24.49084],[85.28263,24.49164],[85.28048,24.51376],[85.28821,24.52307],[85.3216,24.51982],[85.39171,24.52994],[85.39754,24.54482],[85.37082,24.55526],[85.38458,24.55545],[85.43449,24.52804],[85.47789,24.54653],[85.49843,24.54646],[85.50941,24.53724],[85.50779,24.52525],[85.52382,24.52097],[85.54171,24.53187],[85.5409,24.56235],[85.56075,24.55273],[85.57172,24.56166],[85.56614,24.587],[85.58063,24.60076],[85.60184,24.59574],[85.61522,24.58076],[85.65124,24.57453],[85.668,24.57898],[85.67755,24.591],[85.67615,24.61647],[85.66245,24.65018],[85.66665,24.66113],[85.64902,24.68459],[85.68138,24.69159],[85.70717,24.72454],[85.70746,24.77961],[85.7224,24.78601],[85.73669,24.82078],[85.76216,24.81288],[85.77812,24.79654],[85.80954,24.79416],[85.82474,24.80846],[85.86725,24.80468],[85.88965,24.79269],[85.8866,24.78391],[85.91957,24.74483],[85.94535,24.73296],[85.97021,24.73304],[85.98038,24.74871],[86.05529,24.77974],[86.05666,24.76062],[86.0345,24.74602],[86.03691,24.74067],[86.0664,24.75186],[86.09421,24.74492],[86.12854,24.69875],[86.13126,24.67564],[86.11541,24.64373],[86.12461,24.61128],[86.15012,24.60166],[86.15062,24.59248],[86.16687,24.58375],[86.18877,24.58352],[86.21363,24.59435],[86.21496,24.61386],[86.25921,24.5782],[86.26328,24.58423],[86.27432,24.57697],[86.26991,24.58544],[86.28477,24.58797],[86.32281,24.58691],[86.30065,24.56091],[86.3078,24.54757],[86.29717,24.53333],[86.30916,24.51119],[86.27613,24.46591],[86.29883,24.46077],[86.29428,24.45145],[86.31716,24.44159],[86.34912,24.44656],[86.3583,24.42912],[86.37738,24.43076],[86.40204,24.40796],[86.41302,24.38029],[86.43268,24.38015],[86.44528,24.36785],[86.46699,24.38094],[86.47203,24.39354],[86.46782,24.42522],[86.48099,24.42796],[86.47721,24.43451],[86.49124,24.42803],[86.49539,24.45613],[86.48354,24.46768],[86.49276,24.49082],[86.50252,24.49304],[86.49971,24.50989],[86.52769,24.54424],[86.55243,24.53612],[86.56298,24.55331],[86.55901,24.56484],[86.58046,24.5667],[86.60342,24.60816],[86.61502,24.60881],[86.61064,24.59941],[86.62422,24.59998],[86.63159,24.58499],[86.66938,24.56619],[86.72156,24.58317],[86.73499,24.57956],[86.74992,24.5954],[86.75339,24.61804],[86.78702,24.61645],[86.81093,24.59923],[86.80209,24.57028],[86.84355,24.5749],[86.84085,24.56284],[86.85679,24.55466],[86.86115,24.56639],[86.88129,24.57417],[86.88765,24.56177],[86.91644,24.54515],[86.90874,24.59565],[86.91997,24.60237],[86.93318,24.63118],[86.94547,24.63579],[86.9398,24.65256],[86.95821,24.64896],[86.95298,24.63135],[86.97836,24.64012],[86.9962,24.61995],[87.02,24.62974],[87.02302,24.61573],[87.03808,24.61726],[87.05107,24.60856],[87.04626,24.62997],[87.05404,24.66937],[87.08113,24.72919],[87.06981,24.74499],[87.08429,24.75616],[87.07869,24.77757],[87.09571,24.80275],[87.07414,24.80839],[87.07447,24.81774],[87.09134,24.82349],[87.10936,24.85169],[87.14396,24.86134],[87.15672,24.88101],[87.15699,24.89983],[87.14496,24.91924],[87.15443,24.93242],[87.14618,24.94172],[87.1544,24.97802],[87.14577,25.01933],[87.18109,25.06582],[87.21124,25.08073],[87.21265,25.09116],[87.23711,25.08921],[87.24416,25.10075],[87.23498,25.10705],[87.24131,25.11693],[87.26985,25.094],[87.2955,25.08856],[87.30507,25.14291],[87.31939,25.16532],[87.3157,25.1806],[87.32753,25.22364],[87.37188,25.20627],[87.38357,25.22437],[87.40132,25.2272],[87.41235,25.2151],[87.47811,25.19441],[87.47326,25.23828],[87.50057,25.25988],[87.4874,25.29732],[87.49352,25.30379],[87.50172,25.29234],[87.54297,25.28106],[87.55186,25.33266],[87.57114,25.33337],[87.58403,25.34945],[87.5918,25.34196],[87.58394,25.33191],[87.61044,25.31327],[87.61788,25.3181],[87.62721,25.31162],[87.6305,25.31974],[87.65488,25.30762],[87.692,25.31161],[87.68504,25.30606],[87.69842,25.30396],[87.69327,25.2847],[87.71135,25.27467],[87.71137,25.25768],[87.76279,25.2656],[87.81849,25.24196],[87.84661,25.26456],[87.85342,25.29003],[87.84714,25.30437],[87.79278,25.32961],[87.7842,25.34013],[87.78952,25.37687],[87.76486,25.3839],[87.76662,25.41508],[87.77864,25.4104],[87.77344,25.42884],[87.78523,25.43717],[87.78705,25.44928],[87.81427,25.43499],[87.82597,25.43821],[87.83057,25.46192],[87.86878,25.46946],[87.86614,25.497],[87.88544,25.50935],[87.88399,25.52057],[87.90274,25.50479],[87.91573,25.5338],[87.92709,25.53904],[87.96619,25.53631],[87.97414,25.52574],[87.98484,25.52556],[88.00015,25.49823],[88.00758,25.49641],[88.00195,25.51438],[88.01351,25.5141],[88.03058,25.49066],[88.07321,25.48368],[88.07701,25.50682],[88.06654,25.50957],[88.06936,25.52613],[88.05974,25.52644],[88.065,25.53197],[88.05218,25.5492],[88.03144,25.55415],[88.02871,25.56143],[88.03956,25.57427],[88.03155,25.56652],[88.02086,25.57052],[88.03522,25.58108],[88.02447,25.58263],[88.02161,25.59615],[88.02659,25.60319],[88.03967,25.60087],[88.03088,25.60729],[88.04373,25.61042],[88.03443,25.6306],[88.0552,25.64477],[88.036,25.64884],[88.0507,25.65431],[88.0487,25.68196],[88.0553,25.69152],[88.0497,25.70225],[88.03234,25.70432],[88.02103,25.69637],[88.02153,25.7103],[88.0006,25.7229],[87.9679,25.72606],[87.96832,25.7343],[87.9472,25.75125],[87.94199,25.77433],[87.93687,25.76852],[87.92584,25.77701],[87.90439,25.77253],[87.91031,25.80371],[87.90013,25.80711],[87.91767,25.81618],[87.90034,25.82323],[87.90567,25.83061],[87.88916,25.82978],[87.89337,25.83653],[87.90344,25.83307],[87.89866,25.83802],[87.9093,25.84023],[87.90416,25.84294],[87.9157,25.8534],[87.89234,25.86579],[87.88302,25.85941],[87.87465,25.86819],[87.83073,25.87085],[87.82546,25.91107],[87.80935,25.91268],[87.8108,25.92796],[87.82094,25.93622],[87.83963,25.93392],[87.83454,25.94634],[87.84808,25.96957],[87.85543,26.03511],[87.88624,26.04336],[87.89355,26.06404],[87.92665,26.08395],[87.93507,26.06421],[87.94881,26.06013],[87.95359,26.07533],[87.98231,26.07273],[87.98099,26.08483],[87.9642,26.09503],[87.98876,26.1052],[87.98544,26.11746],[87.96892,26.1193],[87.98191,26.12736],[87.97515,26.1431],[87.99246,26.15109],[87.99832,26.13968],[88.01046,26.14542],[88.00924,26.16036],[88.01986,26.16081],[88.03481,26.17916],[88.0585,26.17079],[88.07325,26.17517],[88.11642,26.2238],[88.14193,26.2264],[88.1385,26.24061],[88.14596,26.25021],[88.17661,26.25406],[88.18569,26.27085],[88.21363,26.27414],[88.22768,26.28487],[88.23105,26.30122],[88.24096,26.30061],[88.25032,26.3114],[88.25325,26.33441],[88.27822,26.32556],[88.2864,26.33179],[88.28554,26.34745],[88.30039,26.35],[88.29621,26.35926],[88.28745,26.35804],[88.2833,26.37797],[88.26522,26.38124],[88.25212,26.37396],[88.2383,26.38087],[88.2373,26.39618],[88.26135,26.41995],[88.27337,26.41904],[88.25091,26.43312],[88.24198,26.4567],[88.21519,26.47722],[88.22574,26.48006],[88.22758,26.49195],[88.21964,26.49322],[88.21392,26.48312],[88.19834,26.48479],[88.18258,26.50423],[88.19647,26.52145],[88.23541,26.5448],[88.23279,26.57104],[88.21578,26.57328],[88.22035,26.5564],[88.21201,26.55429],[88.21837,26.55342],[88.18923,26.55964],[88.17903,26.54488],[88.16855,26.55348],[88.1665,26.53561],[88.1503,26.53189],[88.14596,26.52223],[88.13122,26.52629],[88.11336,26.5484],[88.0981,26.54752],[88.10757,26.53367],[88.09855,26.51313],[88.1106,26.4976],[88.10432,26.47268],[88.09089,26.46874],[88.09915,26.45612],[88.06847,26.41503],[88.03434,26.39292],[88.0296,26.36804],[88.01924,26.3638],[87.99565,26.36605],[87.9918,26.39271],[87.96583,26.3975],[87.92612,26.41866],[87.92553,26.42855],[87.91516,26.43217],[87.92407,26.44681],[87.89846,26.44921],[87.90969,26.45838],[87.8884,26.48684],[87.88589,26.47684],[87.85861,26.46377],[87.86277,26.45266],[87.8483,26.43695],[87.82839,26.44006],[87.82912,26.45044],[87.79212,26.46896],[87.77414,26.45005],[87.77896,26.43618],[87.7667,26.41095],[87.75324,26.40853],[87.74933,26.41791],[87.73914,26.41746],[87.73381,26.40765],[87.71283,26.42736],[87.67708,26.43555],[87.67753,26.41572],[87.64952,26.40593],[87.65134,26.39336],[87.61213,26.39021],[87.60525,26.38091],[87.58826,26.38168],[87.58426,26.39336],[87.55261,26.40552],[87.5471,26.41816],[87.46371,26.4402],[87.42715,26.42207],[87.38797,26.41915],[87.368,26.40809],[87.35564,26.38874],[87.35734,26.36129],[87.34025,26.34774],[87.31165,26.37184],[87.30073,26.36621],[87.2888,26.37393],[87.26553,26.37357],[87.26521,26.406],[87.25883,26.40991],[87.23534,26.41524],[87.21834,26.40458],[87.21132,26.41385],[87.1843,26.41442],[87.1882,26.40603],[87.16222,26.40452],[87.09114,26.45077],[87.0718,26.5407],[87.07075,26.58652],[87.04247,26.58752],[87.03755,26.56115],[87.0165,26.53183],[86.93344,26.51542],[86.92941,26.4898],[86.89311,26.48795],[86.89348,26.46152],[86.86102,26.45756],[86.83352,26.43933],[86.7665,26.45881],[86.74424,26.4353],[86.74658,26.42858],[86.73018,26.42246],[86.71997,26.43487],[86.69989,26.43779],[86.69246,26.45129],[86.63177,26.46466],[86.61349,26.48794],[86.57034,26.49655],[86.54202,26.53832],[86.4972,26.54271],[86.45595,26.56783],[86.39522,26.58547],[86.39683,26.59387],[86.34085,26.60616],[86.34308,26.61725],[86.33283,26.61947],[86.2522,26.6172],[86.23429,26.59039],[86.21794,26.58863],[86.19595,26.59383],[86.19101,26.61492],[86.13607,26.60645],[86.13782,26.62929],[86.11826,26.63042],[86.06935,26.65752],[86.02728,26.66627],[86.00909,26.65554],[85.97901,26.65796],[85.95929,26.6512],[85.94715,26.61334],[85.92818,26.61621],[85.89167,26.59413],[85.88753,26.58381],[85.84992,26.56846],[85.85774,26.58974],[85.85074,26.60854],[85.83085,26.61147],[85.83032,26.60154],[85.81704,26.60284],[85.80161,26.62425],[85.7697,26.62956],[85.73235,26.65362],[85.73666,26.66419],[85.7257,26.6704],[85.72317,26.68264],[85.7341,26.73738],[85.72925,26.80866],[85.70448,26.83224],[85.64273,26.85339],[85.63519,26.87238],[85.6241,26.87368],[85.5857,26.84693],[85.58462,26.85825],[85.57573,26.86088],[85.56599,26.84092],[85.54357,26.83814],[85.52203,26.8165],[85.49765,26.81294],[85.49532,26.79718],[85.47936,26.80243],[85.47778,26.7933],[85.45418,26.78223],[85.40766,26.79166],[85.37493,26.76145],[85.35474,26.76029],[85.33434,26.74172],[85.24069,26.76149],[85.21191,26.75788],[85.19731,26.76963],[85.19258,26.79081],[85.18063,26.79587],[85.1767,26.80974],[85.19141,26.83155],[85.19053,26.87021],[85.09901,26.87123],[85.08599,26.86661],[85.08346,26.85345],[85.02308,26.85523],[85.03039,26.87533],[85.06086,26.88693],[85.0045,26.89513],[84.9999,26.9118],[84.96872,26.91575],[84.97776,26.93771],[84.96217,26.96057],[84.89161,26.96992],[84.88675,26.97788],[84.85577,26.98639],[84.85742,26.99786],[84.84951,26.99696],[84.85551,27.0083],[84.82571,27.02093],[84.81193,27.02092],[84.79345,26.99627],[84.78646,26.99868],[84.78862,27.00937],[84.77471,27.01737],[84.75707,27.0028],[84.64328,27.04646],[84.64608,27.07577],[84.67396,27.09587],[84.67531,27.10851],[84.66968,27.1095],[84.67966,27.11388],[84.67701,27.13383],[84.68771,27.15874],[84.67286,27.17097],[84.68754,27.17979],[84.68081,27.20037],[84.69138,27.21494],[84.62015,27.33929],[84.60513,27.33588],[84.48534,27.36004],[84.47015,27.35482],[84.42225,27.37145],[84.35399,27.3716],[84.30553,27.38828],[84.29413,27.38242],[84.27943,27.39468],[84.28114,27.41398],[84.25852,27.45104],[84.23249,27.45569],[84.22058,27.44076],[84.21062,27.4427],[84.20842,27.46875],[84.14904,27.48616],[84.14684,27.5184],[84.12897,27.51186],[84.10796,27.52163],[84.09765,27.51672],[84.09287,27.49041],[84.06697,27.482],[84.04649,27.44588],[84.0253,27.44514],[84.01632,27.43717],[83.99793,27.44633],[83.94957,27.44118],[83.93419,27.44993],[83.91587,27.44025],[83.86976,27.4374],[83.8481,27.44882],[83.83102,27.42725],[83.88367,27.37379],[83.86228,27.3354],[83.83676,27.32228],[83.87148,27.30728],[83.90247,27.32629],[83.91688,27.32659],[83.93414,27.30854],[83.92925,27.29164],[83.90588,27.27501],[83.90526,27.25741],[83.91214,27.24579],[83.9538,27.23612],[83.97023,27.22403],[83.96751,27.20954],[83.987,27.19756],[83.99398,27.17392],[83.95876,27.13629],[83.96285,27.12773],[83.94772,27.11253],[83.94682,27.09027],[83.96445,27.08416],[84.01649,27.10546],[84.03071,27.09704],[84.01664,27.07183],[84.0001,27.06862],[84.03136,27.04566],[84.04954,27.0433],[84.03735,27.00911],[84.05673,26.98974],[84.04579,26.98232],[84.05486,26.96014],[84.03216,26.94126],[84.04656,26.93924],[84.04326,26.93186],[84.06,26.92026],[84.05241,26.90645],[84.0603,26.88817],[84.09817,26.876],[84.11045,26.89867],[84.11799,26.88775],[84.12904,26.89323],[84.13132,26.88448],[84.14645,26.88546],[84.14065,26.85271],[84.16614,26.83383],[84.18178,26.83354],[84.19017,26.85853],[84.21953,26.87166],[84.2541,26.85659],[84.26097,26.8304],[84.25032,26.81932],[84.25993,26.80443],[84.2485,26.77094],[84.23262,26.75372],[84.24071,26.73876],[84.25603,26.72679],[84.28604,26.75015],[84.30612,26.74957],[84.32605,26.71419],[84.33034,26.68398],[84.41062,26.67019],[84.40994,26.64693],[84.41993,26.6269],[84.37952,26.61453],[84.30735,26.61632],[84.30039,26.60384],[84.28594,26.60576],[84.28148,26.59956],[84.20123,26.62479],[84.16032,26.62453],[84.15873,26.63623],[84.112,26.63066],[84.08654,26.63917],[84.08912,26.60305],[84.06068,26.56823],[84.04779,26.53627],[84.00861,26.52171],[83.99247,26.5331],[83.97663,26.53348],[83.97123,26.50754],[83.95103,26.50902],[83.95284,26.51777],[83.94022,26.52529],[83.90812,26.51911],[83.90693,26.50917],[83.91523,26.50288],[83.90806,26.44712],[83.99152,26.4323],[83.99794,26.4465],[84.01734,26.44764],[84.03395,26.41177],[84.06372,26.40091],[84.07926,26.38266],[84.12126,26.3852],[84.17694,26.37069],[84.17279,26.33354],[84.18616,26.31299],[84.17475,26.29245],[84.17693,26.26502],[84.16165,26.25692],[84.16629,26.24109],[84.1512,26.25782],[84.1207,26.25863],[84.11733,26.24008],[84.09117,26.23376],[84.08651,26.2187],[84.01903,26.23887],[84.01228,26.23205],[84.01633,26.22206],[84.03111,26.21758],[84.02897,26.19923],[84.009,26.18975],[84.00945,26.17547],[84.03376,26.16036],[84.02758,26.14238],[84.04974,26.13061],[84.04893,26.10874],[84.05595,26.10008],[84.08874,26.10032],[84.1039,26.09273],[84.13765,26.0521],[84.17253,26.02463],[84.17006,25.98772],[84.17607,25.99656],[84.19632,25.98792],[84.20711,25.99988],[84.29695,25.94522],[84.35399,25.95883],[84.4119,25.93079],[84.42759,25.89128],[84.46018,25.88955],[84.47243,25.88176],[84.48952,25.88836],[84.51091,25.87143],[84.53402,25.87628],[84.54383,25.85892],[84.52321,25.86012],[84.53066,25.85348],[84.53052,25.83166],[84.54844,25.82854],[84.55078,25.84065],[84.62484,25.79194],[84.62358,25.77097],[84.6135,25.77591],[84.603,25.76198],[84.62951,25.74323],[84.63468,25.72796],[84.60045,25.73844],[84.56032,25.73694],[84.56454,25.71729],[84.55745,25.67957],[84.53545,25.69054],[84.53974,25.72681],[84.52914,25.68271],[84.52018,25.67503],[84.50761,25.68179],[84.49922,25.67488],[84.49181,25.67614],[84.49338,25.69068],[84.47061,25.687],[84.45348,25.71397],[84.42966,25.71106],[84.42683,25.69311],[84.40663,25.6979],[84.40001,25.72884],[84.38432,25.7321],[84.39104,25.74496],[84.37781,25.73858],[84.37366,25.74361],[84.37512,25.73464],[84.33664,25.74358],[84.32854,25.73114],[84.32396,25.67036],[84.31672,25.66637],[84.28721,25.67663],[84.29981,25.66459],[84.27645,25.65935],[84.20582,25.66979],[84.19891,25.70223],[84.15465,25.72932],[84.14303,25.71638],[84.12985,25.71783],[84.1416,25.72205],[84.13983,25.73175],[84.10446,25.72101],[84.07499,25.69534],[84.08518,25.65202],[84.08131,25.63647],[84.01739,25.6148],[83.92122,25.55201],[83.90211,25.52405],[83.87624,25.51809],[83.87784,25.49928],[83.85614,25.46807],[83.83281,25.45763],[83.82491,25.46582],[83.81658,25.46278],[83.81284,25.44822],[83.84195,25.44694],[83.84638,25.43438],[83.80159,25.42986],[83.81442,25.42123],[83.80786,25.40912],[83.78968,25.3968],[83.77281,25.39818],[83.769,25.38638],[83.75501,25.39228],[83.76629,25.40097],[83.74509,25.40048],[83.74062,25.41066],[83.71015,25.38607],[83.70171,25.39618],[83.69657,25.3825],[83.68208,25.37865],[83.69373,25.36965],[83.67668,25.36436],[83.66394,25.37285],[83.66442,25.36194],[83.65597,25.36839],[83.64883,25.33929],[83.63373,25.34324],[83.62847,25.32854],[83.59631,25.32769],[83.57375,25.30615],[83.57208,25.31469],[83.53993,25.31581],[83.53731,25.30979],[83.54725,25.31408],[83.55412,25.30851],[83.53404,25.29737],[83.52348,25.30258],[83.52696,25.293],[83.50548,25.28106],[83.5023,25.2875],[83.4914,25.27993],[83.4904,25.2895],[83.46795,25.25237],[83.45012,25.26106],[83.43899,25.25786],[83.43625,25.24426],[83.42723,25.25369],[83.42675,25.24641],[83.40994,25.24665],[83.41363,25.23553],[83.40698,25.23918],[83.40207,25.20911],[83.39763,25.21635],[83.39315,25.20439],[83.38625,25.21219],[83.38196,25.20179],[83.36633,25.19539],[83.35728,25.1997],[83.34981,25.18493],[83.3564,25.17767],[83.35133,25.15705],[83.36344,25.15351],[83.3674,25.12527],[83.36332,25.11122],[83.35012,25.11332],[83.33597,25.06149],[83.34339,25.05092],[83.32438,25.03737],[83.32024,25.01728],[83.35057,25.0088],[83.34324,24.96335],[83.36171,24.95368],[83.36399,24.91367],[83.35471,24.90546],[83.36635,24.89208],[83.3581,24.8889],[83.36955,24.88011],[83.35761,24.87057],[83.37703,24.86004],[83.39689,24.83244],[83.40201,24.81352],[83.39402,24.80514],[83.39968,24.79668],[83.39312,24.78297],[83.42809,24.76822],[83.45827,24.73155],[83.48937,24.73647],[83.48505,24.7016],[83.49865,24.70335],[83.49886,24.69488],[83.52038,24.67752],[83.50399,24.66631],[83.5005,24.65127],[83.52981,24.64304],[83.5247,24.62784],[83.54798,24.6233],[83.52353,24.60315],[83.5301,24.56734],[83.52228,24.54768],[83.49713,24.53912],[83.50329,24.52544]],[[88.27529,26.33129],[88.27417,26.33084],[88.2756,26.33261],[88.27529,26.33129]]]}},{"type":"Feature","properties":{"shapeName":"Ladākh","shapeISO":"IN-LA","shapeType":"ADM1"},"geometry":{"type":"Polygon","coordinates":[[[74.13348,35.10749],[74.16278,35.08619],[74.22227,35.08619],[74.22703,35.06715],[74.24369,35.0731],[74.24963,35.06715],[74.2532,35.03741],[74.26867,35.03503],[74.29722,35.04455],[74.30841,35.06001],[74.38027,35.05764],[74.43975,35.11807],[74.49829,35.10665],[74.54159,35.06668],[74.5335,35.05478],[74.53541,35.03146],[74.58728,35.00957],[74.5868,34.98958],[74.57158,34.96579],[74.57616,34.89933],[74.60523,34.91501],[74.64598,34.89607],[74.66492,34.90193],[74.68631,34.86868],[74.69994,34.87127],[74.70498,34.85451],[74.72787,34.85737],[74.72951,34.83652],[74.74095,34.83012],[74.75771,34.82862],[74.79614,34.84429],[74.83388,34.82154],[74.864,34.82085],[74.90106,34.80696],[74.91006,34.7767],[74.92804,34.77534],[74.94235,34.79006],[74.95802,34.78992],[74.98173,34.81963],[75.0034,34.82194],[75.01389,34.83761],[75.04073,34.83707],[75.0564,34.82372],[75.07098,34.82835],[75.06921,34.86323],[75.08038,34.8864],[75.06894,34.89825],[75.07616,34.90438],[75.10287,34.89675],[75.12276,34.87304],[75.14525,34.86473],[75.14593,34.83366],[75.1774,34.8323],[75.22005,34.81132],[75.24458,34.78992],[75.26163,34.71752],[75.25198,34.69994],[75.25729,34.68728],[75.23341,34.67239],[75.20752,34.63891],[75.22794,34.63112],[75.2452,34.63487],[75.25853,34.61798],[75.25398,34.60294],[75.29893,34.58598],[75.31966,34.56365],[75.33403,34.56759],[75.34613,34.56108],[75.36334,34.53813],[75.36597,34.52092],[75.35153,34.51385],[75.34191,34.4872],[75.35295,34.46728],[75.32861,34.43736],[75.37186,34.41302],[75.36589,34.3925],[75.37788,34.38534],[75.37371,34.37071],[75.38435,34.36513],[75.38533,34.34899],[75.3779,34.34125],[75.39446,34.31607],[75.38909,34.30984],[75.3953,34.29298],[75.41344,34.28296],[75.45661,34.28734],[75.47435,34.28094],[75.49711,34.2334],[75.53933,34.22357],[75.55515,34.21166],[75.57973,34.21439],[75.59928,34.19543],[75.64562,34.21141],[75.66357,34.19791],[75.68719,34.19741],[75.68362,34.16507],[75.66854,34.14483],[75.68441,34.14056],[75.68272,34.13093],[75.69056,34.12498],[75.6859,34.11764],[75.71626,34.10315],[75.74037,34.07428],[75.73769,34.05662],[75.76597,34.05483],[75.76816,34.04124],[75.79683,34.02794],[75.81737,34.0072],[75.84357,34.00373],[75.81975,33.97039],[75.83255,33.9569],[75.84506,33.95402],[75.8525,33.96215],[75.88951,33.9687],[75.96581,33.95362],[75.9795,33.97247],[76.02455,33.98061],[76.04936,33.93536],[76.03343,33.91957],[76.09515,33.89963],[76.1374,33.87613],[76.16023,33.835],[76.16191,33.79997],[76.18434,33.79939],[76.21567,33.75774],[76.24186,33.75731],[76.26542,33.74648],[76.27112,33.73085],[76.26319,33.71218],[76.26617,33.67963],[76.28448,33.66133],[76.27043,33.64341],[76.22933,33.62992],[76.2403,33.60494],[76.22418,33.6004],[76.23137,33.58704],[76.20545,33.56781],[76.22499,33.54769],[76.2457,33.54563],[76.2596,33.56511],[76.30975,33.57157],[76.29956,33.59834],[76.30647,33.60965],[76.32214,33.60237],[76.33621,33.61061],[76.35861,33.60379],[76.36642,33.58585],[76.38068,33.57706],[76.37471,33.56598],[76.37988,33.55302],[76.42636,33.53738],[76.44876,33.56378],[76.46463,33.54533],[76.45913,33.53399],[76.50239,33.51624],[76.50859,33.49913],[76.54916,33.4644],[76.56931,33.46635],[76.58157,33.42605],[76.61579,33.44002],[76.62838,33.43523],[76.63675,33.41564],[76.63184,33.40942],[76.67063,33.34202],[76.6957,33.3281],[76.71742,33.32914],[76.73212,33.29903],[76.72747,33.2834],[76.73697,33.2612],[76.75428,33.24877],[76.79929,33.25607],[76.82102,33.23601],[76.8309,33.24931],[76.84316,33.24687],[76.82563,33.21533],[76.83438,33.20493],[76.81746,33.19413],[76.82247,33.18432],[76.81362,33.17731],[76.81696,33.15978],[76.84444,33.13761],[76.85529,33.11429],[76.88517,33.12165],[76.89767,33.09896],[76.90924,33.09412],[76.90561,33.07878],[76.92868,33.03203],[76.96015,33.01536],[76.97162,33.00045],[76.99245,33.00184],[77.0103,32.9891],[77.049,32.99904],[77.09549,32.97105],[77.1109,32.97518],[77.11612,32.98476],[77.14973,32.97815],[77.14905,32.95606],[77.16089,32.95298],[77.16395,32.93699],[77.15714,32.91169],[77.17022,32.91076],[77.18826,32.92882],[77.19884,32.90905],[77.24339,32.89259],[77.237,32.88093],[77.25435,32.86387],[77.274,32.87379],[77.30118,32.84981],[77.32252,32.85117],[77.33677,32.81901],[77.35213,32.81573],[77.37347,32.82386],[77.37995,32.84513],[77.3744,32.85474],[77.40531,32.88317],[77.42851,32.87549],[77.44478,32.87967],[77.45212,32.8642],[77.46901,32.85845],[77.50138,32.88562],[77.51273,32.87749],[77.53921,32.8868],[77.56381,32.91241],[77.59568,32.92731],[77.60233,32.94283],[77.64295,32.94654],[77.65575,32.95891],[77.67367,32.96093],[77.68249,32.98871],[77.69725,32.97951],[77.71305,32.98257],[77.71965,32.96871],[77.73072,32.97446],[77.74072,32.96905],[77.81088,32.90677],[77.80635,32.89532],[77.78931,32.8906],[77.78094,32.86559],[77.82605,32.83626],[77.83913,32.84213],[77.86926,32.82702],[77.88792,32.79868],[77.88409,32.78771],[77.90378,32.77185],[77.92582,32.77203],[77.93431,32.75598],[77.92629,32.7348],[77.9343,32.72591],[77.92462,32.71679],[77.91851,32.69068],[77.9462,32.66167],[77.97061,32.65524],[77.97013,32.64675],[78.01584,32.61976],[78.029,32.62337],[78.02537,32.62731],[78.04682,32.64501],[78.06109,32.62625],[78.07425,32.63079],[78.08724,32.62436],[78.09891,32.63038],[78.09257,32.64772],[78.11058,32.6626],[78.12751,32.65214],[78.14753,32.65427],[78.14265,32.68182],[78.1754,32.68097],[78.21947,32.6647],[78.24594,32.67183],[78.25302,32.69106],[78.31222,32.70917],[78.31463,32.72119],[78.3042,32.73422],[78.35662,32.75768],[78.38772,32.75693],[78.39436,32.71561],[78.37959,32.66825],[78.38731,32.63437],[78.40517,32.61942],[78.34801,32.58106],[78.31285,32.57371],[78.31531,32.52542],[78.2946,32.50409],[78.32644,32.47202],[78.39859,32.52574],[78.42575,32.53109],[78.43522,32.56134],[78.45844,32.57978],[78.49815,32.58147],[78.53432,32.60841],[78.57197,32.61738],[78.6195,32.59648],[78.6376,32.60949],[78.66088,32.65379],[78.72161,32.66096],[78.75989,32.69713],[78.76769,32.69681],[78.76123,32.65485],[78.79107,32.6182],[78.79566,32.59814],[78.77497,32.57291],[78.77533,32.55813],[78.82578,32.43849],[78.85741,32.44043],[78.90202,32.39266],[78.96027,32.36585],[78.98395,32.33782],[79.01313,32.37706],[79.03227,32.3857],[79.06954,32.39047],[79.11361,32.38402],[79.12423,32.41342],[79.14284,32.42253],[79.14506,32.44273],[79.12985,32.46588],[79.13593,32.47673],[79.19364,32.48279],[79.2363,32.50565],[79.24938,32.5339],[79.27214,32.53223],[79.29359,32.54989],[79.31923,32.59251],[79.39301,32.57209],[79.39791,32.53685],[79.4053,32.52947],[79.4466,32.5323],[79.46828,32.57609],[79.5142,32.6079],[79.62534,32.73731],[79.60167,32.77674],[79.58579,32.7738],[79.56645,32.78658],[79.46251,32.91983],[79.42078,32.96129],[79.40774,32.96987],[79.38403,32.96772],[79.38255,32.98884],[79.33045,33.01182],[79.39224,33.03593],[79.392,33.05385],[79.37587,33.08448],[79.39191,33.12419],[79.44512,33.20556],[79.4519,33.26012],[79.36853,33.28238],[79.3142,33.27294],[79.23912,33.29753],[79.16482,33.28986],[79.09583,33.29432],[79.01632,33.3352],[78.98849,33.33257],[78.96725,33.37522],[78.9522,33.38083],[78.94855,33.40807],[78.93886,33.41205],[78.93188,33.4325],[78.93001,33.47356],[78.94132,33.509],[78.92638,33.55945],[78.91369,33.57404],[78.91524,33.63203],[78.98844,33.61088],[79.04631,33.62742],[79.10558,33.61658],[79.08897,33.65681],[79.08968,33.68669],[79.05247,33.67783],[79.0275,33.6915],[79.01904,33.70543],[79.04166,33.73814],[79.04148,33.74939],[79.067,33.75612],[79.05878,33.78],[79.04577,33.7658],[79.03265,33.7834],[79.02306,33.7749],[79.01527,33.77838],[79.01105,33.78656],[79.01771,33.7985],[78.99934,33.80301],[78.94232,33.90823],[78.94683,33.92039],[78.90363,33.97158],[78.90672,33.97992],[78.93909,34.02367],[79.01329,34.04996],[79.0826,34.02156],[79.1296,34.02393],[79.14226,34.03486],[79.15012,34.06777],[79.16973,34.07253],[79.19654,34.05091],[79.354,34.03661],[79.39722,34.02675],[79.41278,34.01453],[79.4322,34.02265],[79.43484,34.03436],[79.41295,34.05457],[79.41881,34.0778],[79.43102,34.09233],[79.45969,34.10165],[79.49319,34.13554],[79.48816,34.15686],[79.50568,34.20545],[79.51804,34.21251],[79.54293,34.20695],[79.57082,34.22253],[79.58418,34.2441],[79.59035,34.28243],[79.55801,34.33208],[79.56063,34.36311],[79.55242,34.38761],[79.55965,34.40965],[79.52658,34.41763],[79.52575,34.44518],[79.50696,34.47392],[79.56932,34.48633],[79.59169,34.50046],[79.60729,34.49161],[79.65083,34.48804],[79.66044,34.47931],[79.79244,34.4847],[79.81295,34.49971],[79.8087,34.53095],[79.75687,34.55435],[79.76942,34.58171],[79.79142,34.58927],[79.77104,34.62008],[79.77432,34.62722],[79.81495,34.64307],[79.82324,34.66076],[79.85907,34.68838],[79.8987,34.69089],[79.94295,34.68069],[80.06741,34.71441],[80.07152,34.82805],[80.12204,34.89304],[80.17311,35.00194],[80.18423,35.06282],[80.17621,35.13645],[80.18189,35.16633],[80.22435,35.21961],[80.23402,35.27622],[80.26926,35.34381],[80.28189,35.38746],[80.27942,35.44044],[80.2959,35.46037],[80.32184,35.46483],[80.32698,35.47215],[80.28984,35.60698],[80.23568,35.6415],[80.10646,35.68048],[80.08654,35.72473],[80.0566,35.74949],[80.03661,35.7993],[79.99755,35.83729],[79.9523,35.8367],[79.91694,35.82179],[79.86948,35.78257],[79.73594,35.80155],[79.71042,35.81902],[79.55829,35.8613],[79.51681,35.88304],[79.42051,35.89605],[79.40159,35.91831],[79.38312,35.9938],[79.37652,35.9948],[79.24029,35.98627],[79.21393,35.97829],[79.18828,35.94671],[79.19252,35.88644],[79.13102,35.83574],[79.02014,35.84827],[78.95901,35.89211],[78.93842,35.87909],[78.82228,35.85535],[78.7673,35.86918],[78.6635,35.8569],[78.61807,35.81666],[78.57913,35.80757],[78.57341,35.78918],[78.5591,35.792],[78.51983,35.76329],[78.50764,35.77221],[78.4218,35.78483],[78.38468,35.73502],[78.33744,35.72007],[78.27194,35.72147],[78.26605,35.71047],[78.27067,35.66841],[78.25367,35.64516],[78.19827,35.66868],[78.18469,35.62355],[78.16081,35.6289],[78.16509,35.61269],[78.15024,35.57769],[78.15528,35.55155],[78.13593,35.5384],[78.09149,35.55577],[78.07633,35.54868],[78.04058,35.58691],[77.98965,35.58136],[77.95112,35.6065],[77.96464,35.5871],[77.96539,35.57112],[77.92987,35.51528],[77.96354,35.49554],[77.96373,35.47866],[77.98291,35.46416],[77.98118,35.45539],[77.92068,35.49398],[77.89993,35.46758],[77.88572,35.48449],[77.86317,35.48074],[77.81714,35.51246],[77.78573,35.49482],[77.77147,35.49487],[77.73226,35.52407],[77.72314,35.51467],[77.72163,35.47505],[77.68534,35.47723],[77.67103,35.47008],[77.64364,35.48863],[77.6128,35.46916],[77.58067,35.47465],[77.56752,35.48459],[77.53864,35.48086],[77.51116,35.48814],[77.43833,35.46106],[77.37788,35.4772],[77.36499,35.49318],[77.3474,35.49321],[77.32095,35.53632],[77.3771,35.54986],[77.43399,35.5169],[77.45048,35.5261],[77.47111,35.52063],[77.48529,35.53152],[77.45931,35.54722],[77.4643,35.57283],[77.45555,35.59312],[77.42584,35.61005],[77.4355,35.62173],[77.42975,35.65409],[77.40031,35.66204],[77.35715,35.71722],[77.32631,35.71859],[77.31392,35.69863],[77.27627,35.7199],[77.26656,35.70858],[77.22692,35.71198],[77.21975,35.72773],[77.16602,35.73407],[77.16296,35.76623],[77.14228,35.76917],[77.11441,35.79727],[77.07889,35.79705],[77.01942,35.77413],[76.93399,35.78354],[76.89371,35.79922],[76.85666,35.83064],[76.81057,35.84428],[76.79285,35.86225],[76.77781,35.89815],[76.72156,35.9529],[76.75313,35.98214],[76.76849,36.0089],[76.80654,36.01813],[76.80063,36.04732],[76.71842,36.08267],[76.70253,36.12832],[76.66359,36.15751],[76.64325,36.18348],[76.59997,36.165],[76.56178,36.17251],[76.54368,36.1922],[76.48053,36.21085],[76.45596,36.23993],[76.43207,36.2506],[76.44886,36.26885],[76.43083,36.3076],[76.40307,36.31893],[76.35124,36.3593],[76.32708,36.36194],[76.29099,36.34853],[76.25361,36.34722],[76.19749,36.38687],[76.17199,36.38973],[76.07616,36.47369],[75.92225,36.50186],[75.84796,36.54373],[75.80846,36.5524],[75.76827,36.57273],[75.74724,36.58781],[75.67411,36.69542],[75.6154,36.76099],[75.47315,36.81013],[75.45894,36.82994],[75.44299,36.88661],[75.41314,36.89126],[75.40772,36.91606],[75.42574,36.93836],[75.42202,36.96003],[75.40017,36.96741],[75.37523,36.95982],[75.35095,36.98037],[75.34276,37.05183],[75.27821,37.04628],[75.26393,37.05128],[75.20794,37.03616],[75.15007,36.96646],[75.09495,36.94215],[75.01774,36.97573],[75.01182,36.96534],[74.99016,36.96217],[74.94035,36.93408],[74.92119,36.90545],[74.84507,36.98929],[74.83909,37.02165],[74.77789,37.02913],[74.74907,37.01108],[74.72728,37.02533],[74.71197,37.07366],[74.69498,37.07749],[74.65831,37.05707],[74.5809,37.04278],[74.5885,37.02792],[74.57775,36.94794],[74.55352,36.95297],[74.53127,36.98619],[74.42899,36.98938],[74.41524,36.97241],[74.36742,36.95827],[74.32297,36.92202],[74.26047,36.88592],[74.16821,36.90189],[74.15595,36.88809],[74.14184,36.83945],[74.12007,36.8317],[74.0918,36.83794],[74.05492,36.80577],[74.02513,36.82563],[73.99342,36.82594],[73.93694,36.87329],[73.92294,36.87732],[73.91254,36.87062],[73.87792,36.89374],[73.84823,36.89925],[73.83499,36.88624],[73.81722,36.88499],[73.80883,36.89582],[73.79249,36.89306],[73.76682,36.904],[73.74453,36.89574],[73.71037,36.9121],[73.68949,36.91146],[73.6806,36.88491],[73.71823,36.85654],[73.72368,36.83334],[73.74332,36.83273],[73.77736,36.81467],[73.80547,36.81475],[73.82007,36.79218],[73.86892,36.78156],[73.90442,36.73534],[73.89632,36.71565],[73.90077,36.70632],[73.89371,36.70105],[73.86541,36.69942],[73.80822,36.71607],[73.78227,36.70171],[73.72425,36.70936],[73.69975,36.68422],[73.65412,36.69545],[73.63236,36.68942],[73.60665,36.69787],[73.59941,36.71968],[73.54312,36.70871],[73.5291,36.72008],[73.51067,36.71477],[73.48171,36.73323],[73.46258,36.73104],[73.44076,36.74447],[73.39924,36.73109],[73.37132,36.73429],[73.36005,36.7148],[73.32947,36.71484],[73.31396,36.70577],[73.25245,36.70847],[73.21419,36.69933],[73.18864,36.72118],[73.12573,36.68597],[73.10208,36.68701],[73.08467,36.69907],[73.08423,36.68166],[73.09368,36.66645],[73.09126,36.63411],[73.11172,36.60945],[73.06076,36.5371],[72.99526,36.51426],[72.98962,36.47982],[73.00312,36.47544],[72.99132,36.45747],[72.96212,36.46685],[72.94276,36.45788],[72.92155,36.46232],[72.87875,36.44269],[72.88947,36.4241],[72.88938,36.39719],[72.86566,36.37283],[72.82901,36.36051],[72.81496,36.33774],[72.77784,36.30925],[72.74978,36.3045],[72.72294,36.28344],[72.69169,36.27502],[72.69328,36.24947],[72.68118,36.26219],[72.63602,36.27585],[72.59641,36.26362],[72.58475,36.22989],[72.5598,36.21176],[72.55087,36.18053],[72.57313,36.15034],[72.53593,36.1139],[72.53039,36.07404],[72.54936,36.05611],[72.58553,36.04983],[72.59535,36.02673],[72.58292,36.01909],[72.57257,35.99582],[72.55544,35.99606],[72.54773,35.96192],[72.53046,35.95226],[72.52937,35.92594],[72.53761,35.914],[72.56878,35.90672],[72.60091,35.87048],[72.64496,35.86575],[72.65972,35.84859],[72.69045,35.83228],[72.73685,35.8582],[72.77659,35.84343],[72.79737,35.85517],[72.79832,35.86689],[72.82457,35.87422],[72.82952,35.88676],[72.85691,35.87709],[72.90091,35.88107],[72.90395,35.85303],[72.92869,35.84495],[72.99898,35.86293],[73.03737,35.85417],[73.07701,35.88563],[73.09968,35.87764],[73.12692,35.85236],[73.15344,35.84108],[73.13499,35.79323],[73.13551,35.7186],[73.21478,35.6745],[73.27197,35.62919],[73.36666,35.60492],[73.40605,35.56345],[73.48096,35.57672],[73.50587,35.56486],[73.53126,35.57057],[73.5703,35.55427],[73.63465,35.57128],[73.67189,35.55066],[73.71997,35.55292],[73.73423,35.53609],[73.78408,35.52511],[73.79431,35.45961],[73.73809,35.42739],[73.69963,35.35783],[73.69906,35.32268],[73.72626,35.27772],[73.71556,35.22546],[73.73091,35.21677],[73.77671,35.24333],[73.81076,35.24194],[73.84597,35.22907],[73.86437,35.21027],[73.91643,35.21169],[73.95836,35.1739],[73.99894,35.18387],[74.00823,35.16557],[74.03822,35.14695],[74.07954,35.15419],[74.10117,35.14533],[74.11334,35.15138],[74.10981,35.1297],[74.13348,35.10749]]]}},{"type":"Feature","properties":{"shapeName":"Rājasthān","shapeISO":"IN-RJ","shapeType":"ADM1"},"geometry":{"type":"Polygon","coordinates":[[[77.28369,27.80108],[77.26875,27.81496],[77.25236,27.79071],[77.23669,27.78537],[77.23259,27.79736],[77.21064,27.80195],[77.20206,27.82461],[77.19134,27.80993],[77.19856,27.79968],[77.17702,27.78632],[77.16909,27.79175],[77.1896,27.80984],[77.17984,27.818],[77.15996,27.8175],[77.15752,27.78648],[77.14357,27.78645],[77.13521,27.77594],[77.13451,27.78689],[77.12284,27.79348],[77.10847,27.78633],[77.07461,27.81441],[77.04479,27.82183],[77.02657,27.77926],[77.05613,27.77122],[77.05954,27.76093],[77.07621,27.76639],[77.08565,27.73811],[77.05962,27.7265],[77.03646,27.74863],[77.01981,27.74579],[77.01154,27.7318],[77.00009,27.73699],[76.97909,27.65361],[76.94307,27.67383],[76.93278,27.65625],[76.92567,27.66132],[76.91054,27.65469],[76.91061,27.66804],[76.8983,27.67755],[76.90594,27.68631],[76.88959,27.70077],[76.90835,27.6937],[76.92444,27.69994],[76.91105,27.71494],[76.89421,27.71794],[76.89239,27.73347],[76.90141,27.74399],[76.90615,27.78808],[76.91332,27.78888],[76.91898,27.80443],[76.90996,27.8152],[76.9142,27.8334],[76.93568,27.8291],[76.94229,27.84292],[76.93763,27.89652],[76.95055,27.89594],[76.9516,27.91832],[76.93151,27.92264],[76.93786,27.98297],[76.93078,27.99355],[76.97054,28.13845],[76.94815,28.14223],[76.95093,28.1499],[76.93197,28.15307],[76.89251,28.18361],[76.89225,28.19325],[76.90675,28.20033],[76.87352,28.20552],[76.87489,28.21779],[76.84847,28.22165],[76.8312,28.20919],[76.80839,28.21089],[76.80476,28.19732],[76.81224,28.19093],[76.79752,28.19183],[76.79247,28.18421],[76.80062,28.16236],[76.7948,28.14841],[76.76243,28.14265],[76.74355,28.12104],[76.71574,28.12775],[76.70301,28.10761],[76.69817,28.112],[76.68734,28.08767],[76.65725,28.08931],[76.65438,28.0347],[76.66814,28.01384],[76.64066,28.00234],[76.58876,27.99797],[76.57927,27.97901],[76.56344,27.97819],[76.56055,27.96592],[76.54812,27.96385],[76.53807,27.96772],[76.53594,27.97953],[76.54272,27.9995],[76.53691,28.00036],[76.54544,28.0073],[76.53926,28.02321],[76.54381,28.03422],[76.52926,28.04035],[76.51007,28.02975],[76.49741,28.04331],[76.45466,28.04232],[76.4615,28.05866],[76.48942,28.05278],[76.50152,28.06006],[76.44783,28.08896],[76.46367,28.10896],[76.49917,28.10024],[76.50181,28.11886],[76.48709,28.11993],[76.49195,28.12989],[76.47204,28.13508],[76.47572,28.14859],[76.4363,28.14879],[76.43155,28.14107],[76.39973,28.14511],[76.38072,28.13341],[76.35656,28.14374],[76.35784,28.16105],[76.34524,28.1694],[76.29226,28.17922],[76.28071,28.16553],[76.30456,28.15932],[76.29758,28.14911],[76.32097,28.14856],[76.33314,28.13356],[76.35986,28.12491],[76.33659,28.1026],[76.30927,28.10818],[76.30144,28.09786],[76.32886,28.08767],[76.34344,28.0702],[76.3556,28.07072],[76.34231,28.03056],[76.31895,28.01552],[76.29898,28.0227],[76.29216,28.02586],[76.29356,28.0492],[76.26096,28.06753],[76.24293,28.06436],[76.238,28.0497],[76.20218,28.05833],[76.1804,28.05452],[76.17794,28.04559],[76.18951,28.03445],[76.20176,28.02934],[76.20367,28.03774],[76.21663,28.03547],[76.21474,28.02658],[76.2033,28.02802],[76.19683,28.01547],[76.17689,28.02154],[76.15778,27.98897],[76.16693,27.98297],[76.16346,27.97342],[76.18664,27.96547],[76.16816,27.90337],[76.20147,27.89254],[76.19381,27.8595],[76.21217,27.84643],[76.20886,27.84001],[76.22518,27.83325],[76.21733,27.8168],[76.1996,27.82155],[76.17496,27.79806],[76.15367,27.81973],[76.13227,27.82447],[76.1354,27.83928],[76.12333,27.85102],[76.08889,27.86055],[76.08566,27.8447],[76.06065,27.84827],[76.04808,27.83497],[76.04088,27.84127],[76.00955,27.84151],[76.00464,27.83443],[75.97137,27.85196],[75.98442,27.88258],[75.97531,27.89365],[75.98748,27.90415],[75.96806,27.91436],[75.93831,27.91407],[75.9324,27.93013],[75.95168,27.94771],[75.95791,27.9359],[75.97271,27.93266],[75.98198,27.96533],[75.99995,27.97757],[75.96582,27.9836],[75.96674,28.00002],[75.98993,27.99469],[75.99554,28.00688],[75.97112,28.01607],[75.97273,28.02362],[75.99462,28.03851],[76.01642,28.03049],[76.01713,28.05269],[76.0083,28.05838],[76.02535,28.05423],[76.04079,28.07405],[76.02321,28.08598],[76.00766,28.05892],[75.98442,28.04708],[75.97486,28.05098],[75.98833,28.06628],[75.98343,28.08134],[75.93862,28.08793],[75.94561,28.10716],[75.97667,28.12474],[75.99899,28.12276],[76.00749,28.15314],[76.01685,28.15008],[76.0318,28.16785],[76.07063,28.16513],[76.06537,28.14151],[76.07469,28.13713],[76.09294,28.14002],[76.09544,28.15086],[76.07617,28.16855],[76.07193,28.19433],[76.04736,28.19814],[76.05596,28.22027],[76.01614,28.23695],[76.013,28.24604],[76.02632,28.27503],[75.98621,28.29311],[75.97249,28.31857],[75.95784,28.31382],[75.95502,28.33376],[75.93297,28.3366],[75.92954,28.35914],[75.91823,28.372],[75.90061,28.37178],[75.89634,28.39008],[75.89037,28.38309],[75.864,28.38522],[75.81904,28.40984],[75.77676,28.40042],[75.7667,28.41423],[75.7885,28.43357],[75.78828,28.45356],[75.73565,28.46885],[75.73945,28.48477],[75.70196,28.49178],[75.6709,28.51733],[75.66578,28.536],[75.63345,28.54445],[75.62168,28.60207],[75.56149,28.61322],[75.5607,28.63592],[75.5495,28.64146],[75.54118,28.66049],[75.53994,28.72489],[75.53043,28.73826],[75.54299,28.7504],[75.53034,28.74744],[75.51761,28.77381],[75.50344,28.78241],[75.5194,28.81293],[75.52022,28.834],[75.5078,28.83922],[75.50543,28.85115],[75.49844,28.84896],[75.49651,28.89632],[75.47337,28.92339],[75.47719,28.93471],[75.49865,28.93396],[75.51153,28.94207],[75.51,28.95389],[75.5274,28.97101],[75.5218,29.00387],[75.47259,29.01429],[75.4457,29.0083],[75.44294,29.02307],[75.45191,29.03915],[75.44181,29.05753],[75.39124,29.06271],[75.39209,29.10198],[75.40576,29.11981],[75.40214,29.1279],[75.37147,29.1381],[75.3787,29.14217],[75.38127,29.1689],[75.40675,29.16975],[75.41436,29.18431],[75.40855,29.21317],[75.3968,29.21754],[75.41197,29.24276],[75.4105,29.25569],[75.37895,29.25687],[75.36233,29.24444],[75.35996,29.2272],[75.34982,29.22378],[75.3281,29.23532],[75.33871,29.25198],[75.34058,29.28114],[75.32293,29.28948],[75.30671,29.27464],[75.28833,29.27336],[75.28408,29.24886],[75.24484,29.25014],[75.23837,29.23024],[75.21012,29.23465],[75.18799,29.26827],[75.16862,29.25888],[75.17434,29.25125],[75.1628,29.24402],[75.12436,29.23988],[75.11958,29.22287],[75.07551,29.2297],[75.06041,29.2761],[75.04999,29.28615],[75.01986,29.28628],[74.99864,29.27069],[74.98323,29.28058],[74.96114,29.28058],[74.94838,29.30148],[74.96086,29.32026],[74.93986,29.34002],[74.93825,29.36204],[74.90027,29.38477],[74.87763,29.38355],[74.87138,29.39488],[74.85052,29.40361],[74.82034,29.39721],[74.78752,29.36143],[74.76217,29.35438],[74.73918,29.35414],[74.71943,29.36998],[74.65819,29.37196],[74.65447,29.33293],[74.59925,29.32746],[74.60731,29.35623],[74.60287,29.36491],[74.57785,29.38849],[74.56638,29.42048],[74.53658,29.42454],[74.53462,29.44771],[74.54331,29.4679],[74.58461,29.4585],[74.60097,29.50106],[74.62186,29.52224],[74.62304,29.53098],[74.57493,29.56432],[74.58153,29.62715],[74.59134,29.63953],[74.58544,29.65447],[74.61609,29.75216],[74.60094,29.76592],[74.58727,29.76691],[74.57589,29.74831],[74.57739,29.75399],[74.56247,29.75559],[74.54641,29.75301],[74.53396,29.7404],[74.48037,29.74349],[74.47378,29.76834],[74.48508,29.81501],[74.50789,29.83305],[74.53912,29.84059],[74.56104,29.86964],[74.54362,29.90144],[74.51002,29.90819],[74.52716,29.94279],[73.89468,29.97383],[73.88626,30.01207],[73.90402,30.05003],[73.97512,30.12002],[73.96799,30.14368],[73.97259,30.19813],[73.82651,30.0912],[73.80623,30.06768],[73.59705,30.0189],[73.39699,29.94588],[73.28242,29.57197],[73.08451,29.23584],[73.00428,29.15291],[72.94524,29.02774],[72.73245,28.94764],[72.39216,28.77194],[72.2993,28.6695],[72.20612,28.39412],[72.1322,28.31291],[71.99611,28.20804],[71.92773,28.12161],[71.89827,27.96153],[71.66598,27.87777],[71.3826,27.8725],[71.20513,27.83535],[70.96276,27.72931],[70.87161,27.70556],[70.75906,27.72121],[70.73946,27.74188],[70.68398,27.82818],[70.67706,27.92181],[70.59829,27.9931],[70.58917,28.01045],[70.50542,28.03695],[70.37192,28.01179],[70.29585,27.93587],[70.22585,27.90082],[70.1322,27.80561],[70.02565,27.56288],[69.93352,27.49776],[69.86291,27.4022],[69.70206,27.28389],[69.64457,27.22517],[69.5869,27.18353],[69.5131,27.01001],[69.48423,26.8049],[69.51009,26.74357],[69.71952,26.65481],[69.79169,26.59831],[69.88593,26.57881],[70.05602,26.60058],[70.11718,26.58698],[70.17403,26.5514],[70.18416,26.48476],[70.17675,26.42402],[70.1851,26.37434],[70.16339,26.29496],[70.17493,26.25137],[70.1409,26.15602],[70.08318,26.08343],[70.09952,25.93834],[70.17411,25.82846],[70.2222,25.79323],[70.24669,25.76226],[70.26837,25.71378],[70.38674,25.67392],[70.52986,25.68355],[70.60853,25.71509],[70.64697,25.71275],[70.65983,25.7022],[70.67371,25.67598],[70.66691,25.5314],[70.67824,25.52569],[70.66451,25.39707],[70.7365,25.33259],[70.75134,25.27788],[70.88817,25.14835],[70.93737,24.93882],[71.02629,24.80907],[71.06516,24.71764],[71.11201,24.67568],[71.28758,24.61584],[71.3043,24.62835],[71.3137,24.64798],[71.34782,24.66095],[71.35858,24.63089],[71.37738,24.62587],[71.44774,24.66826],[71.46172,24.66631],[71.47781,24.67954],[71.5027,24.68275],[71.52897,24.68513],[71.54188,24.67607],[71.5734,24.68393],[71.59036,24.66732],[71.60787,24.67696],[71.63876,24.65941],[71.64393,24.6438],[71.65538,24.63907],[71.70788,24.66166],[71.73649,24.66024],[71.79154,24.67722],[71.81039,24.65594],[71.80591,24.62663],[71.83784,24.62118],[71.85218,24.60924],[71.86536,24.63056],[71.85777,24.6664],[71.87176,24.68165],[71.88824,24.67202],[71.90751,24.67744],[71.91862,24.672],[71.92033,24.66404],[71.91166,24.65844],[71.91545,24.64939],[71.92551,24.63592],[71.93988,24.63369],[71.98824,24.65741],[71.9838,24.68578],[71.99384,24.69494],[72.01249,24.69047],[72.06132,24.712],[72.08521,24.7063],[72.09276,24.68183],[72.08615,24.67747],[72.08983,24.65858],[72.12456,24.6385],[72.15027,24.64355],[72.16482,24.62118],[72.19658,24.61462],[72.19474,24.62292],[72.21668,24.62679],[72.23036,24.6405],[72.25468,24.62478],[72.27085,24.63746],[72.27367,24.62826],[72.30498,24.61744],[72.32021,24.61768],[72.33545,24.63319],[72.34738,24.62841],[72.33609,24.59861],[72.31366,24.59383],[72.2974,24.60886],[72.27605,24.60734],[72.24641,24.58549],[72.26483,24.56017],[72.28572,24.56514],[72.29482,24.54669],[72.329,24.5523],[72.33095,24.5692],[72.35374,24.56365],[72.37014,24.54363],[72.3797,24.51229],[72.38862,24.50762],[72.41634,24.52106],[72.44145,24.51496],[72.43023,24.48007],[72.43379,24.46],[72.45147,24.442],[72.45725,24.41469],[72.50035,24.41694],[72.49319,24.45898],[72.50443,24.45826],[72.52007,24.50029],[72.53351,24.5037],[72.53896,24.51951],[72.57595,24.47875],[72.65633,24.46212],[72.68337,24.46378],[72.68751,24.4525],[72.67978,24.44283],[72.68915,24.41163],[72.73087,24.3642],[72.80584,24.36284],[72.81479,24.37013],[72.84977,24.37195],[72.89116,24.35688],[72.91074,24.33712],[72.97513,24.3687],[72.97438,24.38266],[72.94929,24.39809],[72.98099,24.43403],[72.96779,24.4506],[72.99111,24.4778],[73.00099,24.48345],[73.00323,24.46665],[73.03459,24.46415],[73.08724,24.49795],[73.0959,24.49003],[73.09114,24.47501],[73.10183,24.47072],[73.10284,24.43291],[73.07651,24.39651],[73.08751,24.38654],[73.10003,24.39029],[73.11166,24.37347],[73.15204,24.35426],[73.17072,24.35573],[73.19853,24.37682],[73.21927,24.36381],[73.19857,24.33184],[73.18167,24.34323],[73.17636,24.33779],[73.16923,24.30021],[73.13545,24.30834],[73.12546,24.27334],[73.09536,24.24925],[73.08792,24.23373],[73.09713,24.23099],[73.07847,24.21928],[73.07928,24.20501],[73.06745,24.1946],[73.12523,24.12477],[73.15355,24.11269],[73.15893,24.09823],[73.21395,24.07759],[73.19316,24.0409],[73.22939,24.02202],[73.2428,24.0022],[73.26534,24.02023],[73.28244,24.01921],[73.2967,24.04387],[73.31672,24.05354],[73.32634,24.10956],[73.33836,24.09874],[73.34711,24.10671],[73.36201,24.10457],[73.36088,24.0812],[73.40471,24.04095],[73.40801,24.00801],[73.39862,23.98997],[73.41497,23.9857],[73.41325,23.93908],[73.42084,23.93074],[73.40653,23.91642],[73.38748,23.91582],[73.36114,23.87261],[73.35386,23.85277],[73.36773,23.83938],[73.36793,23.81415],[73.35186,23.79131],[73.37079,23.76517],[73.40027,23.78497],[73.41804,23.77672],[73.42435,23.76155],[73.44776,23.75279],[73.44923,23.73473],[73.47143,23.71965],[73.47354,23.70515],[73.50741,23.70296],[73.5039,23.65663],[73.49662,23.64907],[73.50879,23.6443],[73.49378,23.63225],[73.5231,23.60682],[73.57267,23.65368],[73.6155,23.65204],[73.65567,23.62121],[73.64337,23.59429],[73.64969,23.56802],[73.63664,23.56452],[73.63309,23.5286],[73.65638,23.50738],[73.64963,23.49639],[73.64074,23.49633],[73.62723,23.44849],[73.64747,23.43637],[73.67394,23.45403],[73.69742,23.45659],[73.71166,23.43543],[73.7081,23.42224],[73.72083,23.41006],[73.75575,23.45424],[73.76771,23.45285],[73.77231,23.43774],[73.7863,23.43015],[73.82873,23.44762],[73.83026,23.42616],[73.8618,23.38355],[73.87298,23.37938],[73.87435,23.36359],[73.89268,23.3482],[73.89195,23.33404],[73.93566,23.33965],[73.93801,23.36785],[73.96237,23.38083],[73.98027,23.36282],[73.98195,23.33778],[74.02867,23.3316],[74.02483,23.32099],[74.03309,23.30592],[74.04488,23.30874],[74.03819,23.29337],[74.09224,23.29798],[74.10686,23.29367],[74.11556,23.27432],[74.13882,23.26598],[74.14078,23.22295],[74.12558,23.20418],[74.12781,23.17604],[74.1474,23.17291],[74.15545,23.15629],[74.18119,23.15158],[74.18862,23.17808],[74.20294,23.19024],[74.23369,23.17957],[74.24707,23.18436],[74.27274,23.15963],[74.28006,23.13184],[74.29299,23.11722],[74.28444,23.09321],[74.32916,23.06122],[74.38614,23.11147],[74.43225,23.10497],[74.44095,23.09072],[74.46414,23.08174],[74.50577,23.08512],[74.51063,23.09466],[74.54481,23.10902],[74.53941,23.12931],[74.60663,23.14265],[74.67142,23.20006],[74.71497,23.19071],[74.74154,23.20836],[74.74712,23.2267],[74.72643,23.215],[74.69184,23.21918],[74.69142,23.22565],[74.71511,23.23673],[74.713,23.25043],[74.69838,23.2574],[74.69976,23.26838],[74.67678,23.27387],[74.63887,23.25542],[74.62695,23.25875],[74.62491,23.27376],[74.60936,23.28233],[74.58514,23.27691],[74.5744,23.29514],[74.54667,23.27704],[74.52786,23.31081],[74.5299,23.32068],[74.51497,23.31575],[74.51416,23.32824],[74.53971,23.33476],[74.53982,23.36189],[74.55762,23.36183],[74.56886,23.37625],[74.57239,23.42061],[74.5992,23.42884],[74.6101,23.45179],[74.60406,23.45746],[74.63233,23.46164],[74.63311,23.46979],[74.65193,23.46244],[74.66593,23.48279],[74.67873,23.48343],[74.68026,23.49492],[74.7009,23.50423],[74.71842,23.50378],[74.72723,23.49538],[74.73605,23.511],[74.73339,23.52167],[74.76174,23.52123],[74.77288,23.54401],[74.7941,23.55091],[74.80295,23.53247],[74.82928,23.55067],[74.84732,23.55207],[74.85343,23.57065],[74.87336,23.57703],[74.87005,23.59181],[74.90272,23.62466],[74.9149,23.6181],[74.93652,23.62855],[74.9218,23.66642],[74.89968,23.68224],[74.92156,23.69481],[74.9202,23.71936],[74.93628,23.72959],[74.92428,23.7563],[74.94039,23.76467],[74.92431,23.79656],[74.90371,23.79424],[74.91378,23.84245],[74.90367,23.85267],[74.9025,23.87316],[74.92076,23.91935],[74.91607,23.93092],[74.92805,23.93922],[74.93111,23.9575],[74.95891,23.97196],[74.96536,24.00668],[74.98244,24.0257],[74.97391,24.0398],[74.96031,24.03925],[74.96018,24.04595],[74.93931,24.05382],[74.94042,24.06981],[74.92072,24.07763],[74.91801,24.09779],[74.90335,24.10919],[74.90807,24.12105],[74.90109,24.12575],[74.89597,24.1577],[74.87954,24.17365],[74.91017,24.2101],[74.89798,24.21423],[74.89685,24.22712],[74.8678,24.24305],[74.85032,24.23645],[74.81128,24.24421],[74.77482,24.23864],[74.75432,24.2421],[74.7471,24.2534],[74.78131,24.2891],[74.78091,24.3385],[74.80188,24.3587],[74.80725,24.38076],[74.82145,24.37945],[74.82519,24.39995],[74.85517,24.42426],[74.85423,24.4445],[74.81375,24.43668],[74.82206,24.45312],[74.81511,24.46864],[74.7869,24.47215],[74.7767,24.4603],[74.74444,24.46853],[74.72746,24.48876],[74.70872,24.48642],[74.71666,24.50669],[74.74467,24.51341],[74.74422,24.53225],[74.75577,24.53458],[74.74351,24.5714],[74.78652,24.58581],[74.77957,24.61533],[74.81364,24.64954],[74.81424,24.66592],[74.79032,24.66503],[74.78359,24.65747],[74.77176,24.66145],[74.78723,24.70373],[74.77942,24.73138],[74.8041,24.7352],[74.7999,24.77914],[74.80902,24.78072],[74.83622,24.70641],[74.85456,24.68862],[74.85164,24.67873],[74.85278,24.68516],[74.86009,24.68324],[74.87293,24.64652],[74.88884,24.63363],[74.8944,24.64426],[74.90169,24.63284],[74.90519,24.64108],[74.94326,24.63778],[74.94216,24.6474],[74.95089,24.64747],[74.95777,24.66149],[74.96137,24.65644],[74.96007,24.6787],[75.00163,24.68631],[74.99229,24.69336],[74.99235,24.73168],[75.01629,24.73193],[75.00096,24.77464],[74.98152,24.7636],[74.93515,24.77834],[74.91455,24.769],[74.90699,24.78156],[74.88011,24.79012],[74.87984,24.79731],[74.8609,24.79854],[74.86098,24.77899],[74.84932,24.77592],[74.83804,24.7973],[74.86103,24.80453],[74.85914,24.8384],[74.84067,24.88518],[74.8314,24.88624],[74.82578,24.90071],[74.82655,24.93379],[74.8431,24.96895],[74.85917,24.96268],[74.8698,24.92486],[74.88117,24.93724],[74.90281,24.9299],[74.9164,24.90707],[74.91059,24.89394],[74.924,24.87791],[74.95317,24.88051],[74.94818,24.8645],[74.95853,24.85808],[75.00867,24.85644],[75.03404,24.84459],[75.05184,24.85316],[75.05992,24.86355],[75.0553,24.87184],[75.06575,24.86815],[75.07653,24.88063],[75.08843,24.87882],[75.08744,24.87082],[75.11682,24.87786],[75.11355,24.96675],[75.12958,24.96922],[75.14148,24.9783],[75.13219,24.98356],[75.1665,25.00285],[75.16175,25.01815],[75.15227,25.02068],[75.16581,25.04756],[75.19823,25.03303],[75.20568,25.03893],[75.22591,25.03358],[75.26757,25.04253],[75.33433,25.04106],[75.34995,25.03354],[75.34454,25.02952],[75.35137,25.01954],[75.32112,25.01054],[75.31188,24.99567],[75.31407,24.97903],[75.33706,24.95532],[75.31844,24.8941],[75.31273,24.88508],[75.30501,24.92844],[75.28187,24.95303],[75.28519,24.96568],[75.26105,24.9634],[75.25783,24.9532],[75.26662,24.95075],[75.27947,24.93451],[75.27733,24.92491],[75.28793,24.9235],[75.29428,24.90891],[75.26698,24.89901],[75.26343,24.8748],[75.30925,24.85595],[75.32663,24.87482],[75.37363,24.86769],[75.42035,24.88623],[75.42566,24.86877],[75.40491,24.84564],[75.32868,24.81897],[75.31105,24.80093],[75.29783,24.80705],[75.29057,24.83336],[75.2784,24.84002],[75.22424,24.84396],[75.22528,24.83413],[75.24909,24.83001],[75.25236,24.81304],[75.24424,24.80464],[75.21563,24.80247],[75.20171,24.77128],[75.19282,24.77374],[75.18443,24.74845],[75.19755,24.74326],[75.21944,24.7025],[75.22838,24.71756],[75.26474,24.71752],[75.45544,24.68065],[75.48992,24.687],[75.53389,24.71227],[75.54962,24.70297],[75.5831,24.71325],[75.61084,24.68098],[75.64603,24.68513],[75.68325,24.72415],[75.75683,24.76151],[75.80216,24.75642],[75.83628,24.72779],[75.82518,24.66754],[75.84824,24.66318],[75.84908,24.64743],[75.84133,24.63802],[75.84497,24.62699],[75.82516,24.61299],[75.83674,24.6061],[75.83546,24.5949],[75.84924,24.61083],[75.87154,24.60648],[75.8786,24.58337],[75.91475,24.5723],[75.90387,24.54842],[75.92334,24.53513],[75.92063,24.52143],[75.90795,24.51264],[75.89071,24.51857],[75.88806,24.50769],[75.90314,24.50442],[75.91162,24.49183],[75.90919,24.45503],[75.87529,24.42646],[75.83879,24.41413],[75.80978,24.43394],[75.8138,24.4618],[75.78939,24.47155],[75.78606,24.45321],[75.74757,24.42422],[75.75589,24.42061],[75.7553,24.40648],[75.73148,24.39867],[75.72777,24.39047],[75.7295,24.3777],[75.73789,24.38229],[75.74006,24.37691],[75.73986,24.3321],[75.75599,24.32112],[75.76644,24.29808],[75.80189,24.30243],[75.81081,24.29584],[75.81843,24.28064],[75.81171,24.2751],[75.81155,24.25774],[75.81922,24.25692],[75.81443,24.24431],[75.83026,24.23342],[75.80942,24.22945],[75.80762,24.21787],[75.79262,24.21002],[75.77646,24.20834],[75.77401,24.18074],[75.76387,24.17445],[75.75102,24.14343],[75.77035,24.1154],[75.78263,24.1159],[75.79294,24.09184],[75.8056,24.09955],[75.81664,24.08545],[75.83495,24.09172],[75.83681,24.05698],[75.78292,24.04334],[75.78307,24.02176],[75.77346,24.00762],[75.76264,24.00994],[75.76548,23.99274],[75.7423,23.99267],[75.74128,23.97696],[75.71752,23.96686],[75.70177,23.96653],[75.69878,23.98805],[75.68699,23.98872],[75.68772,24.00533],[75.67818,24.00725],[75.67457,24.01734],[75.63992,23.99797],[75.59572,23.99002],[75.5757,23.99414],[75.56742,24.00672],[75.53942,24.00895],[75.52109,24.02459],[75.4739,23.98196],[75.46017,23.93231],[75.46225,23.91449],[75.49151,23.90693],[75.50509,23.88776],[75.52291,23.8841],[75.56434,23.85643],[75.56614,23.84406],[75.5795,23.83485],[75.57477,23.82853],[75.5616,23.8322],[75.5592,23.81855],[75.56636,23.80951],[75.58914,23.8096],[75.58354,23.79473],[75.65443,23.79831],[75.65977,23.7842],[75.67547,23.78191],[75.68693,23.75534],[75.70183,23.78641],[75.69016,23.8134],[75.72164,23.81186],[75.72652,23.8205],[75.71925,23.84124],[75.73657,23.85649],[75.73521,23.86217],[75.71098,23.86245],[75.7017,23.87282],[75.70603,23.89927],[75.71577,23.89342],[75.7353,23.8985],[75.74006,23.88944],[75.75277,23.88725],[75.76464,23.87528],[75.76561,23.85061],[75.77364,23.84811],[75.78209,23.8488],[75.79382,23.86703],[75.81807,23.86805],[75.83289,23.87995],[75.8408,23.87457],[75.8532,23.88755],[75.87063,23.89037],[75.8862,23.87899],[75.89494,23.88934],[75.93751,23.89664],[75.95531,23.92079],[75.98136,23.92892],[75.98738,23.94093],[75.9849,23.97369],[75.96729,23.99123],[75.96345,24.01866],[75.97829,24.02647],[76.00704,24.02322],[76.0421,24.06592],[76.07278,24.07662],[76.07598,24.07087],[76.10052,24.08698],[76.12708,24.08802],[76.12049,24.10816],[76.13104,24.11674],[76.12236,24.13778],[76.12443,24.15914],[76.11366,24.16377],[76.11744,24.19414],[76.14828,24.23157],[76.13666,24.27088],[76.14329,24.28301],[76.16251,24.2847],[76.16467,24.30698],[76.17421,24.30735],[76.18542,24.32931],[76.20472,24.30086],[76.19459,24.27315],[76.20214,24.26879],[76.2032,24.22054],[76.21246,24.2098],[76.23994,24.21884],[76.28121,24.20679],[76.28734,24.22992],[76.32175,24.24541],[76.35757,24.23972],[76.40185,24.21545],[76.41258,24.20025],[76.42079,24.20852],[76.41637,24.22068],[76.45212,24.2091],[76.47055,24.22595],[76.48058,24.20792],[76.50483,24.2031],[76.51349,24.16553],[76.52764,24.15701],[76.57679,24.17779],[76.56413,24.19117],[76.57037,24.20917],[76.59498,24.22282],[76.58477,24.24374],[76.6112,24.23832],[76.61644,24.25782],[76.63365,24.2577],[76.64343,24.26934],[76.66652,24.26237],[76.69544,24.28428],[76.70221,24.2414],[76.69012,24.23004],[76.67598,24.19089],[76.71928,24.15889],[76.72619,24.16853],[76.75635,24.16908],[76.80198,24.11654],[76.83335,24.12217],[76.85464,24.1357],[76.90076,24.12721],[76.91611,24.1877],[76.9355,24.18386],[76.94706,24.1985],[76.94604,24.20598],[76.92244,24.21157],[76.9228,24.22532],[76.91229,24.23793],[76.88889,24.24476],[76.86305,24.27311],[76.85656,24.30444],[76.8415,24.32251],[76.83241,24.35808],[76.85179,24.3707],[76.83752,24.40852],[76.85043,24.42338],[76.8409,24.44246],[76.85182,24.45027],[76.85325,24.46694],[76.84647,24.48636],[76.8354,24.48889],[76.8164,24.53361],[76.86295,24.54958],[76.87672,24.53902],[76.87274,24.52773],[76.88414,24.52151],[76.90171,24.54584],[76.91761,24.54338],[76.91845,24.48069],[76.95095,24.46176],[76.97783,24.46123],[76.98347,24.47278],[77.00885,24.47687],[77.01163,24.49217],[77.02898,24.49605],[77.0369,24.52806],[77.05475,24.52643],[77.07133,24.57243],[77.06826,24.62758],[77.03067,24.7122],[76.99885,24.71783],[76.99642,24.73213],[76.97413,24.73608],[76.96354,24.75651],[76.95439,24.75948],[76.9069,24.73146],[76.89058,24.74687],[76.85613,24.74246],[76.84637,24.76997],[76.80262,24.80927],[76.79997,24.82467],[76.82438,24.83619],[76.89774,24.83858],[76.92956,24.84824],[76.94963,24.86936],[76.91245,24.88822],[76.92013,24.91656],[76.8902,24.91937],[76.88954,24.93381],[76.86193,24.96135],[76.86787,24.9835],[76.85687,25.00245],[76.87534,25.0073],[76.87616,25.04152],[76.94548,25.04674],[76.96186,25.05628],[76.96789,25.05077],[76.9748,25.06638],[77.00026,25.07484],[77.08531,25.05509],[77.09554,25.06551],[77.12276,25.06688],[77.14798,25.09529],[77.1498,25.08656],[77.16692,25.08487],[77.17458,25.11171],[77.23868,25.10685],[77.26951,25.11601],[77.28874,25.10636],[77.29826,25.08643],[77.3112,25.07972],[77.3409,25.0957],[77.35761,25.09366],[77.39308,25.11939],[77.40658,25.11169],[77.39066,25.12309],[77.39325,25.15955],[77.40027,25.18388],[77.42654,25.18796],[77.4115,25.22392],[77.3942,25.22981],[77.38227,25.24563],[77.37097,25.24593],[77.36633,25.26002],[77.35521,25.26351],[77.35429,25.27337],[77.36274,25.27892],[77.37405,25.27449],[77.38102,25.29245],[77.37634,25.31815],[77.36743,25.32858],[77.34216,25.32174],[77.36669,25.3606],[77.35152,25.37013],[77.35093,25.38526],[77.37092,25.40837],[77.36026,25.41916],[77.34917,25.41621],[77.31415,25.43139],[77.29124,25.42272],[77.24874,25.38068],[77.23423,25.3789],[77.22432,25.33536],[77.23441,25.33365],[77.22321,25.31876],[77.21501,25.31977],[77.21737,25.32956],[77.20558,25.32651],[77.20918,25.30616],[77.16483,25.30828],[77.12515,25.33055],[77.08352,25.33671],[77.07002,25.31875],[77.04567,25.31936],[77.03144,25.29454],[76.97363,25.30033],[76.95984,25.29672],[76.95779,25.28433],[76.94306,25.28215],[76.92329,25.2854],[76.92947,25.30292],[76.89909,25.32419],[76.85722,25.33271],[76.7777,25.31547],[76.72932,25.32854],[76.70046,25.35152],[76.66949,25.34908],[76.6402,25.38351],[76.62342,25.37674],[76.5985,25.39231],[76.58763,25.4318],[76.55583,25.45256],[76.55541,25.48301],[76.51636,25.52757],[76.52005,25.54733],[76.50556,25.57956],[76.51378,25.60278],[76.51088,25.62833],[76.4969,25.64265],[76.50411,25.67085],[76.47916,25.68445],[76.47311,25.70919],[76.50051,25.72807],[76.52218,25.72834],[76.51538,25.77587],[76.52071,25.7925],[76.58225,25.87021],[76.59142,25.87548],[76.62145,25.86925],[76.63177,25.89995],[76.64189,25.90794],[76.67249,25.91004],[76.71572,25.90069],[76.75811,25.92254],[76.74872,25.94092],[76.79097,25.94313],[76.80822,25.96673],[76.80219,25.97598],[76.80712,25.98995],[76.83996,26.02608],[76.86686,26.03295],[76.88534,26.04796],[76.90115,26.09317],[76.94813,26.10284],[76.97767,26.12501],[76.99899,26.13006],[77.00644,26.15117],[77.03143,26.17248],[77.09837,26.18428],[77.11631,26.22031],[77.1351,26.23336],[77.16679,26.23255],[77.17539,26.23906],[77.20385,26.23004],[77.21313,26.23406],[77.2702,26.26707],[77.31673,26.3118],[77.33052,26.34389],[77.36669,26.36346],[77.3904,26.35651],[77.44435,26.36158],[77.44854,26.36777],[77.43527,26.39337],[77.43761,26.40341],[77.53836,26.41134],[77.55872,26.43526],[77.61348,26.45272],[77.63332,26.47868],[77.67554,26.50302],[77.72626,26.50209],[77.74475,26.53823],[77.78344,26.55209],[77.82364,26.55045],[77.83577,26.57714],[77.82732,26.59603],[77.8472,26.61187],[77.89457,26.61518],[77.9036,26.65897],[77.95357,26.65922],[77.9832,26.67363],[78.00061,26.69493],[78.05529,26.68388],[78.07437,26.67055],[78.08973,26.67447],[78.09574,26.68123],[78.09593,26.7278],[78.12353,26.74699],[78.10273,26.76396],[78.10681,26.79084],[78.12578,26.79663],[78.1551,26.78407],[78.18364,26.78382],[78.18681,26.79508],[78.16762,26.81431],[78.1692,26.82154],[78.20225,26.82174],[78.22295,26.83063],[78.19698,26.88218],[78.20862,26.86887],[78.23264,26.87428],[78.23707,26.88898],[78.25913,26.89675],[78.27225,26.91919],[78.25496,26.93531],[78.25461,26.92581],[78.23862,26.92665],[78.22496,26.9463],[78.21013,26.93123],[78.17199,26.94818],[78.15645,26.94321],[78.12451,26.94929],[78.11177,26.93976],[78.12277,26.93452],[78.12181,26.92258],[78.10516,26.92682],[78.10163,26.91699],[78.11119,26.89588],[78.1002,26.9049],[78.09604,26.89378],[78.06695,26.91139],[78.0488,26.91013],[78.05597,26.86839],[78.04466,26.86998],[78.02647,26.84954],[78.02095,26.85751],[78.03547,26.8708],[78.02422,26.87257],[78.03019,26.88603],[78.01458,26.90291],[78.00223,26.9029],[77.98721,26.88935],[77.97231,26.89607],[77.97133,26.90587],[77.9484,26.89358],[77.93968,26.90678],[77.91562,26.90739],[77.90636,26.91778],[77.9089,26.89062],[77.89648,26.884],[77.87756,26.90237],[77.85024,26.91283],[77.81021,26.92419],[77.79298,26.91705],[77.78046,26.92985],[77.76059,26.93262],[77.75317,26.91687],[77.73237,26.92015],[77.72491,26.91038],[77.71764,26.89726],[77.72697,26.89022],[77.7226,26.87432],[77.7065,26.87684],[77.6976,26.86737],[77.68665,26.87525],[77.67474,26.85754],[77.62039,26.8428],[77.61033,26.82857],[77.60836,26.83912],[77.57447,26.82086],[77.52568,26.81887],[77.51698,26.82577],[77.52071,26.84152],[77.50117,26.84445],[77.50068,26.81701],[77.48746,26.78815],[77.50256,26.76873],[77.48522,26.74801],[77.45456,26.74187],[77.47036,26.76465],[77.4669,26.77373],[77.45345,26.77787],[77.43268,26.76783],[77.43708,26.78428],[77.42908,26.80156],[77.39787,26.83036],[77.42968,26.84707],[77.42728,26.86408],[77.43807,26.86311],[77.44842,26.87533],[77.45896,26.87283],[77.46031,26.88584],[77.49025,26.90049],[77.58319,26.92416],[77.59224,26.94027],[77.60213,26.93327],[77.66088,26.97122],[77.67216,26.95997],[77.67624,26.97322],[77.69948,26.97512],[77.72239,26.98785],[77.74347,26.98316],[77.74572,26.99504],[77.75857,26.99696],[77.75029,27.00187],[77.76137,26.99998],[77.76295,27.00684],[77.75099,27.02904],[77.73768,27.02975],[77.73005,26.99389],[77.71194,26.9971],[77.70573,27.01446],[77.68962,27.02667],[77.69306,27.04085],[77.67976,27.04708],[77.66558,27.01725],[77.64221,27.02566],[77.63002,27.01021],[77.62345,27.02199],[77.60181,27.02253],[77.59681,27.0327],[77.57919,27.0382],[77.5632,27.02937],[77.5753,27.05641],[77.57168,27.07187],[77.55359,27.07603],[77.54164,27.06261],[77.51934,27.06662],[77.52635,27.08462],[77.50544,27.09229],[77.51773,27.10246],[77.53756,27.09833],[77.55028,27.11128],[77.59784,27.118],[77.60445,27.12425],[77.59896,27.14345],[77.61368,27.1506],[77.61005,27.16285],[77.61995,27.17355],[77.63786,27.16384],[77.6584,27.17011],[77.68112,27.1944],[77.66564,27.20901],[77.64671,27.21022],[77.65281,27.23484],[77.64293,27.2349],[77.64554,27.24328],[77.63317,27.25813],[77.61642,27.2578],[77.61318,27.26582],[77.62177,27.27505],[77.61682,27.28645],[77.59866,27.2972],[77.62189,27.31305],[77.6227,27.33619],[77.61636,27.34043],[77.61253,27.33192],[77.60129,27.33429],[77.57878,27.32266],[77.54794,27.33689],[77.54556,27.34957],[77.52951,27.35166],[77.50718,27.37709],[77.48462,27.38353],[77.47269,27.37708],[77.47025,27.38348],[77.43997,27.39033],[77.43805,27.40895],[77.42109,27.42202],[77.42665,27.44511],[77.4362,27.44646],[77.43781,27.45632],[77.40154,27.4765],[77.40099,27.49727],[77.38738,27.51289],[77.33998,27.52662],[77.34005,27.53889],[77.34916,27.54315],[77.33807,27.54974],[77.33726,27.56976],[77.35821,27.58896],[77.3441,27.59708],[77.33452,27.5913],[77.31705,27.60675],[77.35257,27.65124],[77.34096,27.67676],[77.34114,27.70337],[77.30392,27.71079],[77.30298,27.72591],[77.31937,27.73349],[77.30796,27.75281],[77.31043,27.78808],[77.28369,27.80108]]]}},{"type":"Feature","properties":{"shapeName":"Telangāna","shapeISO":"IN-TG","shapeType":"ADM1"},"geometry":{"type":"Polygon","coordinates":[[[77.55144,18.29191],[77.56217,18.2848],[77.57261,18.2933],[77.60547,18.28128],[77.57183,18.244],[77.58536,18.21982],[77.56351,18.19612],[77.58136,18.16231],[77.59689,18.15594],[77.60114,18.10314],[77.597,18.08676],[77.56597,18.07667],[77.55747,18.06373],[77.54838,18.06521],[77.55383,18.03582],[77.58064,18.03158],[77.58963,18.01169],[77.60598,18.02023],[77.60752,18.00985],[77.62783,17.99678],[77.64895,17.99887],[77.65582,17.96828],[77.64953,17.95001],[77.63726,17.95232],[77.63306,17.96738],[77.62459,17.9596],[77.63293,17.9558],[77.63256,17.94667],[77.61873,17.93949],[77.61908,17.90406],[77.58611,17.90783],[77.59912,17.87309],[77.57644,17.87542],[77.55407,17.82007],[77.54674,17.82848],[77.52827,17.8279],[77.52908,17.81293],[77.51498,17.80545],[77.5066,17.78595],[77.53755,17.77993],[77.5549,17.76397],[77.56919,17.76649],[77.56858,17.74891],[77.54601,17.72684],[77.52205,17.72603],[77.45248,17.6947],[77.44826,17.65112],[77.4558,17.63249],[77.44316,17.58397],[77.46186,17.58076],[77.47809,17.56681],[77.49411,17.56836],[77.50694,17.54228],[77.52843,17.57537],[77.53748,17.57544],[77.5506,17.55174],[77.59384,17.56452],[77.59694,17.53431],[77.6121,17.53476],[77.628,17.52364],[77.66205,17.52283],[77.67549,17.50862],[77.68884,17.51094],[77.68909,17.47668],[77.65236,17.48274],[77.65717,17.50659],[77.64482,17.47757],[77.61527,17.47289],[77.61431,17.44595],[77.57623,17.45617],[77.5759,17.43072],[77.53734,17.44375],[77.51304,17.43087],[77.51421,17.41419],[77.53788,17.4061],[77.52433,17.388],[77.53319,17.3805],[77.52984,17.37072],[77.5158,17.36039],[77.48386,17.355],[77.47447,17.36152],[77.47914,17.37073],[77.45365,17.37399],[77.45605,17.33124],[77.43797,17.29192],[77.45492,17.28725],[77.45858,17.279],[77.42637,17.25647],[77.42046,17.23763],[77.40831,17.24121],[77.38023,17.22254],[77.40379,17.2099],[77.39393,17.1944],[77.37231,17.19557],[77.36377,17.15879],[77.37821,17.15267],[77.37796,17.13995],[77.40386,17.13292],[77.4067,17.12452],[77.46366,17.11],[77.46289,17.09409],[77.48102,17.07924],[77.50257,17.01411],[77.47955,16.99603],[77.48138,16.97044],[77.46527,16.95662],[77.46947,16.91921],[77.45405,16.91391],[77.46409,16.8506],[77.45712,16.83019],[77.47654,16.78838],[77.46723,16.78047],[77.43953,16.78914],[77.44318,16.76252],[77.4261,16.72289],[77.4385,16.71169],[77.44722,16.72074],[77.47408,16.71657],[77.46984,16.68704],[77.46393,16.67632],[77.44775,16.67932],[77.44259,16.66986],[77.4189,16.66859],[77.41905,16.65845],[77.43863,16.64534],[77.43438,16.6414],[77.44472,16.63925],[77.46244,16.65429],[77.47614,16.65012],[77.45368,16.61676],[77.46783,16.60977],[77.46743,16.59885],[77.46226,16.58549],[77.43974,16.58716],[77.42379,16.5689],[77.39291,16.56999],[77.40379,16.5512],[77.41905,16.54894],[77.41915,16.52239],[77.37782,16.51372],[77.36905,16.48869],[77.3296,16.48592],[77.29875,16.49618],[77.29403,16.47669],[77.23591,16.47266],[77.26211,16.45186],[77.26899,16.43048],[77.28825,16.40872],[77.34913,16.38386],[77.37808,16.38558],[77.42098,16.36625],[77.44102,16.38078],[77.48972,16.38503],[77.52343,16.37585],[77.5388,16.35822],[77.57275,16.34095],[77.59541,16.34222],[77.58806,16.33339],[77.59775,16.29282],[77.58203,16.29136],[77.56323,16.30165],[77.54511,16.29173],[77.53693,16.26682],[77.5219,16.27805],[77.50484,16.27582],[77.50243,16.26308],[77.4901,16.2552],[77.49237,16.22932],[77.51569,16.22781],[77.51502,16.22198],[77.50118,16.22174],[77.48618,16.163],[77.48982,16.11964],[77.50025,16.12061],[77.5133,16.10805],[77.50096,16.10621],[77.49369,16.08637],[77.5069,16.07966],[77.49403,16.03701],[77.50444,16.01135],[77.51408,16.0081],[77.50959,15.98041],[77.51984,15.96693],[77.51347,15.92681],[77.59335,15.91193],[77.61143,15.91795],[77.65924,15.88551],[77.69279,15.88333],[77.72414,15.89583],[77.80356,15.87415],[77.85855,15.88373],[77.87826,15.90524],[77.88802,15.9061],[77.937,15.88352],[77.97537,15.88336],[78.0089,15.86177],[78.03193,15.90737],[78.04498,15.90416],[78.04686,15.87492],[78.07156,15.86177],[78.07139,15.85039],[78.08359,15.84095],[78.13404,15.83628],[78.13011,15.85072],[78.13557,15.85473],[78.17538,15.8581],[78.17671,15.87679],[78.18997,15.89229],[78.17947,15.90196],[78.18447,15.90984],[78.25165,15.93525],[78.2609,16.02584],[78.3123,16.01153],[78.32196,16.01713],[78.32659,16.03676],[78.34776,16.0475],[78.36545,16.04681],[78.40793,16.07483],[78.4748,16.06852],[78.55179,16.04283],[78.58697,16.06346],[78.60166,16.08395],[78.62727,16.08766],[78.65025,16.07883],[78.68122,16.03482],[78.7236,16.02015],[78.73553,16.00818],[78.78551,16.02118],[78.81943,16.04833],[78.84032,16.07817],[78.83388,16.14451],[78.87218,16.144],[78.88908,16.08522],[78.89563,16.08561],[78.92205,16.10435],[78.92431,16.13581],[78.90543,16.18362],[78.9603,16.2091],[78.98574,16.21075],[79.00953,16.24025],[79.04804,16.23871],[79.1016,16.22286],[79.11975,16.23197],[79.15697,16.20932],[79.21657,16.22744],[79.23432,16.33387],[79.21022,16.35826],[79.21159,16.44742],[79.23338,16.45923],[79.21485,16.48794],[79.22091,16.51437],[79.24479,16.53184],[79.25686,16.56585],[79.29104,16.56161],[79.34013,16.58267],[79.41866,16.58028],[79.43307,16.59078],[79.44719,16.61975],[79.48335,16.62313],[79.50386,16.63595],[79.54211,16.63228],[79.57565,16.64982],[79.59894,16.67326],[79.63311,16.66046],[79.68156,16.69441],[79.72291,16.69031],[79.74463,16.71912],[79.77401,16.73081],[79.79253,16.72554],[79.81728,16.69191],[79.85108,16.70588],[79.87754,16.69734],[79.89374,16.65015],[79.91012,16.63396],[79.94977,16.63594],[79.97939,16.66538],[79.99742,16.70213],[80.03005,16.71445],[80.05497,16.74469],[80.05387,16.76548],[80.07061,16.80173],[80.07327,16.81723],[80.04819,16.83327],[80.04686,16.85338],[80.01705,16.85427],[79.99877,16.86525],[80.0174,16.91501],[80.04042,16.91812],[80.05546,16.97146],[80.09157,16.96836],[80.09517,16.99069],[80.14025,16.99063],[80.15337,17.00698],[80.16777,17.00563],[80.17018,17.01687],[80.1873,17.02],[80.19646,17.04407],[80.2041,17.03833],[80.20207,17.01707],[80.21144,17.01032],[80.22288,17.00788],[80.22617,17.01536],[80.24041,17.00219],[80.26489,16.99728],[80.28267,17.00771],[80.2936,16.99638],[80.29028,16.98112],[80.3066,16.97384],[80.30502,16.95374],[80.31648,16.94848],[80.3116,16.9167],[80.32381,16.90647],[80.32171,16.87967],[80.34402,16.87441],[80.3409,16.85975],[80.37407,16.85244],[80.38044,16.8175],[80.40422,16.83209],[80.4078,16.84827],[80.37858,16.85189],[80.38316,16.86536],[80.42772,16.84984],[80.4286,16.83816],[80.46425,16.82002],[80.46446,16.7955],[80.5044,16.77874],[80.57025,16.76806],[80.59711,16.79225],[80.61297,16.79359],[80.56285,16.83289],[80.56831,16.86944],[80.59592,16.88467],[80.58713,16.90423],[80.60195,16.91864],[80.5347,16.96146],[80.52611,16.94793],[80.49924,16.95638],[80.49345,16.92747],[80.44967,16.95481],[80.36341,16.97611],[80.38786,17.00931],[80.40704,17.01584],[80.40741,17.02566],[80.39577,17.03577],[80.3985,17.05265],[80.38574,17.06797],[80.40904,17.09154],[80.41897,17.09235],[80.41705,17.07366],[80.43864,17.03763],[80.46487,17.03007],[80.47138,17.05041],[80.49094,17.05101],[80.5054,17.06851],[80.51009,17.08695],[80.50404,17.09269],[80.51409,17.1221],[80.52759,17.11896],[80.56319,17.13315],[80.58002,17.15312],[80.61826,17.12847],[80.64549,17.12356],[80.64205,17.11595],[80.67056,17.10123],[80.6571,17.08961],[80.65382,17.06866],[80.67347,17.06669],[80.69497,17.07418],[80.69945,17.08384],[80.73888,17.07964],[80.82883,17.05282],[80.84531,17.04002],[80.87716,17.07048],[80.86758,17.0805],[80.87643,17.10564],[80.86774,17.12318],[80.87825,17.13519],[80.87944,17.16088],[80.90703,17.1539],[80.924,17.1579],[80.91888,17.21979],[80.94128,17.21934],[80.99436,17.19137],[81.03127,17.19038],[81.0495,17.20712],[81.05461,17.22493],[81.07961,17.21533],[81.17398,17.23039],[81.18759,17.2547],[81.17666,17.28772],[81.19041,17.32487],[81.23356,17.32041],[81.24567,17.32584],[81.27403,17.31725],[81.3011,17.34072],[81.32263,17.3746],[81.31238,17.40878],[81.26854,17.41831],[81.20526,17.44964],[81.20269,17.434],[81.19329,17.43568],[81.17232,17.44909],[81.17555,17.46369],[81.14825,17.4637],[81.15968,17.48442],[81.14214,17.48864],[81.13847,17.51629],[81.12728,17.52647],[81.09756,17.50431],[81.08007,17.5151],[81.0199,17.52008],[80.9984,17.56473],[80.96939,17.5981],[80.8554,17.60192],[80.84965,17.62225],[80.8615,17.63426],[80.91106,17.63806],[80.91245,17.65785],[80.89792,17.66891],[80.90495,17.67737],[80.88577,17.68126],[80.89475,17.70296],[80.88555,17.73572],[80.91757,17.74815],[80.92785,17.76182],[80.94631,17.76023],[80.95532,17.77467],[80.97342,17.78017],[80.99132,17.74996],[81.04056,17.74766],[81.05816,17.73313],[81.10426,17.77205],[81.096,17.77454],[81.08558,17.79807],[81.07326,17.7865],[81.04661,17.78236],[81.00824,17.79828],[80.99644,17.84906],[80.9984,17.91677],[80.97962,18.00665],[80.96426,18.04152],[80.96966,18.04777],[80.94926,18.08624],[80.95551,18.13243],[80.97874,18.15418],[80.97903,18.17879],[80.95766,18.17693],[80.91417,18.14455],[80.86667,18.1403],[80.85291,18.20538],[80.87261,18.21395],[80.86594,18.2335],[80.83672,18.2423],[80.82359,18.23945],[80.82407,18.19441],[80.79911,18.17155],[80.74494,18.17033],[80.73683,18.17722],[80.73719,18.22211],[80.79174,18.25093],[80.79414,18.25934],[80.78034,18.26635],[80.74898,18.30829],[80.74763,18.33],[80.71959,18.39113],[80.73484,18.41286],[80.71829,18.40973],[80.69895,18.42143],[80.69831,18.43766],[80.70541,18.43968],[80.65528,18.4759],[80.63705,18.50477],[80.63764,18.52255],[80.61842,18.5276],[80.5998,18.55307],[80.5345,18.58837],[80.51473,18.61938],[80.48698,18.63195],[80.46401,18.62485],[80.4546,18.63027],[80.38951,18.59815],[80.37366,18.61157],[80.34583,18.59547],[80.27844,18.72164],[80.27091,18.72441],[80.23463,18.70266],[80.21278,18.70575],[80.19657,18.68083],[80.17871,18.6833],[80.16863,18.69974],[80.15771,18.70101],[80.11813,18.68055],[80.08851,18.70731],[80.0528,18.72509],[80.03869,18.753],[80.02499,18.75497],[80.01855,18.77041],[79.96416,18.77385],[79.92053,18.81111],[79.91579,18.82994],[79.96161,18.86665],[79.95362,18.90453],[79.95705,18.9429],[79.94163,18.99211],[79.94027,19.03259],[79.92793,19.04934],[79.87111,19.04104],[79.85844,19.10244],[79.87376,19.12407],[79.9459,19.16952],[79.92451,19.22574],[79.93636,19.26415],[79.96588,19.30306],[79.95909,19.33596],[79.97794,19.40038],[79.94761,19.4497],[79.94482,19.46984],[79.91451,19.49606],[79.86459,19.51053],[79.82843,19.54343],[79.81633,19.57405],[79.75346,19.60755],[79.73525,19.60498],[79.70901,19.5845],[79.62944,19.57399],[79.61415,19.55969],[79.59616,19.50729],[79.55294,19.52419],[79.53994,19.55468],[79.51862,19.54313],[79.5186,19.5202],[79.4984,19.50571],[79.47143,19.50021],[79.46897,19.50959],[79.43334,19.53727],[79.42257,19.53806],[79.42048,19.52977],[79.40533,19.53568],[79.38569,19.55834],[79.37276,19.561],[79.36574,19.57635],[79.31846,19.57674],[79.31394,19.56643],[79.30685,19.59657],[79.27296,19.59885],[79.24357,19.6167],[79.23865,19.60618],[79.25314,19.5933],[79.23714,19.55715],[79.24003,19.53525],[79.23374,19.52002],[79.22117,19.521],[79.20386,19.4941],[79.2236,19.46909],[79.19032,19.459],[79.09805,19.53204],[79.07692,19.53241],[79.04603,19.54834],[78.99805,19.54009],[78.99776,19.54907],[78.98127,19.56085],[78.97424,19.54939],[78.94046,19.55188],[78.93769,19.56188],[78.97285,19.5824],[78.95563,19.60018],[78.96186,19.63745],[78.95557,19.6558],[78.90355,19.67002],[78.88646,19.66246],[78.88674,19.65508],[78.85194,19.65837],[78.85994,19.6895],[78.84098,19.7619],[78.80218,19.75654],[78.78238,19.77841],[78.75639,19.77251],[78.74007,19.78314],[78.71918,19.76665],[78.69258,19.79103],[78.60733,19.81761],[78.5723,19.81585],[78.55202,19.82409],[78.51504,19.81893],[78.50724,19.79755],[78.49026,19.79269],[78.47248,19.81734],[78.42297,19.81763],[78.386,19.84609],[78.38069,19.88044],[78.33211,19.8849],[78.32438,19.89483],[78.33286,19.91152],[78.30705,19.9143],[78.28609,19.84793],[78.33643,19.83792],[78.33404,19.81459],[78.35746,19.80543],[78.36469,19.78123],[78.34931,19.73797],[78.34125,19.73576],[78.34315,19.71325],[78.31867,19.70552],[78.31184,19.69105],[78.27621,19.69241],[78.26267,19.66506],[78.29048,19.646],[78.29392,19.61944],[78.30559,19.60707],[78.30371,19.56932],[78.29358,19.55898],[78.27527,19.56246],[78.27433,19.55397],[78.28396,19.54141],[78.29325,19.54223],[78.29042,19.52762],[78.30924,19.48108],[78.30436,19.45614],[78.28699,19.44853],[78.27046,19.45615],[78.24453,19.4288],[78.21161,19.42848],[78.19509,19.40675],[78.17621,19.41226],[78.18769,19.39459],[78.17217,19.3493],[78.19376,19.31489],[78.17669,19.27855],[78.18179,19.24762],[78.17534,19.23758],[78.14457,19.2294],[78.11706,19.24864],[78.08917,19.23937],[78.07912,19.25483],[78.0557,19.23712],[78.04164,19.24343],[78.03596,19.25063],[78.04253,19.2706],[78.01484,19.27903],[78.01352,19.29471],[77.94515,19.34245],[77.91157,19.31625],[77.89434,19.32046],[77.86348,19.30419],[77.8656,19.28382],[77.90348,19.27795],[77.90759,19.26822],[77.90287,19.25646],[77.89003,19.26089],[77.87143,19.25502],[77.84775,19.18959],[77.86052,19.18035],[77.85256,19.15467],[77.83409,19.1343],[77.84769,19.116],[77.85042,19.08855],[77.8313,19.08608],[77.81817,19.10498],[77.80996,19.10473],[77.79682,19.07258],[77.80038,19.05112],[77.76484,19.06265],[77.76202,19.03185],[77.77538,19.00062],[77.77152,18.97915],[77.78765,18.97264],[77.79117,18.98281],[77.82178,18.9785],[77.81928,18.94586],[77.83248,18.94162],[77.84197,18.94987],[77.85862,18.94911],[77.84328,18.90869],[77.88541,18.9042],[77.89161,18.88141],[77.90393,18.88124],[77.90326,18.86662],[77.93009,18.85872],[77.9348,18.84514],[77.94893,18.84329],[77.94856,18.82983],[77.93452,18.82226],[77.9067,18.8267],[77.83998,18.80482],[77.78732,18.68264],[77.77193,18.68905],[77.76818,18.70586],[77.75353,18.70099],[77.74928,18.68266],[77.73,18.66693],[77.73574,18.66098],[77.73053,18.64514],[77.74569,18.62128],[77.75037,18.58921],[77.73853,18.55679],[77.70159,18.55517],[77.65589,18.53089],[77.64593,18.53883],[77.64794,18.55493],[77.63965,18.55494],[77.63403,18.54391],[77.62928,18.55367],[77.61253,18.54447],[77.5964,18.54894],[77.59072,18.52666],[77.5966,18.53019],[77.60031,18.52229],[77.58594,18.50399],[77.60474,18.49636],[77.60316,18.47684],[77.5764,18.48678],[77.57289,18.46981],[77.5486,18.46858],[77.55079,18.4604],[77.58364,18.4562],[77.58533,18.44679],[77.56421,18.4373],[77.52755,18.44211],[77.5282,18.42891],[77.5567,18.41924],[77.55163,18.38889],[77.5255,18.3727],[77.52024,18.35717],[77.52575,18.34212],[77.55806,18.33141],[77.57051,18.31811],[77.57143,18.30883],[77.55144,18.29191]]]}},{"type":"Feature","properties":{"shapeName":"Andhra Pradesh","shapeISO":"IN-AP","shapeType":"ADM1"},"geometry":{"type":"MultiPolygon","coordinates":[[[[80.92809,15.71526],[80.93008,15.71568],[80.93123,15.71793],[80.92809,15.71526]]],[[[80.81182,15.73049],[80.81326,15.73074],[80.81174,15.73321],[80.81182,15.73049]]],[[[80.79396,15.77012],[80.79251,15.77039],[80.79281,15.76896],[80.79396,15.77012]]],[[[80.79034,15.82853],[80.79243,15.83034],[80.78963,15.83232],[80.79034,15.82853]]],[[[80.7882,15.83708],[80.78917,15.83928],[80.78742,15.84284],[80.7882,15.83708]]],[[[81.00598,15.79106],[81.00756,15.79157],[81.00799,15.79574],[81.00598,15.79106]]],[[[81.01805,15.80123],[81.0052,15.81631],[81.0119,15.8087],[81.00837,15.79895],[81.01242,15.80419],[81.01932,15.79323],[81.01805,15.80123]]],[[[80.77832,15.86357],[80.77529,15.86344],[80.78389,15.85783],[80.77832,15.86357]]],[[[80.26826,13.5645],[80.24279,13.6158],[80.23387,13.65705],[80.23506,13.7056],[80.25403,13.79041],[80.15211,14.02589],[80.1272,14.15018],[80.13117,14.22878],[80.16829,14.35104],[80.18082,14.51513],[80.19599,14.58655],[80.18787,14.60514],[80.17076,14.61412],[80.13912,14.71216],[80.10972,14.73925],[80.09721,14.78059],[80.08492,14.88208],[80.05282,15.01217],[80.047,15.0806],[80.06152,15.14186],[80.08766,15.206],[80.08453,15.26989],[80.11127,15.34564],[80.20617,15.47341],[80.23076,15.54159],[80.23824,15.60242],[80.28417,15.68815],[80.34561,15.75159],[80.42856,15.80506],[80.53645,15.85269],[80.68059,15.88578],[80.77442,15.86769],[80.807,15.84083],[80.81569,15.81126],[80.80243,15.81648],[80.80089,15.80618],[80.78015,15.84203],[80.77961,15.83568],[80.81106,15.76476],[80.81326,15.72905],[80.82225,15.71081],[80.7912,15.75402],[80.79034,15.76905],[80.79963,15.77716],[80.78841,15.75761],[80.82149,15.70973],[80.84369,15.70695],[80.92801,15.72199],[80.93934,15.71677],[81.00852,15.75453],[81.01444,15.77227],[80.99526,15.80351],[81.0009,15.83243],[81.00688,15.82101],[81.00337,15.83455],[81.01487,15.85096],[81.10841,15.94613],[81.14801,15.97409],[81.1455,16.01333],[81.19132,16.1032],[81.21372,16.20759],[81.26501,16.2785],[81.3053,16.3039],[81.39244,16.34268],[81.48718,16.35544],[81.69057,16.32785],[81.72078,16.30693],[81.84975,16.37323],[81.95629,16.39605],[82.23304,16.54174],[82.31365,16.5588],[82.31082,16.56767],[82.32314,16.5778],[82.32995,16.6128],[82.31716,16.66199],[82.36594,16.70684],[82.34843,16.71623],[82.34419,16.74778],[82.3662,16.87851],[82.3602,16.95895],[82.34679,16.98161],[82.32607,16.99123],[82.35856,16.94068],[82.3622,16.87124],[82.35485,16.85131],[82.35286,16.85904],[82.3494,16.85057],[82.33262,16.86384],[82.31421,16.84595],[82.30341,16.87381],[82.29188,16.8643],[82.2886,16.87668],[82.28322,16.86473],[82.28293,16.87743],[82.2752,16.86759],[82.26548,16.87042],[82.25874,16.889],[82.24826,16.87607],[82.25456,16.88617],[82.24821,16.93046],[82.27787,16.95077],[82.27136,16.94803],[82.26861,16.95462],[82.2877,17.013],[82.31949,17.05739],[82.45615,17.18545],[82.59391,17.28145],[82.72623,17.35522],[82.99196,17.47253],[83.0204,17.50703],[83.16187,17.56009],[83.17517,17.57439],[83.21293,17.591],[83.23805,17.61231],[83.23257,17.62023],[83.23956,17.63158],[83.29472,17.67486],[83.29675,17.69365],[83.30619,17.6884],[83.30819,17.69751],[83.30051,17.69647],[83.34681,17.72627],[83.3443,17.73779],[83.35438,17.75566],[83.38572,17.77724],[83.39118,17.79306],[83.41137,17.80987],[83.41786,17.85413],[83.44472,17.87304],[83.47151,17.91257],[83.53157,17.95108],[83.55827,17.98252],[83.56864,18.00986],[83.60555,18.03702],[83.7497,18.12891],[83.86035,18.17436],[83.88942,18.19617],[83.93584,18.20912],[84.0717,18.27656],[84.1285,18.3134],[84.12884,18.34421],[84.1484,18.37383],[84.25472,18.47476],[84.35468,18.55499],[84.36834,18.59321],[84.43981,18.65957],[84.46962,18.7145],[84.55145,18.79056],[84.55779,18.81783],[84.60357,18.8898],[84.67095,18.95256],[84.68443,18.96755],[84.67634,18.96776],[84.6869,18.97094],[84.74395,19.04498],[84.76474,19.07728],[84.70069,19.11875],[84.69573,19.12733],[84.70402,19.14192],[84.69794,19.14529],[84.71275,19.15322],[84.70787,19.16057],[84.66879,19.16695],[84.66521,19.13075],[84.5934,19.13335],[84.60743,19.10167],[84.62336,19.09998],[84.62338,19.08581],[84.62909,19.08299],[84.64493,19.09715],[84.65686,19.09531],[84.66875,19.07721],[84.66098,19.07549],[84.65903,19.06392],[84.61621,19.06677],[84.62032,19.061],[84.61133,19.05747],[84.59918,19.0262],[84.57957,19.03101],[84.58084,19.07409],[84.57259,19.06848],[84.57075,19.07463],[84.5545,19.0575],[84.51427,19.04936],[84.48059,19.0175],[84.47396,18.9903],[84.43956,19.00446],[84.41905,19.02291],[84.42982,18.99573],[84.44125,18.99266],[84.44999,18.97859],[84.42877,18.97],[84.4222,18.94842],[84.42561,18.93322],[84.43622,18.93334],[84.43604,18.92181],[84.42627,18.91024],[84.41692,18.91901],[84.41604,18.89847],[84.39801,18.89656],[84.39169,18.90555],[84.37682,18.90544],[84.39535,18.89194],[84.39012,18.87753],[84.35812,18.89555],[84.38219,18.87543],[84.37232,18.86273],[84.36014,18.86213],[84.33663,18.8895],[84.33066,18.88305],[84.32573,18.87592],[84.33318,18.86034],[84.36291,18.83998],[84.35008,18.83285],[84.34763,18.82149],[84.32884,18.81892],[84.34246,18.80304],[84.32539,18.80022],[84.31898,18.78796],[84.28695,18.80494],[84.28447,18.79349],[84.25769,18.78402],[84.22429,18.79972],[84.21238,18.79637],[84.21607,18.79106],[84.19333,18.79262],[84.18793,18.77865],[84.16148,18.79024],[84.13838,18.7782],[84.13558,18.76245],[84.12038,18.76887],[84.08924,18.75848],[84.06001,18.78229],[84.05999,18.799],[84.04468,18.80251],[84.03648,18.81734],[84.01347,18.81796],[84.01379,18.80988],[84.00363,18.80955],[83.96363,18.81562],[83.94819,18.80613],[83.91383,18.8289],[83.89765,18.82535],[83.89117,18.81542],[83.88574,18.8319],[83.84611,18.86893],[83.8459,18.91341],[83.82669,18.91611],[83.82187,18.96006],[83.80915,18.99177],[83.79315,19.00457],[83.79272,19.01888],[83.77594,19.01842],[83.78002,19.00928],[83.74558,18.99669],[83.74587,18.97499],[83.75334,18.97226],[83.75698,18.95155],[83.76768,18.9557],[83.78591,18.91681],[83.77501,18.91266],[83.76119,18.92822],[83.75337,18.9263],[83.73312,18.98754],[83.70958,19.00247],[83.73012,19.02179],[83.70025,19.02528],[83.68536,19.05837],[83.66112,19.08097],[83.66293,19.09879],[83.64722,19.11849],[83.65507,19.12946],[83.63665,19.13273],[83.63181,19.14068],[83.63779,19.153],[83.6241,19.16359],[83.61888,19.1426],[83.5972,19.13108],[83.60869,19.09699],[83.58366,19.08748],[83.58253,19.05888],[83.56164,19.06089],[83.5671,19.07157],[83.56028,19.0869],[83.54712,19.08144],[83.55564,19.05713],[83.5398,19.04241],[83.53529,19.01166],[83.50104,19.02049],[83.49657,19.0353],[83.51492,19.02829],[83.5194,19.0389],[83.51182,19.07015],[83.4989,19.06275],[83.48094,19.07834],[83.4835,19.09209],[83.46606,19.09403],[83.47645,19.08019],[83.46436,19.08082],[83.46038,19.06469],[83.46728,19.06202],[83.46881,19.04383],[83.48143,19.03447],[83.47776,19.00939],[83.44808,19.01083],[83.45335,18.99219],[83.46591,18.99201],[83.46788,18.97024],[83.4599,18.9557],[83.44562,18.95796],[83.43898,18.97622],[83.41562,18.99002],[83.41971,19.0001],[83.3987,19.01028],[83.37068,19.0032],[83.3657,19.01705],[83.34101,19.01898],[83.33688,18.99786],[83.30881,18.99978],[83.31726,18.97354],[83.33283,18.96935],[83.33634,18.94795],[83.32296,18.93852],[83.33213,18.92647],[83.34841,18.92632],[83.34382,18.94116],[83.35014,18.9433],[83.35089,18.96683],[83.366,18.96301],[83.36937,18.9436],[83.3505,18.94446],[83.35172,18.93093],[83.36675,18.90933],[83.38178,18.91392],[83.39146,18.90855],[83.37639,18.89791],[83.39507,18.87974],[83.41282,18.87449],[83.40306,18.86275],[83.40393,18.84327],[83.37749,18.83179],[83.36387,18.84408],[83.32636,18.81886],[83.32879,18.80715],[83.30704,18.8102],[83.28266,18.79877],[83.27347,18.78356],[83.27948,18.77499],[83.26945,18.76535],[83.22272,18.77603],[83.22583,18.75618],[83.21056,18.73152],[83.20466,18.75238],[83.1913,18.75406],[83.17602,18.7718],[83.1546,18.76917],[83.13715,18.7863],[83.11327,18.76904],[83.12033,18.75844],[83.07092,18.70652],[83.05615,18.66629],[83.01127,18.647],[83.01777,18.63607],[82.99895,18.62147],[82.99902,18.60862],[83.01338,18.60599],[83.0117,18.59531],[83.02376,18.58968],[83.05099,18.60022],[83.05121,18.58908],[83.03821,18.58745],[83.02794,18.57454],[83.04314,18.54543],[83.0619,18.54208],[83.08605,18.55423],[83.09315,18.54762],[83.05334,18.49662],[83.05324,18.48657],[83.01908,18.4572],[83.03907,18.44175],[83.04066,18.42518],[83.05853,18.43672],[83.06544,18.43105],[83.05556,18.42033],[83.07529,18.40409],[83.05273,18.38072],[83.02017,18.39243],[82.99508,18.38626],[82.96873,18.36075],[82.95837,18.36715],[82.93798,18.36156],[82.92044,18.37617],[82.91133,18.36922],[82.89416,18.3816],[82.89497,18.42414],[82.85109,18.42102],[82.84581,18.43379],[82.82246,18.44778],[82.80141,18.44998],[82.78044,18.43152],[82.78515,18.41145],[82.79781,18.40748],[82.79213,18.38676],[82.78092,18.38262],[82.78882,18.36392],[82.77254,18.34116],[82.75797,18.34034],[82.73255,18.32097],[82.7133,18.32325],[82.70765,18.31391],[82.66505,18.29877],[82.64093,18.30277],[82.65052,18.28188],[82.64056,18.26451],[82.65079,18.25075],[82.63597,18.23745],[82.58607,18.2768],[82.59693,18.30492],[82.57958,18.3159],[82.59316,18.3296],[82.60721,18.32786],[82.60202,18.35231],[82.61449,18.35094],[82.6212,18.35974],[82.60596,18.36609],[82.60526,18.38206],[82.59923,18.38003],[82.59477,18.38926],[82.58285,18.38755],[82.56071,18.40068],[82.55397,18.39445],[82.5355,18.4062],[82.54706,18.41264],[82.54139,18.42194],[82.56137,18.44852],[82.54067,18.45835],[82.53851,18.44447],[82.52831,18.46424],[82.51939,18.46563],[82.53416,18.47777],[82.52647,18.49632],[82.53214,18.51102],[82.51892,18.51821],[82.50289,18.51436],[82.48457,18.52877],[82.47964,18.54133],[82.49181,18.54435],[82.48105,18.54944],[82.45354,18.52159],[82.43797,18.5159],[82.44173,18.51033],[82.43023,18.48766],[82.36251,18.42227],[82.37792,18.40453],[82.38384,18.36824],[82.33651,18.32744],[82.35417,18.31666],[82.37339,18.32943],[82.38726,18.32924],[82.39064,18.29869],[82.3748,18.28142],[82.34297,18.28129],[82.33168,18.25365],[82.33485,18.24151],[82.32273,18.23195],[82.33538,18.22505],[82.30918,18.20483],[82.31379,18.18477],[82.3517,18.17243],[82.37065,18.1489],[82.36159,18.13555],[82.3381,18.15057],[82.33412,18.1066],[82.34533,18.09899],[82.35011,18.07733],[82.33906,18.05554],[82.33247,18.05207],[82.32058,18.06065],[82.31868,18.04572],[82.3065,18.04565],[82.30866,18.05467],[82.29698,18.05631],[82.30273,18.06885],[82.28971,18.06964],[82.25994,18.04259],[82.27187,18.02208],[82.26454,17.99562],[82.22057,18.00242],[82.20415,18.01943],[82.1859,18.01586],[82.17699,18.02126],[82.18264,18.02953],[82.16716,18.05269],[82.1451,18.05305],[82.1355,18.04467],[82.13181,18.06062],[82.10035,18.06097],[82.07495,18.07594],[82.05989,18.05618],[82.03877,18.05804],[82.03065,18.07004],[82.00573,18.05705],[82.00769,18.0308],[81.99262,18.02805],[81.9622,18.00098],[81.92009,17.99632],[81.90354,17.9817],[81.80817,17.95644],[81.78786,17.92601],[81.72587,17.87908],[81.71042,17.87391],[81.70089,17.90284],[81.68743,17.88649],[81.67156,17.88807],[81.64075,17.84022],[81.62306,17.83461],[81.61722,17.82314],[81.5744,17.83876],[81.56353,17.82723],[81.49235,17.81273],[81.47656,17.83848],[81.44597,17.82552],[81.43582,17.83265],[81.41689,17.81403],[81.39607,17.81995],[81.39335,17.79467],[81.35449,17.81331],[81.26535,17.81113],[81.16613,17.85765],[81.09396,17.80932],[81.08558,17.79807],[81.096,17.77454],[81.10426,17.77205],[81.05816,17.73313],[81.04056,17.74766],[80.99132,17.74996],[80.97342,17.78017],[80.95532,17.77467],[80.94631,17.76023],[80.92785,17.76182],[80.91757,17.74815],[80.88555,17.73572],[80.89475,17.70296],[80.88577,17.68126],[80.90495,17.67737],[80.89792,17.66891],[80.91245,17.65785],[80.91106,17.63806],[80.8615,17.63426],[80.84965,17.62225],[80.8554,17.60192],[80.96939,17.5981],[80.9984,17.56473],[81.0199,17.52008],[81.08007,17.5151],[81.09756,17.50431],[81.12728,17.52647],[81.13847,17.51629],[81.14214,17.48864],[81.15968,17.48442],[81.14825,17.4637],[81.17555,17.46369],[81.17232,17.44909],[81.19329,17.43568],[81.20269,17.434],[81.20526,17.44964],[81.26854,17.41831],[81.31238,17.40878],[81.32263,17.3746],[81.3011,17.34072],[81.27403,17.31725],[81.24567,17.32584],[81.23356,17.32041],[81.19041,17.32487],[81.17666,17.28772],[81.18759,17.2547],[81.17398,17.23039],[81.07961,17.21533],[81.05461,17.22493],[81.0495,17.20712],[81.03127,17.19038],[80.99436,17.19137],[80.94128,17.21934],[80.91888,17.21979],[80.924,17.1579],[80.90703,17.1539],[80.87944,17.16088],[80.87825,17.13519],[80.86774,17.12318],[80.87643,17.10564],[80.86758,17.0805],[80.87716,17.07048],[80.84531,17.04002],[80.82883,17.05282],[80.73888,17.07964],[80.69945,17.08384],[80.69497,17.07418],[80.67347,17.06669],[80.65382,17.06866],[80.6571,17.08961],[80.67056,17.10123],[80.64205,17.11595],[80.64549,17.12356],[80.61826,17.12847],[80.58002,17.15312],[80.56319,17.13315],[80.52759,17.11896],[80.51409,17.1221],[80.50404,17.09269],[80.51009,17.08695],[80.5054,17.06851],[80.49094,17.05101],[80.47138,17.05041],[80.46487,17.03007],[80.43864,17.03763],[80.41705,17.07366],[80.41897,17.09235],[80.40904,17.09154],[80.38574,17.06797],[80.3985,17.05265],[80.39577,17.03577],[80.40741,17.02566],[80.40704,17.01584],[80.38786,17.00931],[80.36341,16.97611],[80.44967,16.95481],[80.49345,16.92747],[80.49924,16.95638],[80.52611,16.94793],[80.5347,16.96146],[80.60195,16.91864],[80.58713,16.90423],[80.59592,16.88467],[80.56831,16.86944],[80.56285,16.83289],[80.61297,16.79359],[80.59711,16.79225],[80.57025,16.76806],[80.5044,16.77874],[80.46446,16.7955],[80.46425,16.82002],[80.4286,16.83816],[80.42772,16.84984],[80.38316,16.86536],[80.37858,16.85189],[80.4078,16.84827],[80.40422,16.83209],[80.38044,16.8175],[80.37407,16.85244],[80.3409,16.85975],[80.34402,16.87441],[80.32171,16.87967],[80.32381,16.90647],[80.3116,16.9167],[80.31648,16.94848],[80.30502,16.95374],[80.3066,16.97384],[80.29028,16.98112],[80.2936,16.99638],[80.28267,17.00771],[80.26489,16.99728],[80.24041,17.00219],[80.22617,17.01536],[80.22288,17.00788],[80.21144,17.01032],[80.20207,17.01707],[80.2041,17.03833],[80.19646,17.04407],[80.1873,17.02],[80.17018,17.01687],[80.16777,17.00563],[80.15337,17.00698],[80.14025,16.99063],[80.09517,16.99069],[80.09157,16.96836],[80.05546,16.97146],[80.04042,16.91812],[80.0174,16.91501],[79.99877,16.86525],[80.01705,16.85427],[80.04686,16.85338],[80.04819,16.83327],[80.07327,16.81723],[80.07061,16.80173],[80.05387,16.76548],[80.05497,16.74469],[80.03005,16.71445],[79.99742,16.70213],[79.96308,16.64357],[79.93416,16.63161],[79.91012,16.63396],[79.89374,16.65015],[79.87754,16.69734],[79.85108,16.70588],[79.81728,16.69191],[79.79253,16.72554],[79.77401,16.73081],[79.74463,16.71912],[79.72291,16.69031],[79.68156,16.69441],[79.63311,16.66046],[79.59894,16.67326],[79.57565,16.64982],[79.54211,16.63228],[79.50386,16.63595],[79.48335,16.62313],[79.44719,16.61975],[79.43307,16.59078],[79.41866,16.58028],[79.34013,16.58267],[79.29104,16.56161],[79.25686,16.56585],[79.24479,16.53184],[79.22091,16.51437],[79.21485,16.48794],[79.23338,16.45923],[79.21159,16.44742],[79.21022,16.35826],[79.23432,16.33387],[79.21657,16.22744],[79.15697,16.20932],[79.11975,16.23197],[79.1016,16.22286],[79.04804,16.23871],[79.00953,16.24025],[78.98574,16.21075],[78.9603,16.2091],[78.90543,16.18362],[78.92431,16.13581],[78.92205,16.10435],[78.89563,16.08561],[78.88908,16.08522],[78.87218,16.144],[78.83388,16.14451],[78.84032,16.07817],[78.81943,16.04833],[78.78551,16.02118],[78.73553,16.00818],[78.7236,16.02015],[78.68122,16.03482],[78.65025,16.07883],[78.62727,16.08766],[78.60166,16.08395],[78.58697,16.06346],[78.55179,16.04283],[78.4748,16.06852],[78.40793,16.07483],[78.36545,16.04681],[78.34776,16.0475],[78.32659,16.03676],[78.32196,16.01713],[78.3123,16.01153],[78.2609,16.02584],[78.25165,15.93525],[78.18447,15.90984],[78.17947,15.90196],[78.18997,15.89229],[78.17671,15.87679],[78.17538,15.8581],[78.13557,15.85473],[78.13011,15.85072],[78.13404,15.83628],[78.08359,15.84095],[78.07139,15.85039],[78.07156,15.86177],[78.04686,15.87492],[78.04498,15.90416],[78.03193,15.90737],[78.0089,15.86177],[77.97537,15.88336],[77.937,15.88352],[77.88802,15.9061],[77.87826,15.90524],[77.85855,15.88373],[77.80356,15.87415],[77.72414,15.89583],[77.69279,15.88333],[77.65924,15.88551],[77.61143,15.91795],[77.59335,15.91193],[77.54902,15.91914],[77.46603,15.93452],[77.42963,15.94908],[77.38013,15.93978],[77.36128,15.94944],[77.30111,15.95802],[77.28471,15.95383],[77.2489,15.96457],[77.23551,15.95716],[77.15937,15.95088],[77.10569,15.93],[77.07107,15.90885],[77.03372,15.85891],[77.02522,15.83753],[77.03589,15.82957],[77.0655,15.82737],[77.06721,15.78776],[77.05234,15.76989],[77.05434,15.7562],[77.04802,15.75624],[77.04913,15.73028],[77.07972,15.72753],[77.0789,15.71628],[77.08744,15.71551],[77.07873,15.69517],[77.12891,15.66589],[77.12145,15.63111],[77.08322,15.65917],[77.07176,15.64668],[77.03046,15.63452],[77.03007,15.50267],[76.97456,15.51053],[76.97405,15.49826],[76.99733,15.47803],[77.0108,15.44877],[77.03204,15.43558],[77.02926,15.40438],[77.04728,15.39005],[77.04186,15.36195],[77.06492,15.34358],[77.06375,15.32804],[77.11313,15.3337],[77.1184,15.29488],[77.1516,15.29246],[77.14716,15.27295],[77.16696,15.26861],[77.1677,15.25852],[77.1438,15.25724],[77.13624,15.24099],[77.12641,15.24046],[77.12515,15.22697],[77.14768,15.22394],[77.16916,15.17138],[77.16285,15.15739],[77.14078,15.15861],[77.13543,15.14977],[77.1573,15.1405],[77.15635,15.12296],[77.13014,15.1008],[77.12824,15.07234],[77.11295,15.03408],[77.08477,15.03074],[77.08247,15.00611],[77.04414,15.00987],[77.04959,15.0331],[77.0041,15.03386],[76.98606,15.02652],[76.98525,15.01522],[76.91839,15.03555],[76.87719,15.03024],[76.86591,15.05971],[76.83604,15.07926],[76.80026,15.09586],[76.77672,15.07843],[76.77363,15.05915],[76.79016,15.02074],[76.77505,14.99309],[76.76059,14.98989],[76.76656,14.97565],[76.8183,14.96947],[76.82853,14.95649],[76.84196,14.96644],[76.86748,14.96985],[76.86965,14.93774],[76.86387,14.89561],[76.84736,14.89601],[76.8455,14.88932],[76.85722,14.86914],[76.85409,14.84326],[76.84181,14.83658],[76.854,14.80948],[76.83739,14.8106],[76.83677,14.79081],[76.78271,14.78597],[76.80297,14.74192],[76.77529,14.68099],[76.76502,14.60216],[76.78186,14.59653],[76.79138,14.55469],[76.8063,14.5311],[76.83103,14.5304],[76.85562,14.50963],[76.86798,14.47407],[76.90071,14.48924],[76.97483,14.48537],[76.95993,14.45063],[76.94481,14.45093],[76.94284,14.39975],[76.91585,14.42073],[76.89865,14.39799],[76.88483,14.39574],[76.88477,14.34757],[76.9034,14.32272],[76.94566,14.31322],[76.95674,14.29438],[76.92491,14.27382],[76.94007,14.24464],[76.98561,14.24737],[77.00568,14.23582],[77.05247,14.24554],[77.08118,14.21419],[77.10082,14.21718],[77.11668,14.22642],[77.12049,14.26297],[77.1112,14.26161],[77.1102,14.2682],[77.13922,14.34017],[77.16693,14.34211],[77.19743,14.32121],[77.23821,14.3174],[77.28658,14.34013],[77.28355,14.28277],[77.36383,14.27586],[77.35949,14.23404],[77.37918,14.22652],[77.392,14.19894],[77.4194,14.21166],[77.40539,14.26672],[77.38737,14.2709],[77.37905,14.32275],[77.39281,14.33587],[77.40777,14.33763],[77.42841,14.32868],[77.43154,14.31289],[77.44623,14.3175],[77.45029,14.28074],[77.47893,14.2922],[77.49829,14.27888],[77.50387,14.26378],[77.49279,14.23104],[77.50465,14.19401],[77.51708,14.18444],[77.50351,14.15715],[77.46809,14.16492],[77.4671,14.17207],[77.39373,14.17428],[77.39488,14.16081],[77.37895,14.13588],[77.35172,14.13114],[77.34747,14.10367],[77.39062,14.12668],[77.40093,14.11875],[77.36055,14.0626],[77.34051,14.06023],[77.33231,14.03073],[77.39016,14.01673],[77.38165,13.97627],[77.42589,13.98615],[77.43788,13.97556],[77.43537,13.94755],[77.41209,13.9456],[77.41588,13.92424],[77.43504,13.91505],[77.39874,13.88817],[77.39798,13.90662],[77.35764,13.90341],[77.34784,13.916],[77.37129,13.95279],[77.34949,13.95818],[77.3611,13.99085],[77.33622,13.99541],[77.32224,14.03003],[77.30658,14.03204],[77.275,14.01132],[77.27877,14.03245],[77.27036,14.03452],[77.24536,14.01198],[77.17401,14.01302],[77.17284,14.00112],[77.14923,14.0012],[77.14108,14.0039],[77.12741,14.04705],[77.07893,14.04268],[77.07613,14.05331],[77.0278,14.06218],[77.02981,14.08821],[77.01468,14.10004],[77.02623,14.12506],[77.02023,14.13133],[77.02334,14.17673],[77.00547,14.18401],[76.96062,14.18181],[76.94758,14.19821],[76.94238,14.17337],[76.91976,14.1645],[76.89455,14.16785],[76.88593,14.13828],[76.91285,14.12885],[76.92499,14.13715],[76.9457,14.11825],[76.95354,14.09969],[76.94841,14.09209],[76.97346,14.08356],[76.97758,14.07133],[76.97175,14.05806],[76.9324,14.05396],[76.93114,14.03024],[76.94348,14.02978],[76.94995,14.01513],[76.9995,13.99038],[76.99377,13.9626],[77.04166,13.93347],[77.0473,13.90664],[77.02304,13.90264],[77.01423,13.86035],[76.99224,13.84905],[76.97803,13.82691],[76.97641,13.81736],[76.98975,13.81298],[76.98521,13.79084],[76.99687,13.74779],[77.01651,13.73855],[77.02448,13.77927],[77.04338,13.77784],[77.0647,13.74388],[77.08564,13.74248],[77.09045,13.76718],[77.13684,13.75834],[77.15112,13.76625],[77.17306,13.76205],[77.17851,13.78273],[77.15752,13.80607],[77.16869,13.82966],[77.15368,13.83418],[77.15602,13.8444],[77.13217,13.84625],[77.1282,13.8565],[77.14765,13.86852],[77.16858,13.86453],[77.16194,13.90667],[77.16993,13.92065],[77.18472,13.92523],[77.19084,13.91191],[77.18139,13.86988],[77.20044,13.86308],[77.21313,13.88623],[77.21985,13.86776],[77.23563,13.90418],[77.24827,13.90125],[77.24636,13.86795],[77.25912,13.86318],[77.2567,13.84656],[77.28829,13.84752],[77.3115,13.86662],[77.32145,13.85596],[77.32538,13.83328],[77.33684,13.83279],[77.36243,13.85429],[77.3769,13.85073],[77.3819,13.8394],[77.43252,13.84326],[77.41643,13.8088],[77.42865,13.80685],[77.42257,13.79913],[77.43703,13.79674],[77.44533,13.81106],[77.46459,13.80612],[77.45649,13.78876],[77.47055,13.75806],[77.46507,13.71092],[77.45007,13.71094],[77.45533,13.6823],[77.49211,13.68985],[77.48504,13.71482],[77.51417,13.71325],[77.51237,13.69729],[77.52833,13.69305],[77.53664,13.73064],[77.52195,13.7446],[77.52726,13.75385],[77.54744,13.75294],[77.56057,13.72245],[77.57168,13.73825],[77.58684,13.73354],[77.59997,13.7508],[77.6136,13.75196],[77.62771,13.73464],[77.64223,13.74684],[77.61884,13.755],[77.6175,13.76197],[77.65129,13.78412],[77.68008,13.78682],[77.67171,13.76052],[77.70329,13.76983],[77.70845,13.74106],[77.71736,13.74112],[77.71931,13.80032],[77.74072,13.81246],[77.78153,13.81833],[77.78908,13.83051],[77.78227,13.84412],[77.81203,13.84902],[77.82019,13.86325],[77.83707,13.86978],[77.82733,13.87448],[77.83554,13.88101],[77.83195,13.89571],[77.81617,13.90302],[77.81349,13.91466],[77.81484,13.93197],[77.82659,13.94476],[77.83882,13.93593],[77.89569,13.94108],[77.89581,13.9204],[77.92676,13.90537],[77.9462,13.93538],[77.95886,13.93887],[77.96743,13.96019],[77.98752,13.95554],[77.98024,13.92789],[77.98438,13.89763],[77.94907,13.88649],[77.95298,13.82739],[77.9761,13.82953],[77.99206,13.86886],[78.00048,13.87297],[78.04617,13.86217],[78.04886,13.89613],[78.07899,13.88119],[78.0819,13.86128],[78.11477,13.86293],[78.12539,13.83165],[78.11374,13.80751],[78.12639,13.78642],[78.09151,13.74232],[78.12079,13.71566],[78.11321,13.69278],[78.06907,13.69785],[78.07358,13.68777],[78.06571,13.67618],[78.08973,13.65914],[78.0871,13.64311],[78.09893,13.64284],[78.11428,13.6574],[78.16757,13.65587],[78.16821,13.63289],[78.20418,13.62846],[78.20332,13.60655],[78.19024,13.59018],[78.19296,13.56489],[78.21963,13.59326],[78.23267,13.58689],[78.23603,13.59931],[78.25947,13.58254],[78.32616,13.59488],[78.35058,13.58691],[78.38517,13.59217],[78.40224,13.5873],[78.40666,13.5769],[78.39416,13.54112],[78.37442,13.50908],[78.37877,13.48208],[78.37081,13.46957],[78.38166,13.39703],[78.36506,13.36184],[78.37762,13.36319],[78.40838,13.34573],[78.40727,13.33757],[78.3944,13.33386],[78.38485,13.33493],[78.38301,13.34363],[78.37713,13.33201],[78.38711,13.33184],[78.40108,13.31551],[78.42793,13.33134],[78.44037,13.32847],[78.44419,13.30815],[78.48338,13.32121],[78.47929,13.30133],[78.51398,13.29063],[78.53216,13.26698],[78.5393,13.28791],[78.56162,13.28856],[78.56553,13.31205],[78.57863,13.2804],[78.58734,13.28069],[78.58527,13.26225],[78.57012,13.24715],[78.56638,13.2209],[78.57868,13.21304],[78.56777,13.20156],[78.55004,13.20023],[78.54974,13.18974],[78.56727,13.19331],[78.57604,13.18674],[78.57974,13.16741],[78.55009,13.16423],[78.54137,13.15578],[78.54833,13.14858],[78.54462,13.14205],[78.51702,13.13164],[78.5185,13.11987],[78.53848,13.10578],[78.50945,13.09154],[78.51423,13.0619],[78.47847,13.05458],[78.4731,13.04297],[78.46217,13.04326],[78.46359,13.00537],[78.47479,12.99149],[78.46744,12.97507],[78.43531,12.98109],[78.43795,12.96403],[78.41924,12.95873],[78.42036,12.94779],[78.41114,12.94532],[78.41879,12.92177],[78.42816,12.93214],[78.43799,12.92906],[78.46667,12.90546],[78.46474,12.86681],[78.46409,12.87775],[78.44722,12.89226],[78.44555,12.91184],[78.43492,12.91189],[78.42863,12.90212],[78.41219,12.90328],[78.39864,12.91736],[78.39637,12.90736],[78.38867,12.90691],[78.35585,12.94079],[78.33971,12.90323],[78.32351,12.90183],[78.32031,12.88731],[78.33449,12.88926],[78.33706,12.88241],[78.331,12.87563],[78.3136,12.8765],[78.31242,12.85857],[78.28207,12.85936],[78.26837,12.86774],[78.25217,12.8606],[78.24562,12.78831],[78.23093,12.76071],[78.24098,12.72999],[78.23115,12.7126],[78.20737,12.7084],[78.20992,12.70055],[78.20126,12.69165],[78.23768,12.68581],[78.24454,12.70637],[78.27106,12.70511],[78.30097,12.66592],[78.34357,12.64879],[78.3714,12.62715],[78.41258,12.6269],[78.42704,12.63529],[78.46494,12.62408],[78.47475,12.64768],[78.46787,12.67594],[78.49976,12.67619],[78.50741,12.69145],[78.49655,12.7033],[78.50304,12.71682],[78.51175,12.70774],[78.51999,12.71206],[78.48906,12.74203],[78.50524,12.74301],[78.51667,12.72442],[78.5209,12.73618],[78.52504,12.71546],[78.54425,12.71098],[78.52958,12.71026],[78.53488,12.69117],[78.55585,12.7002],[78.56156,12.71006],[78.55439,12.71932],[78.56383,12.73767],[78.55529,12.73932],[78.56317,12.75137],[78.5556,12.75583],[78.59249,12.78272],[78.60036,12.81847],[78.60773,12.82195],[78.60153,12.85085],[78.63341,12.93179],[78.65699,12.93215],[78.63803,12.9648],[78.64714,12.96628],[78.62087,12.99128],[78.6555,13.01529],[78.65619,13.03121],[78.70525,13.01528],[78.71449,13.06872],[78.75175,13.05498],[78.79428,13.06662],[78.81312,13.08918],[78.84201,13.07865],[78.87095,13.08192],[78.87507,13.09685],[78.89156,13.09712],[78.89162,13.0331],[78.9291,13.03653],[78.93708,13.03046],[78.94078,13.03645],[78.92914,13.0458],[78.90365,13.04774],[78.91257,13.06597],[78.92171,13.06613],[78.92392,13.08085],[78.94917,13.08403],[78.97025,13.07475],[78.97228,13.08384],[78.99497,13.08664],[79.06337,13.05314],[79.06284,13.04067],[79.08088,13.02576],[79.09828,13.0261],[79.11445,13.03931],[79.16309,13.02031],[79.1848,13.02989],[79.19297,13.04673],[79.18041,13.04888],[79.17963,13.05453],[79.19207,13.05618],[79.17827,13.05922],[79.19209,13.06747],[79.18063,13.08428],[79.19066,13.08877],[79.19826,13.08138],[79.2344,13.10526],[79.23284,13.1394],[79.21,13.14849],[79.21466,13.15699],[79.22729,13.15565],[79.2349,13.17088],[79.24266,13.17104],[79.24524,13.13831],[79.25743,13.16077],[79.26206,13.14907],[79.28031,13.1529],[79.28399,13.1228],[79.31243,13.12617],[79.29428,13.10963],[79.30716,13.10555],[79.31886,13.1135],[79.31189,13.1166],[79.32421,13.11857],[79.31864,13.1235],[79.34114,13.13687],[79.34522,13.12143],[79.36047,13.12357],[79.36549,13.13396],[79.35609,13.16461],[79.38001,13.16296],[79.37921,13.17154],[79.36949,13.17295],[79.3877,13.17756],[79.374,13.18929],[79.40915,13.19407],[79.4384,13.18821],[79.43235,13.197],[79.44382,13.20781],[79.43735,13.21958],[79.45377,13.21697],[79.45312,13.23838],[79.43098,13.22975],[79.43976,13.23589],[79.43146,13.2361],[79.43765,13.24292],[79.41847,13.24299],[79.42261,13.25135],[79.40839,13.2653],[79.4337,13.27502],[79.44539,13.30128],[79.43051,13.30028],[79.42001,13.28958],[79.41574,13.29961],[79.38981,13.29746],[79.38863,13.30981],[79.38186,13.30752],[79.38778,13.31808],[79.402,13.31738],[79.39833,13.33023],[79.40533,13.33507],[79.41469,13.33006],[79.43164,13.33674],[79.4354,13.35174],[79.45623,13.3386],[79.49523,13.34523],[79.51032,13.33463],[79.51106,13.342],[79.52591,13.34441],[79.53728,13.33867],[79.54408,13.31681],[79.53483,13.3014],[79.5412,13.29247],[79.53457,13.27543],[79.55838,13.27275],[79.57924,13.25782],[79.59128,13.26146],[79.59603,13.28488],[79.60866,13.28752],[79.60606,13.27958],[79.61409,13.28272],[79.63161,13.26973],[79.63844,13.28751],[79.64124,13.27561],[79.64245,13.29018],[79.65176,13.29186],[79.6578,13.28387],[79.66384,13.28979],[79.66535,13.27874],[79.68237,13.29594],[79.69572,13.2673],[79.67826,13.26168],[79.68424,13.24446],[79.6959,13.23858],[79.70095,13.25305],[79.71251,13.24469],[79.70267,13.22242],[79.71835,13.21654],[79.73137,13.22247],[79.73728,13.23656],[79.75005,13.20802],[79.75981,13.20747],[79.76422,13.21914],[79.77544,13.21534],[79.78475,13.22793],[79.79446,13.22635],[79.7947,13.24213],[79.735,13.27596],[79.73368,13.28884],[79.75671,13.29531],[79.7608,13.31851],[79.7917,13.29355],[79.80887,13.31728],[79.86276,13.31695],[79.86803,13.33109],[79.88287,13.32334],[79.88347,13.33288],[79.91482,13.34816],[79.91594,13.35989],[79.93127,13.35154],[79.93797,13.35555],[79.94944,13.3755],[79.94501,13.3818],[79.95801,13.3792],[79.96272,13.39138],[79.94432,13.39689],[79.94567,13.40775],[79.93454,13.41648],[79.94181,13.41674],[79.93958,13.42505],[79.95662,13.42221],[79.97331,13.42969],[79.97239,13.46911],[79.98236,13.47048],[79.98405,13.4796],[80.00781,13.47833],[80.01587,13.49797],[80.04659,13.4937],[80.04839,13.51227],[80.03549,13.51833],[80.02715,13.51372],[80.01762,13.52958],[80.00049,13.5257],[79.99969,13.54233],[80.01686,13.5472],[80.02841,13.53884],[80.0569,13.53666],[80.08123,13.54977],[80.08861,13.535],[80.07711,13.52641],[80.07817,13.48883],[80.10818,13.48894],[80.11274,13.50597],[80.13918,13.50429],[80.14517,13.49143],[80.21456,13.49029],[80.24178,13.47067],[80.26826,13.5645]],[[82.22814,16.76073],[82.23199,16.7548],[82.22451,16.75288],[82.21748,16.73277],[82.2698,16.7218],[82.28972,16.72667],[82.3055,16.74826],[82.31379,16.72939],[82.31007,16.71818],[82.26673,16.69466],[82.23904,16.71632],[82.19341,16.72165],[82.18633,16.7371],[82.20559,16.73461],[82.21192,16.7511],[82.22814,16.76073]]]]}},{"type":"Feature","properties":{"shapeName":"Mizoram","shapeISO":"IN-MZ","shapeType":"ADM1"},"geometry":{"type":"Polygon","coordinates":[[[92.26539,23.72511],[92.27984,23.71901],[92.27866,23.71008],[92.28965,23.7016],[92.29166,23.68189],[92.27289,23.64228],[92.2823,23.63818],[92.27883,23.62512],[92.28105,23.6308],[92.29582,23.62232],[92.28802,23.6184],[92.28735,23.59626],[92.29665,23.58857],[92.30125,23.59314],[92.30826,23.57844],[92.31309,23.55581],[92.30638,23.53613],[92.31743,23.52766],[92.31304,23.51614],[92.31841,23.51656],[92.32185,23.49139],[92.3159,23.48649],[92.32617,23.47821],[92.31739,23.47126],[92.33117,23.46581],[92.32578,23.45842],[92.33334,23.45602],[92.32701,23.44921],[92.33377,23.42879],[92.34611,23.4337],[92.34738,23.41341],[92.35686,23.41069],[92.35185,23.38143],[92.36437,23.37987],[92.35627,23.37122],[92.36256,23.3667],[92.36974,23.37398],[92.3778,23.36229],[92.37949,23.35191],[92.36392,23.32322],[92.37579,23.32042],[92.38553,23.30654],[92.38086,23.28567],[92.40348,23.24089],[92.34633,23.23667],[92.36427,23.15699],[92.35689,23.13449],[92.36757,23.12688],[92.35772,23.10304],[92.37965,23.08648],[92.39183,23.05736],[92.38196,23.03369],[92.38393,22.98181],[92.37417,22.9711],[92.37737,22.9482],[92.3711,22.93612],[92.37621,22.92906],[92.39637,22.92981],[92.40092,22.91213],[92.41938,22.91852],[92.43371,22.88587],[92.44994,22.89314],[92.44844,22.87621],[92.46013,22.87062],[92.45269,22.86208],[92.46405,22.85425],[92.45658,22.85144],[92.4627,22.84184],[92.45284,22.84245],[92.46162,22.83027],[92.45449,22.81919],[92.47184,22.79665],[92.47347,22.75988],[92.48248,22.74704],[92.51244,22.73339],[92.52895,22.6659],[92.52469,22.64109],[92.5322,22.63309],[92.52717,22.62167],[92.53793,22.57637],[92.52718,22.57282],[92.52202,22.5597],[92.53979,22.54078],[92.54315,22.51387],[92.55118,22.51307],[92.54354,22.49929],[92.5509,22.4979],[92.54369,22.49068],[92.55636,22.42434],[92.5524,22.40972],[92.58088,22.32184],[92.59407,22.18131],[92.60857,22.16466],[92.60538,22.12394],[92.59374,22.12591],[92.59264,22.13858],[92.5781,22.14384],[92.56213,22.12818],[92.57476,22.11528],[92.59184,22.06537],[92.60188,22.0609],[92.59219,22.03891],[92.59934,22.02876],[92.59761,22.00935],[92.61243,21.9913],[92.60317,21.97714],[92.63463,21.98354],[92.65179,22.01634],[92.67964,22.01152],[92.68539,22.04174],[92.68155,22.10347],[92.68777,22.10384],[92.6903,22.07229],[92.69155,22.1341],[92.69954,22.15504],[92.72702,22.1491],[92.73509,22.13424],[92.76,22.12581],[92.77102,22.10948],[92.79009,22.10541],[92.79782,22.09394],[92.81002,22.09627],[92.81834,22.07522],[92.83648,22.07217],[92.84086,22.05949],[92.852,22.06674],[92.86253,22.06293],[92.86414,22.02502],[92.89126,22.01146],[92.90621,21.94142],[92.9155,21.97982],[92.93502,22.00608],[92.92664,22.0154],[92.93979,22.01408],[92.95124,22.03002],[92.97797,21.99825],[92.98142,21.98075],[93.00339,21.98252],[93.00442,22.01707],[92.9941,22.0422],[93.01191,22.08886],[93.00454,22.10474],[93.05918,22.10123],[93.05669,22.12202],[93.03664,22.14484],[93.04883,22.16939],[93.03776,22.19541],[93.06267,22.20775],[93.0885,22.19682],[93.1109,22.20431],[93.12364,22.17401],[93.15069,22.17631],[93.16121,22.19651],[93.14829,22.21175],[93.14174,22.24566],[93.17712,22.246],[93.20204,22.26413],[93.19373,22.28824],[93.19924,22.29408],[93.18979,22.3005],[93.19574,22.3144],[93.18908,22.32314],[93.19656,22.32897],[93.18573,22.33988],[93.18523,22.42769],[93.16317,22.45118],[93.13887,22.45422],[93.13117,22.46787],[93.13486,22.4921],[93.12374,22.5085],[93.12835,22.52364],[93.10641,22.52689],[93.11186,22.55777],[93.14016,22.59272],[93.12831,22.62396],[93.10769,22.63694],[93.10963,22.65584],[93.09545,22.67229],[93.09449,22.68064],[93.10201,22.68309],[93.0909,22.70476],[93.10714,22.75094],[93.09421,22.80621],[93.11034,22.81893],[93.10309,22.82405],[93.11767,22.84251],[93.11708,22.86379],[93.13386,22.89217],[93.131,22.90697],[93.13968,22.91423],[93.16419,22.91148],[93.14771,22.9257],[93.13773,22.95102],[93.14035,22.98966],[93.11974,23.00237],[93.13365,23.05872],[93.15124,23.05404],[93.1552,23.04345],[93.18307,23.05969],[93.18935,23.05176],[93.20133,23.05465],[93.22877,23.01156],[93.29362,23.00666],[93.30527,23.02073],[93.31315,23.01911],[93.3341,23.05948],[93.34299,23.05878],[93.33996,23.06758],[93.35139,23.07051],[93.33854,23.07417],[93.34414,23.09259],[93.35345,23.09675],[93.35532,23.11661],[93.3853,23.13467],[93.38556,23.14452],[93.36753,23.14424],[93.36812,23.17537],[93.38041,23.18694],[93.37475,23.20455],[93.38798,23.21647],[93.3621,23.27993],[93.36964,23.28713],[93.36463,23.30594],[93.37133,23.30939],[93.36327,23.31291],[93.37114,23.31362],[93.3664,23.32146],[93.37249,23.32939],[93.35537,23.35261],[93.38769,23.35946],[93.38636,23.37436],[93.40143,23.38422],[93.3881,23.42048],[93.38766,23.44554],[93.39457,23.44795],[93.3991,23.47202],[93.39247,23.4787],[93.39482,23.50376],[93.41828,23.54012],[93.40972,23.56433],[93.42168,23.57114],[93.42799,23.58822],[93.41589,23.64701],[93.43617,23.68673],[93.40728,23.70716],[93.41088,23.72932],[93.39158,23.75712],[93.4038,23.80641],[93.39028,23.81772],[93.3849,23.84823],[93.39387,23.92884],[93.38109,23.93463],[93.36936,23.92991],[93.36123,23.94471],[93.35101,23.94185],[93.35128,23.96138],[93.32871,23.98503],[93.33725,23.98968],[93.32978,24.02072],[93.33892,24.02194],[93.32599,24.02965],[93.33789,24.04036],[93.31773,24.05323],[93.28643,24.05255],[93.25313,24.02127],[93.25077,24.03298],[93.26308,24.05828],[93.25025,24.08024],[93.22033,24.08345],[93.22044,24.06127],[93.20967,24.04822],[93.16748,24.05144],[93.16586,24.07366],[93.14046,24.08792],[93.12605,24.06218],[93.09937,24.04325],[93.09763,24.07308],[93.07841,24.10177],[93.04667,24.09002],[92.991,24.11556],[92.97285,24.11261],[92.97098,24.12107],[92.99057,24.13712],[92.98833,24.14935],[93.00596,24.16176],[93.00768,24.18212],[92.9992,24.19625],[93.01491,24.20003],[93.02193,24.21787],[93.01597,24.22482],[93.02398,24.23375],[93.00927,24.24344],[93.0042,24.25758],[93.01219,24.27097],[93.00813,24.28724],[93.02311,24.30216],[93.04034,24.34137],[93.01773,24.34995],[93.01842,24.38347],[93.02494,24.39136],[93.0087,24.41178],[92.99418,24.39905],[92.97355,24.4084],[92.95782,24.392],[92.95107,24.4031],[92.9311,24.39311],[92.90924,24.41301],[92.90278,24.39117],[92.88358,24.40252],[92.87324,24.39496],[92.86084,24.3986],[92.84326,24.37797],[92.82927,24.37379],[92.82304,24.38657],[92.82984,24.40039],[92.79927,24.41923],[92.80117,24.42975],[92.7629,24.52123],[92.70351,24.37555],[92.69272,24.36857],[92.68473,24.34664],[92.66127,24.34826],[92.64566,24.32788],[92.63559,24.3368],[92.62467,24.33418],[92.6122,24.25357],[92.5508,24.24733],[92.53411,24.18025],[92.52394,24.17154],[92.51541,24.17896],[92.50141,24.16049],[92.48361,24.16314],[92.47858,24.14213],[92.46422,24.13633],[92.43632,24.15314],[92.43563,24.1794],[92.4188,24.1928],[92.42243,24.25496],[92.29228,24.25049],[92.33196,24.17966],[92.32377,24.17134],[92.33163,24.15189],[92.3306,24.1398],[92.32446,24.13954],[92.32757,24.10159],[92.31205,24.05222],[92.31201,24.03252],[92.31972,24.02454],[92.31385,24.02133],[92.3261,23.99788],[92.30786,23.96066],[92.30889,23.93133],[92.32509,23.91419],[92.31108,23.88022],[92.31493,23.8606],[92.30757,23.85701],[92.28501,23.86725],[92.26858,23.84228],[92.28223,23.81474],[92.257,23.81287],[92.26721,23.7687],[92.26539,23.72511]]]}},{"type":"Feature","properties":{"shapeName":"Arunāchal Pradesh","shapeISO":"IN-AR","shapeType":"ADM1"},"geometry":{"type":"Polygon","coordinates":[[[95.23392,26.68246],[95.24924,26.68389],[95.25734,26.67613],[95.25957,26.65535],[95.30339,26.65084],[95.33513,26.67364],[95.36023,26.67093],[95.37403,26.68401],[95.43059,26.70002],[95.43225,26.71523],[95.45929,26.74286],[95.48236,26.74645],[95.50648,26.80809],[95.52238,26.81354],[95.52465,26.82266],[95.54317,26.83544],[95.55656,26.83263],[95.56962,26.81634],[95.608,26.81319],[95.6266,26.8428],[95.63154,26.87375],[95.64394,26.87607],[95.66722,26.90291],[95.7058,26.88056],[95.72306,26.88148],[95.74497,26.89626],[95.74794,26.92613],[95.75982,26.9367],[95.75524,26.95395],[95.76841,26.97698],[95.78119,26.97769],[95.80226,27.01507],[95.83098,27.00749],[95.84263,27.01425],[95.87022,27.01312],[95.90402,27.03907],[95.94573,27.05139],[95.9674,27.09847],[96.01015,27.14232],[96.02264,27.17995],[96.07717,27.20821],[96.08991,27.22324],[96.1551,27.24841],[96.18531,27.24917],[96.19391,27.2615],[96.20948,27.26136],[96.22859,27.2788],[96.27145,27.2714],[96.2742,27.28339],[96.30745,27.29422],[96.3402,27.28487],[96.35224,27.29489],[96.38624,27.28474],[96.40255,27.29324],[96.40771,27.28775],[96.42139,27.30144],[96.44065,27.30633],[96.50758,27.29901],[96.52363,27.28629],[96.5509,27.3183],[96.59615,27.33357],[96.59116,27.34797],[96.60565,27.36583],[96.69769,27.3577],[96.70422,27.37226],[96.75132,27.35264],[96.76682,27.35735],[96.79674,27.34582],[96.82216,27.30913],[96.84807,27.29038],[96.84688,27.27164],[96.86283,27.25966],[96.88427,27.26019],[96.88561,27.22693],[96.85468,27.21078],[96.85678,27.19247],[96.87423,27.18063],[96.90134,27.16856],[96.98416,27.15437],[96.99287,27.14023],[97.03056,27.13137],[97.03386,27.1185],[97.0709,27.08983],[97.07659,27.0992],[97.09681,27.09676],[97.10043,27.10897],[97.13821,27.09149],[97.1657,27.13512],[97.14696,27.16532],[97.12455,27.1747],[97.12188,27.19038],[97.0905,27.21356],[97.08822,27.23884],[97.0549,27.26537],[97.05472,27.27519],[97.04055,27.28221],[97.02809,27.30848],[96.99841,27.31879],[96.99024,27.34406],[96.981,27.34583],[96.9621,27.37293],[96.96762,27.38118],[96.96048,27.40397],[96.93474,27.41533],[96.93235,27.43135],[96.90338,27.45278],[96.91047,27.48668],[96.92602,27.50797],[96.93534,27.50831],[96.91957,27.53668],[96.90669,27.54432],[96.90837,27.57938],[96.89021,27.57938],[96.88981,27.60587],[96.89288,27.61591],[96.90354,27.61385],[96.9214,27.63292],[96.93512,27.66166],[96.98302,27.6665],[96.98541,27.68587],[97.03154,27.74949],[97.04754,27.7393],[97.06152,27.74863],[97.08773,27.73418],[97.09756,27.75051],[97.09863,27.78497],[97.12042,27.79001],[97.13353,27.80657],[97.15651,27.81407],[97.164,27.82774],[97.25271,27.90097],[97.30495,27.9213],[97.32012,27.90311],[97.3173,27.8807],[97.33964,27.8852],[97.36088,27.87619],[97.38509,27.8874],[97.3747,27.90912],[97.38383,27.91771],[97.37182,27.93558],[97.37435,27.97746],[97.38753,28.00329],[97.40794,28.00644],[97.4115,28.0154],[97.37349,28.03057],[97.36442,28.04397],[97.37,28.06181],[97.32818,28.05704],[97.30432,28.06888],[97.3068,28.08507],[97.33566,28.11135],[97.32143,28.14017],[97.32755,28.15493],[97.36036,28.18845],[97.3688,28.19236],[97.38897,28.18308],[97.39733,28.1924],[97.3715,28.21764],[97.31002,28.24411],[97.30334,28.25631],[97.27915,28.2687],[97.23835,28.26768],[97.22145,28.29256],[97.17114,28.29185],[97.14933,28.32698],[97.12337,28.3493],[97.09008,28.36289],[97.04934,28.35134],[97.02017,28.31951],[96.99398,28.30951],[96.95036,28.33342],[96.92352,28.33857],[96.91763,28.35697],[96.89641,28.37963],[96.86027,28.3721],[96.84998,28.36215],[96.77224,28.36806],[96.74905,28.41588],[96.7043,28.43179],[96.66279,28.46026],[96.57789,28.45776],[96.50852,28.41302],[96.4783,28.4194],[96.45658,28.41404],[96.43029,28.38654],[96.42107,28.34569],[96.39762,28.33926],[96.39042,28.35747],[96.37829,28.35894],[96.3693,28.38926],[96.31827,28.38119],[96.30311,28.39983],[96.26229,28.4086],[96.37153,28.48222],[96.36523,28.49997],[96.32443,28.52942],[96.35339,28.556],[96.40535,28.55935],[96.39973,28.58971],[96.42683,28.58248],[96.49289,28.63352],[96.47171,28.68373],[96.48952,28.68398],[96.52133,28.70445],[96.58489,28.71696],[96.61261,28.75523],[96.61506,28.77405],[96.60297,28.79999],[96.53686,28.88005],[96.53824,28.91701],[96.51848,28.96721],[96.48721,28.9616],[96.47716,28.9904],[96.52514,29.0758],[96.4357,29.03415],[96.34672,29.02898],[96.29368,28.99544],[96.24817,28.93949],[96.16641,28.90263],[96.1629,28.91881],[96.14523,28.93431],[96.15518,28.95244],[96.18046,28.96538],[96.18491,28.985],[96.15067,29.05026],[96.11489,29.07484],[96.18597,29.09179],[96.20069,29.10311],[96.21793,29.13533],[96.26065,29.15738],[96.34674,29.16814],[96.35891,29.17874],[96.37185,29.21523],[96.38822,29.23093],[96.39338,29.25377],[96.37565,29.28112],[96.36384,29.28304],[96.34599,29.26474],[96.31327,29.25652],[96.29361,29.23318],[96.24423,29.23258],[96.21088,29.2725],[96.20411,29.29132],[96.18402,29.30702],[96.18681,29.34236],[96.17635,29.36248],[96.08866,29.45997],[96.05708,29.45681],[95.95848,29.38101],[95.88233,29.38997],[95.84969,29.35708],[95.82824,29.35416],[95.79791,29.33478],[95.77913,29.35493],[95.72845,29.30092],[95.70333,29.29891],[95.68453,29.27573],[95.63937,29.24829],[95.60014,29.2604],[95.58901,29.24087],[95.58711,29.21642],[95.53907,29.21249],[95.54792,29.12692],[95.49753,29.13868],[95.48693,29.07448],[95.44842,29.0342],[95.3857,29.03632],[95.30396,29.06138],[95.26779,29.05614],[95.2514,29.06709],[95.25213,29.10851],[95.12331,29.11506],[95.10002,29.1427],[95.04144,29.15142],[94.99932,29.17211],[94.98853,29.17266],[95.02447,29.12959],[94.96949,29.15885],[94.92067,29.16147],[94.87378,29.18357],[94.8486,29.18228],[94.79999,29.16392],[94.79493,29.17971],[94.80002,29.20941],[94.77961,29.24061],[94.71353,29.30405],[94.63084,29.34847],[94.62159,29.31262],[94.5803,29.28057],[94.57455,29.25031],[94.56033,29.22861],[94.53548,29.21843],[94.49692,29.21641],[94.43373,29.22665],[94.37478,29.19004],[94.35937,29.15233],[94.29022,29.14795],[94.21709,29.08383],[94.1775,29.02016],[94.17516,28.99144],[94.16051,28.97366],[94.15728,28.95433],[94.06864,28.89564],[94.0321,28.85295],[93.99696,28.84088],[94.00197,28.81925],[93.98721,28.79775],[94.00352,28.78369],[94.00331,28.77494],[93.97035,28.75078],[93.95872,28.70402],[93.92783,28.6711],[93.90588,28.67599],[93.86713,28.70312],[93.8459,28.70683],[93.77705,28.66797],[93.73353,28.68879],[93.62209,28.6573],[93.53593,28.65849],[93.51138,28.67953],[93.49332,28.68367],[93.48138,28.67469],[93.47635,28.65333],[93.46891,28.6518],[93.4479,28.67577],[93.41406,28.65263],[93.33917,28.63993],[93.32985,28.60803],[93.30208,28.5993],[93.30741,28.56595],[93.27794,28.50446],[93.23733,28.48237],[93.20955,28.45186],[93.18464,28.43961],[93.18303,28.43236],[93.23337,28.40025],[93.2207,28.33318],[93.19547,28.3175],[93.12658,28.32634],[93.09715,28.30661],[93.02554,28.30279],[93.03555,28.26266],[93.0021,28.23031],[92.99174,28.23395],[92.98775,28.25087],[92.96636,28.26139],[92.91479,28.23461],[92.89705,28.20418],[92.82975,28.17108],[92.82309,28.17351],[92.81805,28.20124],[92.80153,28.20187],[92.73842,28.15119],[92.68886,28.12544],[92.66468,28.06237],[92.69714,28.04793],[92.741,27.98888],[92.67064,27.89957],[92.60652,27.87699],[92.56209,27.82049],[92.5453,27.81694],[92.51657,27.83972],[92.50283,27.84101],[92.45641,27.80277],[92.4453,27.80031],[92.40835,27.82165],[92.38455,27.81515],[92.38138,27.79459],[92.31756,27.77783],[92.309,27.77884],[92.28637,27.8072],[92.26581,27.85763],[92.2481,27.86323],[92.21226,27.85872],[92.15799,27.83675],[92.05724,27.75888],[91.9858,27.76979],[91.96774,27.75124],[91.95752,27.75048],[91.94697,27.72849],[91.92067,27.7149],[91.91032,27.72613],[91.88062,27.72167],[91.86253,27.73678],[91.8473,27.77553],[91.83562,27.77979],[91.8264,27.81027],[91.81746,27.80329],[91.80633,27.80882],[91.76037,27.80124],[91.71189,27.81327],[91.6644,27.85827],[91.60989,27.85404],[91.57968,27.86206],[91.56696,27.8528],[91.54646,27.85563],[91.56795,27.81536],[91.60128,27.82088],[91.63054,27.80083],[91.63347,27.77156],[91.64189,27.76518],[91.62596,27.70592],[91.61228,27.69285],[91.59859,27.69252],[91.59194,27.67176],[91.56902,27.65241],[91.55989,27.63341],[91.57821,27.60823],[91.5789,27.59949],[91.56408,27.58413],[91.56882,27.57494],[91.59638,27.53943],[91.6112,27.5415],[91.6224,27.51316],[91.64593,27.49883],[91.6492,27.48456],[91.69188,27.50256],[91.71238,27.49104],[91.72171,27.47014],[91.75145,27.474],[91.77542,27.46426],[91.81102,27.47232],[91.83005,27.4687],[91.85071,27.48226],[91.86459,27.48176],[91.87376,27.47251],[91.92421,27.471],[91.94081,27.46027],[91.98045,27.46457],[91.99813,27.47696],[92.02014,27.47935],[92.0205,27.4472],[92.04003,27.43607],[92.0433,27.41238],[92.05567,27.39965],[92.04753,27.36787],[92.06129,27.34478],[92.05985,27.32669],[92.12154,27.28699],[92.11993,27.27531],[92.10253,27.26853],[92.07099,27.27681],[92.04057,27.26614],[92.0667,27.24439],[92.07051,27.22306],[92.05707,27.18901],[92.02605,27.17119],[92.02511,27.15365],[92.03724,27.13784],[92.02294,27.11433],[92.02846,27.07796],[92.04551,27.05133],[92.06457,27.05155],[92.07719,27.03918],[92.08032,27.01992],[92.10376,27.00703],[92.10257,26.98228],[92.11364,26.97501],[92.11777,26.95947],[92.10817,26.89306],[92.19473,26.89006],[92.25512,26.9097],[92.27602,26.90209],[92.3029,26.90724],[92.30259,26.92274],[92.36312,26.93464],[92.39826,26.92479],[92.41195,26.94286],[92.42574,26.94114],[92.4474,26.95891],[92.58327,26.95964],[92.64473,26.98676],[92.67241,27.03175],[92.72285,27.01831],[92.76315,27.02741],[92.7934,27.02294],[92.83879,27.00494],[92.88654,26.99984],[92.91834,26.9824],[92.91707,26.96303],[93.02178,26.91351],[93.06264,26.92237],[93.08815,26.91449],[93.1073,26.92586],[93.32264,26.96011],[93.44869,26.95088],[93.46241,26.93798],[93.48618,26.94237],[93.48902,26.93627],[93.52469,26.94862],[93.58659,26.95057],[93.66004,26.96705],[93.7233,27.02091],[93.76735,27.03954],[93.77079,27.06213],[93.7782,27.04903],[93.78111,27.06562],[93.78371,27.05155],[93.79433,27.06202],[93.80015,27.05795],[93.7937,27.07244],[93.80328,27.05816],[93.81131,27.05903],[93.81066,27.06757],[93.81492,27.06155],[93.82915,27.06691],[93.8377,27.08547],[93.82659,27.09707],[93.82499,27.11652],[93.80936,27.12344],[93.81237,27.13102],[93.79684,27.12903],[93.79469,27.13614],[93.80531,27.13722],[93.80592,27.14886],[93.86415,27.19625],[93.99118,27.32844],[94.05974,27.36163],[94.08952,27.40715],[94.15935,27.46171],[94.15659,27.47495],[94.26818,27.52094],[94.25742,27.53713],[94.25862,27.55555],[94.24664,27.56956],[94.22488,27.57419],[94.22657,27.59784],[94.20943,27.60518],[94.23749,27.63278],[94.26163,27.63597],[94.26655,27.62605],[94.25418,27.61433],[94.2724,27.60304],[94.27732,27.58953],[94.28822,27.58935],[94.29819,27.60203],[94.30918,27.59088],[94.36394,27.57445],[94.43161,27.60043],[94.43326,27.58851],[94.46165,27.55534],[94.47773,27.57624],[94.49888,27.57226],[94.54451,27.60113],[94.57401,27.6039],[94.58747,27.61855],[94.63311,27.62426],[94.66257,27.64542],[94.6826,27.64599],[94.68783,27.66524],[94.70896,27.65668],[94.72506,27.6691],[94.75423,27.66064],[94.79365,27.69528],[94.8207,27.69217],[94.84089,27.70071],[94.85227,27.7277],[94.92225,27.75002],[95.30868,27.86811],[95.3795,27.83927],[95.52005,27.88133],[95.54419,27.89988],[95.54459,27.91094],[95.56346,27.91936],[95.56851,27.936],[95.58603,27.93682],[95.6052,27.95471],[95.8238,27.97157],[95.9712,27.96281],[95.94822,27.93721],[95.95261,27.92019],[95.92975,27.90284],[95.93766,27.89829],[95.91542,27.88948],[95.925,27.88177],[95.91547,27.88386],[95.91061,27.87029],[95.90161,27.86856],[95.90483,27.86221],[95.89017,27.86009],[95.87032,27.83276],[95.83767,27.82421],[95.83799,27.81033],[95.81656,27.80278],[95.80026,27.77379],[95.77592,27.75372],[95.77929,27.7338],[95.7524,27.72433],[95.76527,27.71475],[95.7675,27.68739],[95.79037,27.68024],[95.77505,27.67441],[95.77035,27.6578],[95.7957,27.64183],[95.7894,27.6264],[95.77844,27.62407],[95.79025,27.61183],[95.79088,27.5993],[95.81571,27.59876],[95.81425,27.57434],[95.82335,27.57457],[95.86038,27.54333],[95.87674,27.54368],[95.87575,27.51252],[95.88676,27.49718],[95.87421,27.49334],[95.8706,27.46675],[95.85323,27.457],[95.85666,27.44502],[95.84673,27.43866],[95.84441,27.42168],[95.85954,27.40804],[95.85705,27.41998],[95.88312,27.43541],[95.88607,27.39836],[95.90788,27.43444],[95.94122,27.43739],[95.95466,27.41971],[95.96025,27.42912],[95.96447,27.41815],[95.96926,27.42798],[95.9753,27.41948],[95.97012,27.415],[95.9832,27.41193],[96.01766,27.36501],[95.98911,27.35659],[95.98678,27.3457],[95.9652,27.32798],[95.97546,27.32455],[95.95495,27.31777],[95.95994,27.31105],[95.89712,27.28226],[95.90426,27.27401],[95.89347,27.26767],[95.89234,27.25538],[95.85633,27.27115],[95.85921,27.28732],[95.80506,27.27305],[95.80079,27.28436],[95.77949,27.26985],[95.74202,27.26675],[95.72011,27.24957],[95.68144,27.25184],[95.63225,27.22978],[95.58748,27.22304],[95.57455,27.24374],[95.55344,27.24895],[95.54503,27.26008],[95.50908,27.26213],[95.50458,27.24946],[95.48417,27.24135],[95.47235,27.21903],[95.45749,27.20888],[95.46651,27.18174],[95.45943,27.17579],[95.46542,27.16645],[95.45322,27.15743],[95.46212,27.14975],[95.45318,27.12953],[95.44431,27.13531],[95.43952,27.12601],[95.42055,27.12588],[95.37458,27.09277],[95.36367,27.10264],[95.36876,27.10769],[95.35467,27.10401],[95.29174,27.06658],[95.27623,27.05228],[95.27703,27.04247],[95.24634,27.0239],[95.23214,27.04285],[95.21108,27.02875],[95.19657,27.03708],[95.19149,26.98486],[95.20235,26.98202],[95.2113,26.96628],[95.20205,26.95806],[95.20905,26.95254],[95.20668,26.94199],[95.21217,26.93011],[95.23004,26.92263],[95.2322,26.90283],[95.22806,26.88077],[95.20866,26.88234],[95.18095,26.85603],[95.18696,26.84779],[95.20293,26.84635],[95.19732,26.82258],[95.212,26.79949],[95.20828,26.79509],[95.24249,26.78255],[95.21647,26.75563],[95.21944,26.74582],[95.2099,26.72899],[95.23282,26.70579],[95.23392,26.68246]]]}},{"type":"Feature","properties":{"shapeName":"Meghālaya","shapeISO":"IN-ML","shapeType":"ADM1"},"geometry":{"type":"Polygon","coordinates":[[[92.42519,25.02966],[92.44244,25.04534],[92.46419,25.03754],[92.45689,25.05417],[92.47194,25.06735],[92.48088,25.10868],[92.53933,25.09915],[92.52153,25.13913],[92.55526,25.12705],[92.58799,25.12888],[92.62134,25.11513],[92.62822,25.1382],[92.65567,25.15505],[92.66338,25.17677],[92.69381,25.17934],[92.74278,25.20675],[92.77612,25.19971],[92.80274,25.21706],[92.77158,25.23008],[92.7618,25.24663],[92.77765,25.25828],[92.76853,25.26822],[92.7924,25.28266],[92.78123,25.30508],[92.78684,25.31447],[92.78171,25.33328],[92.76098,25.33362],[92.74981,25.3442],[92.74632,25.35842],[92.73227,25.36902],[92.73793,25.37943],[92.71785,25.37273],[92.67344,25.41412],[92.66155,25.40645],[92.65181,25.41934],[92.65353,25.43362],[92.63947,25.41766],[92.62556,25.43502],[92.62755,25.42207],[92.60654,25.41333],[92.59853,25.46824],[92.58402,25.4657],[92.58027,25.47218],[92.56458,25.46558],[92.57357,25.49058],[92.64275,25.53491],[92.64533,25.55584],[92.66137,25.57229],[92.6529,25.59103],[92.59473,25.55169],[92.5724,25.55745],[92.55664,25.57106],[92.55408,25.6149],[92.50554,25.61641],[92.47025,25.67525],[92.44056,25.6917],[92.44421,25.71979],[92.4311,25.73227],[92.41157,25.73013],[92.41424,25.74156],[92.40654,25.7447],[92.3817,25.74214],[92.38394,25.75462],[92.33343,25.72421],[92.31126,25.72799],[92.26429,25.70919],[92.23437,25.70768],[92.22495,25.71619],[92.17011,25.66723],[92.15607,25.67228],[92.1547,25.70631],[92.14417,25.71691],[92.16263,25.74095],[92.14774,25.77305],[92.15102,25.81674],[92.1612,25.82069],[92.16194,25.83564],[92.17742,25.8516],[92.17716,25.87285],[92.22548,25.90927],[92.2022,25.90642],[92.19445,25.91855],[92.17547,25.90746],[92.15466,25.91109],[92.16085,25.92825],[92.15236,25.94442],[92.16397,25.95791],[92.16413,25.97037],[92.18081,25.98511],[92.19847,25.98832],[92.20377,26.00132],[92.2338,26.00921],[92.26339,26.03323],[92.261,26.04173],[92.26995,26.04755],[92.26387,26.05746],[92.27482,26.06575],[92.26881,26.06827],[92.24155,26.06186],[92.22047,26.0704],[92.18708,26.06667],[92.17601,26.07032],[92.17872,26.07829],[92.16932,26.07774],[92.13413,26.05254],[92.13254,26.04434],[92.09721,26.04932],[92.05135,26.03289],[91.98898,26.03863],[91.98349,26.0259],[91.93107,26.01245],[91.91891,25.99793],[91.90968,26.00887],[91.91462,26.0206],[91.88297,26.0262],[91.87468,26.04311],[91.86722,26.04211],[91.8791,26.09807],[91.82533,26.1195],[91.79129,26.08533],[91.77721,26.08944],[91.76266,26.07245],[91.73099,26.05902],[91.73683,26.05634],[91.72295,26.03522],[91.72003,25.95369],[91.67053,25.90425],[91.65142,25.90638],[91.6094,25.93749],[91.61181,25.94512],[91.62974,25.94335],[91.64064,25.96385],[91.62599,25.98678],[91.63483,26.01223],[91.63102,26.02206],[91.61946,26.02605],[91.59746,26.01817],[91.57977,26.03334],[91.55117,25.97669],[91.53555,25.9624],[91.518,25.95983],[91.51974,25.93997],[91.50284,25.92664],[91.5046,25.91149],[91.53688,25.93131],[91.50481,25.90787],[91.49867,25.89609],[91.50383,25.89127],[91.48393,25.89313],[91.47474,25.87412],[91.51306,25.86581],[91.52651,25.89117],[91.53512,25.88398],[91.53036,25.87135],[91.46301,25.85709],[91.44508,25.83983],[91.42239,25.85457],[91.36576,25.84013],[91.33528,25.84064],[91.27447,25.75054],[91.22238,25.72266],[91.21004,25.72558],[91.19041,25.74792],[91.18922,25.76405],[91.17819,25.77745],[91.19037,25.81153],[91.18623,25.81845],[91.20357,25.84331],[91.19576,25.86149],[91.18016,25.84407],[91.14748,25.85059],[91.12029,25.83302],[91.06206,25.82087],[91.04881,25.82937],[91.07179,25.83886],[91.07843,25.85283],[91.04815,25.8493],[91.02238,25.82386],[91.00595,25.82048],[91.00133,25.82519],[91.03048,25.8859],[90.96879,25.88531],[90.96655,25.91416],[90.94737,25.94819],[90.93379,25.93987],[90.91727,25.9445],[90.91677,25.91415],[90.89435,25.93127],[90.89739,25.93757],[90.88446,25.9504],[90.88101,25.94292],[90.87662,25.94952],[90.87476,25.94264],[90.84429,25.94607],[90.8354,25.9367],[90.83612,25.94852],[90.80899,25.95253],[90.78442,25.92522],[90.7811,25.91136],[90.76631,25.90773],[90.75661,25.91108],[90.76046,25.92198],[90.74524,25.91186],[90.73891,25.91625],[90.75409,25.92953],[90.75272,25.93436],[90.74665,25.92818],[90.74033,25.93949],[90.74803,25.95681],[90.72441,25.94687],[90.71752,25.95503],[90.68827,25.949],[90.67259,25.93473],[90.63158,25.91992],[90.6218,25.89793],[90.61354,25.89942],[90.6062,25.91671],[90.62406,25.93927],[90.58781,25.95816],[90.57667,25.93684],[90.54374,25.92369],[90.54906,25.91552],[90.51492,25.89619],[90.50849,25.9016],[90.53494,25.94968],[90.50247,25.99155],[90.47607,26.00968],[90.42512,25.98893],[90.39968,26.01261],[90.37211,26.01136],[90.34965,26.00422],[90.32471,25.97349],[90.21143,25.95269],[90.20281,25.96095],[90.18682,25.94419],[90.17686,25.95905],[90.15841,25.95724],[90.15103,25.96678],[90.14048,25.95739],[90.11621,25.95697],[90.10663,25.9424],[90.09205,25.93816],[90.08618,25.91956],[90.06049,25.91355],[90.04242,25.88776],[90.0336,25.89454],[90.01931,25.89217],[90.00556,25.87856],[90.02282,25.87006],[90.02227,25.86023],[90.00064,25.84629],[90.00352,25.83933],[89.97103,25.82646],[89.96391,25.83315],[89.96759,25.82261],[89.96194,25.82028],[89.9541,25.82136],[89.95762,25.8292],[89.9482,25.82556],[89.95929,25.78002],[89.95472,25.76727],[89.93517,25.75458],[89.93752,25.74552],[89.92602,25.73845],[89.89468,25.74506],[89.89906,25.72651],[89.94435,25.67935],[89.95039,25.65569],[89.9791,25.63887],[89.98312,25.62688],[90.00406,25.62683],[90.02019,25.60758],[90.00294,25.58552],[89.98344,25.59134],[89.97209,25.57358],[89.89859,25.5606],[89.8783,25.55043],[89.87877,25.53779],[89.86787,25.52433],[89.87328,25.51699],[89.88343,25.51921],[89.88587,25.50801],[89.87281,25.50751],[89.87163,25.47744],[89.84211,25.44978],[89.81575,25.38865],[89.82033,25.34752],[89.84011,25.31851],[89.83489,25.29604],[89.87462,25.28726],[89.90811,25.30784],[89.92927,25.29959],[89.97224,25.30104],[89.98095,25.28533],[90.05986,25.25603],[90.11238,25.22424],[90.16922,25.22173],[90.21447,25.2032],[90.27542,25.19801],[90.29646,25.18817],[90.33172,25.19172],[90.37736,25.16179],[90.44457,25.14381],[90.51038,25.16847],[90.6363,25.17321],[90.65511,25.19315],[90.6749,25.16753],[90.69348,25.15976],[90.72068,25.16483],[90.73734,25.15369],[90.74141,25.16521],[90.76046,25.16519],[90.7801,25.18377],[90.81952,25.16354],[90.86938,25.15967],[90.96554,25.17142],[91.08151,25.20193],[91.13472,25.19296],[91.25205,25.19754],[91.26464,25.20679],[91.29147,25.18692],[91.32086,25.18504],[91.33836,25.17365],[91.35648,25.17726],[91.37634,25.16716],[91.40392,25.16615],[91.41388,25.17247],[91.4393,25.1522],[91.46681,25.14946],[91.47748,25.13511],[91.54745,25.14897],[91.57959,25.17018],[91.60287,25.1737],[91.60822,25.17227],[91.60094,25.14696],[91.61859,25.14665],[91.64201,25.12434],[91.69414,25.14043],[91.7048,25.15676],[91.74396,25.14863],[91.74664,25.17168],[91.77188,25.16706],[91.84114,25.17871],[91.94708,25.1833],[91.98316,25.17157],[92.00211,25.18765],[92.0465,25.18227],[92.06214,25.18786],[92.12238,25.16591],[92.13453,25.15685],[92.1355,25.1433],[92.17586,25.12333],[92.18975,25.1223],[92.1876,25.13602],[92.2192,25.12168],[92.2226,25.11511],[92.20923,25.11171],[92.22932,25.09716],[92.29724,25.07209],[92.33338,25.0825],[92.34093,25.07809],[92.34479,25.05056],[92.42519,25.02966]]]}},{"type":"Feature","properties":{"shapeName":"Jhārkhand","shapeISO":"IN-JH","shapeType":"ADM1"},"geometry":{"type":"Polygon","coordinates":[[[83.32988,24.10169],[83.38781,24.10002],[83.40662,24.08049],[83.43164,24.08599],[83.43726,24.05884],[83.45147,24.04278],[83.51569,24.02722],[83.52388,24.01143],[83.51378,23.9964],[83.51528,23.98074],[83.54736,23.93759],[83.55342,23.89812],[83.58573,23.88645],[83.56946,23.86913],[83.57116,23.86219],[83.65947,23.84931],[83.66846,23.83672],[83.66446,23.82771],[83.68279,23.81943],[83.69147,23.82647],[83.70532,23.82081],[83.70511,23.80392],[83.7226,23.78663],[83.72156,23.77154],[83.73771,23.76054],[83.74604,23.71955],[83.74209,23.70388],[83.72283,23.68592],[83.7611,23.65151],[83.75189,23.63872],[83.75942,23.62606],[83.77511,23.622],[83.77529,23.60901],[83.80062,23.60207],[83.8072,23.58752],[83.81535,23.59625],[83.93766,23.56905],[83.93188,23.62047],[83.98042,23.62494],[83.98062,23.63371],[84.01656,23.63443],[84.00768,23.62235],[84.03003,23.60005],[84.02803,23.54566],[84.01461,23.50356],[83.97098,23.46698],[83.98167,23.42233],[83.96232,23.3854],[83.97457,23.36294],[84.00568,23.35393],[84.0231,23.37801],[84.05096,23.37456],[84.05378,23.35264],[84.07473,23.33333],[84.06163,23.30737],[84.06746,23.2942],[84.0537,23.24735],[84.06332,23.20607],[84.03236,23.16054],[84.03744,23.13993],[84.05827,23.12623],[84.06656,23.11049],[84.09348,23.11248],[84.11537,23.09008],[84.13343,23.08315],[84.12536,23.03698],[84.14692,22.99053],[84.14946,22.96543],[84.17183,22.97043],[84.17828,22.97985],[84.17543,23.00987],[84.18577,23.02715],[84.20164,23.02112],[84.20036,23.00616],[84.21918,22.97882],[84.24254,22.98338],[84.25352,22.9723],[84.27739,22.99298],[84.27397,22.98124],[84.28413,22.96345],[84.3076,22.96749],[84.32807,22.98196],[84.36497,22.97429],[84.37411,22.97913],[84.39583,22.93922],[84.39368,22.9206],[84.37515,22.90456],[84.38312,22.89349],[84.37247,22.86532],[84.33358,22.86063],[84.32296,22.84807],[84.31506,22.80071],[84.29791,22.79433],[84.28933,22.76629],[84.25984,22.76769],[84.23183,22.74189],[84.23343,22.68081],[84.22027,22.66726],[84.20016,22.66651],[84.15244,22.63686],[84.08398,22.63817],[84.05275,22.59587],[84.0244,22.59186],[84.00947,22.5731],[84.00281,22.54596],[84.00913,22.52605],[84.05986,22.51639],[84.11172,22.47705],[84.14084,22.47387],[84.14108,22.42557],[84.15628,22.40769],[84.19684,22.37808],[84.25041,22.37896],[84.26896,22.3545],[84.29146,22.34285],[84.36579,22.34815],[84.36966,22.35391],[84.40048,22.34641],[84.42941,22.35249],[84.43096,22.37299],[84.48525,22.38931],[84.4758,22.40101],[84.48019,22.41331],[84.53525,22.42704],[84.54756,22.42167],[84.59802,22.43475],[84.60275,22.42878],[84.62881,22.43451],[84.66656,22.41953],[84.74991,22.41894],[84.75904,22.44665],[84.81021,22.45331],[84.81757,22.43711],[84.83686,22.43146],[84.88007,22.4489],[84.88617,22.42014],[84.91503,22.42558],[84.92596,22.435],[84.92153,22.44403],[84.93894,22.4461],[84.95432,22.45873],[84.95895,22.44503],[85.03477,22.47393],[85.03827,22.48398],[85.06716,22.48426],[85.07775,22.47749],[85.07691,22.46369],[85.05967,22.44864],[85.06778,22.42802],[85.08169,22.41705],[85.08779,22.38756],[85.07654,22.35613],[85.08321,22.34527],[85.09563,22.34468],[85.09197,22.31605],[85.118,22.31755],[85.11695,22.29445],[85.09954,22.29348],[85.07096,22.27463],[85.07818,22.25731],[85.04973,22.19461],[85.05427,22.18369],[85.02981,22.16239],[85.03454,22.14442],[85.02841,22.1222],[84.98464,22.09553],[84.98687,22.08264],[85.00055,22.08297],[85.02137,22.10721],[85.04046,22.11574],[85.09848,22.1059],[85.12187,22.07082],[85.15478,22.07848],[85.17405,22.05157],[85.1676,22.06915],[85.18101,22.07281],[85.18724,22.05816],[85.21426,22.04939],[85.22164,22.01806],[85.23913,22.0094],[85.28126,22.09041],[85.32348,22.12764],[85.34616,22.13025],[85.36602,22.12269],[85.36026,22.14347],[85.37129,22.16101],[85.42326,22.15803],[85.54193,22.10107],[85.54514,22.08969],[85.5626,22.0953],[85.59936,22.07834],[85.61336,22.08626],[85.62711,22.0813],[85.65382,22.09466],[85.68523,22.05452],[85.69164,22.06228],[85.71013,22.05876],[85.74935,22.07355],[85.80738,22.1161],[85.82289,22.10637],[85.81526,22.09499],[85.83525,22.09299],[85.83831,22.07951],[85.8182,22.07348],[85.7956,22.08073],[85.77724,22.05562],[85.78331,22.0315],[85.76146,22.01076],[85.766,21.99491],[85.78396,21.98437],[85.81791,21.98529],[85.82571,21.97506],[85.84969,21.98322],[85.89669,21.98384],[85.90726,21.97035],[85.91814,22.00936],[85.93084,22.02333],[85.94355,22.02035],[86.00921,22.11581],[85.99671,22.13244],[86.03126,22.18999],[85.97384,22.24707],[85.98966,22.2544],[85.98828,22.26697],[86.01709,22.29726],[86.04874,22.30798],[86.01573,22.31238],[86.01434,22.32176],[86.02902,22.33431],[85.99799,22.3416],[86.02396,22.36428],[86.02703,22.39511],[86.01807,22.42573],[85.98644,22.4351],[85.96754,22.45128],[85.9698,22.46071],[85.95708,22.46481],[85.97336,22.50584],[85.98448,22.51512],[86.00411,22.51384],[86.02305,22.52752],[86.0285,22.52405],[86.03381,22.53449],[86.024,22.54463],[86.04542,22.56751],[86.06908,22.55592],[86.11845,22.48669],[86.20789,22.47348],[86.22585,22.45303],[86.26929,22.44228],[86.28338,22.44783],[86.32264,22.39678],[86.32287,22.38477],[86.35189,22.36362],[86.35952,22.34877],[86.42965,22.31665],[86.44169,22.30264],[86.44683,22.32766],[86.4638,22.32511],[86.47142,22.33578],[86.4857,22.33729],[86.48722,22.34769],[86.49687,22.34721],[86.5101,22.32723],[86.52916,22.32271],[86.52545,22.31403],[86.53436,22.30114],[86.5407,22.30825],[86.55487,22.2984],[86.58484,22.3006],[86.59564,22.27764],[86.61281,22.28254],[86.64663,22.26768],[86.65605,22.23579],[86.67066,22.24218],[86.68294,22.22325],[86.75309,22.21107],[86.77604,22.21809],[86.77768,22.23676],[86.79512,22.22793],[86.78474,22.23092],[86.77817,22.2181],[86.80223,22.21793],[86.81246,22.24118],[86.79434,22.24342],[86.79221,22.26631],[86.80113,22.26559],[86.79702,22.24783],[86.80301,22.24439],[86.81342,22.26753],[86.8168,22.25375],[86.82401,22.26683],[86.88674,22.25739],[86.89025,22.27699],[86.88812,22.29733],[86.83315,22.32448],[86.83172,22.34713],[86.84554,22.39987],[86.81296,22.41913],[86.76475,22.42664],[86.76348,22.4472],[86.7511,22.45581],[86.75066,22.48249],[86.79295,22.47746],[86.8009,22.48836],[86.79397,22.49592],[86.80219,22.50225],[86.78654,22.5269],[86.78926,22.54775],[86.76672,22.55608],[86.77165,22.56488],[86.76581,22.5757],[86.71014,22.58307],[86.65854,22.5757],[86.65605,22.59146],[86.63846,22.59848],[86.63313,22.61104],[86.64139,22.65765],[86.63504,22.66561],[86.57127,22.69988],[86.54802,22.72088],[86.514,22.7185],[86.51057,22.70481],[86.49358,22.72657],[86.48217,22.72939],[86.46011,22.76335],[86.43249,22.77496],[86.41938,22.791],[86.42241,22.8108],[86.43869,22.83127],[86.43481,22.86065],[86.45093,22.86237],[86.45333,22.88612],[86.4673,22.90089],[86.45292,22.90357],[86.4358,22.9259],[86.4628,22.93702],[86.47657,22.95187],[86.48903,22.93767],[86.5029,22.95149],[86.52546,22.9473],[86.53146,22.96477],[86.54477,22.96599],[86.54755,22.98866],[86.51888,22.97059],[86.50749,22.97294],[86.51333,22.97763],[86.50135,22.99471],[86.44675,22.98815],[86.41913,23.00058],[86.41574,22.99087],[86.39393,22.98104],[86.37678,22.9985],[86.3441,22.99783],[86.33794,22.99058],[86.32608,22.99492],[86.30404,23.01007],[86.30457,23.01679],[86.26496,23.00021],[86.22302,22.99485],[86.20649,23.00038],[86.20747,23.00819],[86.18555,23.00525],[86.16739,23.03325],[86.15747,23.0305],[86.15758,23.048],[86.14162,23.05728],[86.14609,23.0753],[86.13269,23.08409],[86.09808,23.08543],[86.0895,23.09519],[86.04917,23.10607],[86.05478,23.12391],[86.04368,23.14494],[86.02372,23.14451],[86.01755,23.15528],[86.00259,23.14898],[85.95808,23.16094],[85.95112,23.15205],[85.92185,23.14513],[85.89416,23.15527],[85.88165,23.1693],[85.88254,23.19839],[85.86433,23.22195],[85.83677,23.2202],[85.838,23.24702],[85.81966,23.26849],[85.83827,23.30612],[85.8686,23.33037],[85.86568,23.3414],[85.88355,23.35037],[85.8749,23.36061],[85.87805,23.38194],[85.86975,23.38891],[85.90264,23.39852],[85.89836,23.40578],[85.8861,23.40501],[85.89137,23.41018],[85.88036,23.4218],[85.88452,23.42995],[85.86361,23.43164],[85.86305,23.46249],[85.87083,23.47554],[85.8867,23.48479],[85.90907,23.48426],[85.95028,23.4709],[86.05413,23.48694],[86.05874,23.49451],[86.03884,23.49786],[86.03975,23.51492],[86.02372,23.5374],[86.02817,23.54275],[86.01678,23.54754],[86.01855,23.55974],[86.03976,23.57499],[86.04201,23.58619],[86.05183,23.5863],[86.07767,23.57923],[86.07255,23.56939],[86.08097,23.56566],[86.12611,23.56976],[86.13132,23.55885],[86.15862,23.5595],[86.15161,23.5481],[86.1571,23.53418],[86.14798,23.51973],[86.16046,23.50834],[86.14847,23.46537],[86.1771,23.46984],[86.18029,23.4609],[86.22883,23.44336],[86.23288,23.46226],[86.24601,23.45967],[86.23039,23.43104],[86.23479,23.42135],[86.24604,23.42311],[86.24748,23.41167],[86.25935,23.41334],[86.25235,23.42716],[86.26412,23.43084],[86.28856,23.42951],[86.29018,23.4182],[86.31014,23.41184],[86.31765,23.42682],[86.30566,23.43511],[86.33382,23.44731],[86.33675,23.44043],[86.34886,23.4404],[86.34976,23.45159],[86.36003,23.45223],[86.36363,23.4715],[86.37929,23.47377],[86.37853,23.48535],[86.36168,23.48533],[86.36438,23.50165],[86.37535,23.50913],[86.36514,23.53109],[86.38853,23.56022],[86.38779,23.57406],[86.41368,23.57603],[86.42088,23.58967],[86.44719,23.59802],[86.44641,23.61755],[86.46184,23.62979],[86.49058,23.63769],[86.52879,23.62988],[86.57446,23.64763],[86.59914,23.66572],[86.59827,23.67393],[86.71295,23.69861],[86.73959,23.69449],[86.74794,23.67895],[86.7993,23.68898],[86.81169,23.74512],[86.82827,23.75329],[86.82602,23.77692],[86.80406,23.80148],[86.81028,23.82187],[86.79934,23.83171],[86.80543,23.83754],[86.81471,23.83091],[86.81403,23.81844],[86.82669,23.81419],[86.85236,23.82497],[86.86325,23.84445],[86.87466,23.84761],[86.88982,23.81966],[86.89449,23.83504],[86.88127,23.86314],[86.89353,23.87714],[86.91567,23.88322],[86.94687,23.84605],[86.96269,23.84944],[86.96422,23.86377],[86.97385,23.86893],[87.08199,23.80959],[87.09162,23.81555],[87.10306,23.80441],[87.11491,23.80796],[87.11869,23.80392],[87.11056,23.79991],[87.12252,23.7962],[87.14023,23.80498],[87.14956,23.79674],[87.16726,23.82512],[87.12995,23.85355],[87.12942,23.86894],[87.16489,23.86514],[87.18091,23.85289],[87.19672,23.85794],[87.18935,23.84237],[87.20583,23.85651],[87.21439,23.85079],[87.22095,23.86045],[87.23387,23.8565],[87.2174,23.82988],[87.24067,23.82583],[87.25578,23.84386],[87.2441,23.85716],[87.24855,23.86855],[87.241,23.87044],[87.2462,23.90875],[87.2578,23.90845],[87.25269,23.89974],[87.26948,23.87445],[87.29533,23.90211],[87.28457,23.92188],[87.29295,23.95907],[87.26243,23.96725],[87.26791,23.98912],[87.2628,24.00362],[87.24769,23.99874],[87.2409,24.01191],[87.24562,24.01594],[87.23369,24.02446],[87.24539,24.04507],[87.28821,24.02853],[87.33697,24.03402],[87.33619,24.02091],[87.31906,24.00789],[87.32917,23.99874],[87.35137,23.99853],[87.3606,24.01285],[87.42731,23.9929],[87.43945,23.98182],[87.44973,23.98876],[87.46001,23.9842],[87.46071,23.99636],[87.43793,24.01295],[87.45986,24.01882],[87.47635,24.01204],[87.51196,24.0361],[87.51001,24.04751],[87.49328,24.05414],[87.49271,24.07698],[87.50088,24.07278],[87.51105,24.08286],[87.4896,24.09031],[87.5003,24.10168],[87.49755,24.11787],[87.53192,24.10726],[87.54303,24.08578],[87.55424,24.08834],[87.55884,24.08145],[87.5809,24.08757],[87.57442,24.11188],[87.58325,24.11411],[87.58519,24.12416],[87.61023,24.13242],[87.57583,24.16097],[87.6307,24.16422],[87.64186,24.15282],[87.66444,24.15741],[87.67547,24.15132],[87.67275,24.1419],[87.69512,24.14916],[87.69841,24.18729],[87.67692,24.19463],[87.6744,24.20755],[87.63837,24.21472],[87.64616,24.23015],[87.6359,24.24185],[87.63881,24.25477],[87.65831,24.23595],[87.66214,24.24535],[87.68472,24.24629],[87.69112,24.25857],[87.70597,24.26044],[87.71315,24.29394],[87.73012,24.28852],[87.76147,24.30825],[87.7631,24.32148],[87.7707,24.32244],[87.76455,24.33982],[87.78699,24.36373],[87.79321,24.38216],[87.80134,24.38315],[87.79419,24.39967],[87.80967,24.40538],[87.81229,24.41416],[87.80637,24.42014],[87.7999,24.40906],[87.78952,24.42043],[87.80399,24.44124],[87.80342,24.45429],[87.82383,24.45842],[87.82264,24.47097],[87.81068,24.47708],[87.81654,24.48974],[87.82697,24.48848],[87.82827,24.49859],[87.81148,24.49221],[87.8164,24.50061],[87.80985,24.51419],[87.80106,24.49354],[87.79421,24.50134],[87.8034,24.50572],[87.79935,24.54384],[87.80881,24.54748],[87.79142,24.57209],[87.7706,24.57083],[87.77169,24.58375],[87.81231,24.57885],[87.82684,24.56895],[87.82703,24.55825],[87.85199,24.55394],[87.85219,24.56074],[87.86526,24.55682],[87.86884,24.5643],[87.89189,24.56563],[87.89254,24.58138],[87.90882,24.58577],[87.91146,24.61028],[87.89125,24.61152],[87.89194,24.60636],[87.87518,24.61375],[87.90567,24.61479],[87.90578,24.63145],[87.91425,24.63707],[87.91706,24.66576],[87.88858,24.67921],[87.89836,24.68721],[87.9078,24.72131],[87.89012,24.72491],[87.88271,24.74135],[87.87458,24.73256],[87.8428,24.74048],[87.8177,24.76094],[87.82979,24.76962],[87.83612,24.78986],[87.84134,24.78362],[87.83656,24.76587],[87.84342,24.76942],[87.85432,24.76176],[87.86865,24.77434],[87.86858,24.789],[87.88162,24.79901],[87.87003,24.82619],[87.90026,24.82304],[87.89967,24.84441],[87.89075,24.85518],[87.96102,24.92191],[87.95753,24.97109],[87.93988,24.99137],[87.90564,25.0036],[87.87667,25.03437],[87.79573,25.08732],[87.80071,25.11776],[87.77922,25.14363],[87.78174,25.17691],[87.77276,25.20723],[87.77867,25.25054],[87.71137,25.25768],[87.71135,25.27467],[87.69327,25.2847],[87.69842,25.30396],[87.68504,25.30606],[87.692,25.31161],[87.65488,25.30762],[87.6305,25.31974],[87.62721,25.31162],[87.61788,25.3181],[87.61044,25.31327],[87.58394,25.33191],[87.5918,25.34196],[87.58403,25.34945],[87.57114,25.33337],[87.55186,25.33266],[87.54297,25.28106],[87.50172,25.29234],[87.49352,25.30379],[87.4874,25.29732],[87.50057,25.25988],[87.47326,25.23828],[87.47811,25.19441],[87.41235,25.2151],[87.40132,25.2272],[87.38357,25.22437],[87.37188,25.20627],[87.32753,25.22364],[87.3157,25.1806],[87.31939,25.16532],[87.30507,25.14291],[87.2955,25.08856],[87.26985,25.094],[87.24131,25.11693],[87.23498,25.10705],[87.24416,25.10075],[87.23711,25.08921],[87.21265,25.09116],[87.21124,25.08073],[87.18109,25.06582],[87.16235,25.0333],[87.15033,25.02609],[87.14575,25.01001],[87.1544,24.97802],[87.14618,24.94172],[87.15443,24.93242],[87.14496,24.91924],[87.15699,24.89983],[87.15672,24.88101],[87.14396,24.86134],[87.10936,24.85169],[87.09134,24.82349],[87.07447,24.81774],[87.07414,24.80839],[87.09571,24.80275],[87.07869,24.77757],[87.08429,24.75616],[87.06981,24.74499],[87.08113,24.72919],[87.05404,24.66937],[87.04626,24.62997],[87.05107,24.60856],[87.03808,24.61726],[87.02302,24.61573],[87.02,24.62974],[86.9962,24.61995],[86.97836,24.64012],[86.95298,24.63135],[86.95821,24.64896],[86.9398,24.65256],[86.94547,24.63579],[86.93318,24.63118],[86.91997,24.60237],[86.90874,24.59565],[86.91644,24.54515],[86.88765,24.56177],[86.88129,24.57417],[86.86115,24.56639],[86.85679,24.55466],[86.84085,24.56284],[86.84355,24.5749],[86.80209,24.57028],[86.81093,24.59923],[86.78702,24.61645],[86.75339,24.61804],[86.74992,24.5954],[86.73499,24.57956],[86.72156,24.58317],[86.66938,24.56619],[86.63159,24.58499],[86.62422,24.59998],[86.61064,24.59941],[86.61502,24.60881],[86.60342,24.60816],[86.58046,24.5667],[86.55901,24.56484],[86.56298,24.55331],[86.55243,24.53612],[86.52769,24.54424],[86.49971,24.50989],[86.50252,24.49304],[86.49276,24.49082],[86.48354,24.46768],[86.49539,24.45613],[86.49124,24.42803],[86.47721,24.43451],[86.48099,24.42796],[86.46782,24.42522],[86.47203,24.39354],[86.46699,24.38094],[86.44528,24.36785],[86.43268,24.38015],[86.41302,24.38029],[86.40204,24.40796],[86.37738,24.43076],[86.3583,24.42912],[86.34912,24.44656],[86.31716,24.44159],[86.29428,24.45145],[86.29883,24.46077],[86.27613,24.46591],[86.30916,24.51119],[86.29717,24.53333],[86.3078,24.54757],[86.30065,24.56091],[86.32281,24.58691],[86.28477,24.58797],[86.26991,24.58544],[86.27432,24.57697],[86.26328,24.58423],[86.25921,24.5782],[86.21496,24.61386],[86.21363,24.59435],[86.18877,24.58352],[86.16687,24.58375],[86.15062,24.59248],[86.15012,24.60166],[86.12461,24.61128],[86.11541,24.64373],[86.13126,24.67564],[86.12854,24.69875],[86.09421,24.74492],[86.0664,24.75186],[86.03691,24.74067],[86.0345,24.74602],[86.05666,24.76062],[86.05529,24.77974],[85.98038,24.74871],[85.97021,24.73304],[85.94535,24.73296],[85.91957,24.74483],[85.8866,24.78391],[85.88965,24.79269],[85.86725,24.80468],[85.82474,24.80846],[85.80954,24.79416],[85.77812,24.79654],[85.76216,24.81288],[85.73669,24.82078],[85.7224,24.78601],[85.70746,24.77961],[85.70717,24.72454],[85.68138,24.69159],[85.64902,24.68459],[85.66665,24.66113],[85.66245,24.65018],[85.67615,24.61647],[85.67755,24.591],[85.668,24.57898],[85.65124,24.57453],[85.61522,24.58076],[85.60184,24.59574],[85.58063,24.60076],[85.56614,24.587],[85.57172,24.56166],[85.56075,24.55273],[85.5409,24.56235],[85.54171,24.53187],[85.52382,24.52097],[85.50779,24.52525],[85.50941,24.53724],[85.49843,24.54646],[85.47789,24.54653],[85.43449,24.52804],[85.38458,24.55545],[85.37082,24.55526],[85.39754,24.54482],[85.39171,24.52994],[85.3216,24.51982],[85.28821,24.52307],[85.28048,24.51376],[85.28263,24.49164],[85.24963,24.49084],[85.22612,24.46326],[85.20834,24.46656],[85.15265,24.45517],[85.17394,24.42059],[85.12317,24.40198],[85.1031,24.3851],[85.10395,24.37728],[85.089,24.37239],[85.07268,24.38084],[85.08171,24.39845],[85.07953,24.43348],[85.06184,24.40741],[85.02818,24.4154],[84.97466,24.37468],[84.95404,24.37153],[84.93666,24.37986],[84.90391,24.37222],[84.90919,24.38367],[84.90432,24.3954],[84.88204,24.42465],[84.88738,24.46319],[84.87522,24.46718],[84.86405,24.45714],[84.8536,24.46653],[84.83985,24.45236],[84.8407,24.46908],[84.83274,24.4702],[84.83879,24.51271],[84.82574,24.52534],[84.80835,24.52193],[84.80219,24.53063],[84.78609,24.50355],[84.75516,24.49986],[84.72831,24.46972],[84.71031,24.47094],[84.68642,24.45674],[84.67127,24.42998],[84.67625,24.42537],[84.66529,24.39098],[84.64653,24.40307],[84.58593,24.40025],[84.58304,24.41289],[84.56755,24.40921],[84.56151,24.39632],[84.57422,24.38896],[84.57235,24.38282],[84.55394,24.37289],[84.52778,24.37648],[84.53511,24.36366],[84.52469,24.35058],[84.53169,24.33868],[84.50971,24.31559],[84.49622,24.28633],[84.4896,24.29301],[84.49636,24.29964],[84.48532,24.30663],[84.50734,24.32457],[84.50503,24.33137],[84.48368,24.31293],[84.46689,24.31723],[84.46003,24.33737],[84.4244,24.32982],[84.43078,24.35661],[84.40057,24.36456],[84.4066,24.37481],[84.39389,24.37333],[84.38795,24.38867],[84.3735,24.3835],[84.34197,24.39326],[84.34456,24.3993],[84.33048,24.41038],[84.33433,24.42047],[84.3205,24.42111],[84.32454,24.42751],[84.33556,24.42486],[84.33558,24.43135],[84.32163,24.44607],[84.29741,24.44905],[84.29132,24.46623],[84.30276,24.48003],[84.32736,24.48729],[84.32753,24.50033],[84.29722,24.56048],[84.27049,24.56013],[84.27966,24.54723],[84.25687,24.52693],[84.24754,24.52883],[84.24227,24.542],[84.23581,24.53904],[84.2356,24.55016],[84.22031,24.54705],[84.2148,24.53261],[84.19991,24.55473],[84.18831,24.55331],[84.18412,24.54505],[84.17278,24.5451],[84.18558,24.52206],[84.17823,24.50516],[84.15639,24.5109],[84.1526,24.51579],[84.16316,24.53348],[84.14564,24.53753],[84.13457,24.52422],[84.14072,24.50051],[84.12566,24.49237],[84.12479,24.48085],[84.10834,24.4775],[84.08551,24.50622],[84.09313,24.53438],[84.0776,24.54156],[84.07313,24.56739],[84.05864,24.57227],[84.06193,24.58677],[84.05062,24.58687],[84.05722,24.59265],[84.04725,24.60442],[84.05211,24.6104],[84.00835,24.6428],[83.99804,24.63827],[83.97482,24.59138],[83.93679,24.54967],[83.87269,24.5322],[83.86184,24.53701],[83.80147,24.52995],[83.75461,24.50938],[83.71863,24.50335],[83.6878,24.5138],[83.59596,24.51264],[83.50329,24.52544],[83.40165,24.50349],[83.38553,24.45129],[83.39413,24.43467],[83.40491,24.43602],[83.40509,24.4048],[83.43443,24.40077],[83.45728,24.36457],[83.44518,24.35886],[83.43348,24.3388],[83.41143,24.33988],[83.38005,24.31315],[83.38625,24.2988],[83.40718,24.2888],[83.40912,24.26635],[83.39765,24.24386],[83.37875,24.23038],[83.38301,24.19794],[83.35408,24.12492],[83.32988,24.10169]]]}},{"type":"Feature","properties":{"shapeName":"Assam","shapeISO":"IN-AS","shapeType":"ADM1"},"geometry":{"type":"Polygon","coordinates":[[[95.19465,27.03132],[95.20457,27.03781],[95.21108,27.02875],[95.23214,27.04285],[95.24634,27.0239],[95.27703,27.04247],[95.27623,27.05228],[95.29174,27.06658],[95.35467,27.10401],[95.36876,27.10769],[95.36367,27.10264],[95.37458,27.09277],[95.42055,27.12588],[95.43952,27.12601],[95.44431,27.13531],[95.45318,27.12953],[95.46212,27.14975],[95.45322,27.15743],[95.46542,27.16645],[95.45943,27.17579],[95.46651,27.18174],[95.45749,27.20888],[95.47235,27.21903],[95.48417,27.24135],[95.50458,27.24946],[95.50908,27.26213],[95.54503,27.26008],[95.55344,27.24895],[95.57455,27.24374],[95.58748,27.22304],[95.63225,27.22978],[95.68144,27.25184],[95.72011,27.24957],[95.74202,27.26675],[95.77949,27.26985],[95.80079,27.28436],[95.80506,27.27305],[95.85921,27.28732],[95.85633,27.27115],[95.89234,27.25538],[95.89347,27.26767],[95.90426,27.27401],[95.89712,27.28226],[95.95994,27.31105],[95.95495,27.31777],[95.97546,27.32455],[95.9652,27.32798],[95.98678,27.3457],[95.98911,27.35659],[96.01766,27.36501],[95.9832,27.41193],[95.97012,27.415],[95.9753,27.41948],[95.96926,27.42798],[95.96447,27.41815],[95.96025,27.42912],[95.95466,27.41971],[95.94122,27.43739],[95.90788,27.43444],[95.88607,27.39836],[95.88312,27.43541],[95.85705,27.41998],[95.85954,27.40804],[95.84441,27.42168],[95.84673,27.43866],[95.85666,27.44502],[95.85323,27.457],[95.8706,27.46675],[95.87421,27.49334],[95.88676,27.49718],[95.87575,27.51252],[95.87674,27.54368],[95.86038,27.54333],[95.82335,27.57457],[95.81425,27.57434],[95.81571,27.59876],[95.79088,27.5993],[95.79025,27.61183],[95.77844,27.62407],[95.7894,27.6264],[95.7957,27.64183],[95.77035,27.6578],[95.77505,27.67441],[95.79037,27.68024],[95.7675,27.68739],[95.76527,27.71475],[95.7524,27.72433],[95.77929,27.7338],[95.77592,27.75372],[95.80026,27.77379],[95.81656,27.80278],[95.83799,27.81033],[95.83767,27.82421],[95.87032,27.83276],[95.89017,27.86009],[95.90483,27.86221],[95.90161,27.86856],[95.91061,27.87029],[95.91547,27.88386],[95.925,27.88177],[95.91542,27.88948],[95.93766,27.89829],[95.92975,27.90284],[95.95261,27.92019],[95.94822,27.93721],[95.9712,27.96281],[95.8238,27.97157],[95.6052,27.95471],[95.58603,27.93682],[95.56851,27.936],[95.56346,27.91936],[95.54459,27.91094],[95.54419,27.89988],[95.52005,27.88133],[95.3795,27.83927],[95.30868,27.86811],[94.92225,27.75002],[94.85227,27.7277],[94.84089,27.70071],[94.8207,27.69217],[94.79365,27.69528],[94.75423,27.66064],[94.72506,27.6691],[94.70896,27.65668],[94.68783,27.66524],[94.6826,27.64599],[94.66257,27.64542],[94.63311,27.62426],[94.58747,27.61855],[94.57401,27.6039],[94.54451,27.60113],[94.49888,27.57226],[94.47773,27.57624],[94.46165,27.55534],[94.43326,27.58851],[94.43161,27.60043],[94.36394,27.57445],[94.30918,27.59088],[94.29819,27.60203],[94.28822,27.58935],[94.27732,27.58953],[94.2724,27.60304],[94.25418,27.61433],[94.26655,27.62605],[94.26163,27.63597],[94.23749,27.63278],[94.20943,27.60518],[94.22657,27.59784],[94.22488,27.57419],[94.24664,27.56956],[94.25862,27.55555],[94.25742,27.53713],[94.26818,27.52094],[94.15659,27.47495],[94.15935,27.46171],[94.08952,27.40715],[94.05974,27.36163],[93.99118,27.32844],[93.86415,27.19625],[93.80592,27.14886],[93.80531,27.13722],[93.79469,27.13614],[93.79684,27.12903],[93.81237,27.13102],[93.80936,27.12344],[93.82499,27.11652],[93.82659,27.09707],[93.8377,27.08547],[93.82915,27.06691],[93.81492,27.06155],[93.81066,27.06757],[93.81131,27.05903],[93.80328,27.05816],[93.7937,27.07244],[93.80015,27.05795],[93.79433,27.06202],[93.78371,27.05155],[93.78111,27.06562],[93.7782,27.04903],[93.77079,27.06213],[93.76735,27.03954],[93.7233,27.02091],[93.67559,26.97468],[93.58659,26.95057],[93.54486,26.95133],[93.47057,26.93669],[93.44869,26.95088],[93.32264,26.96011],[93.1073,26.92586],[93.08815,26.91449],[93.06264,26.92237],[93.02178,26.91351],[92.91707,26.96303],[92.91834,26.9824],[92.88654,26.99984],[92.83879,27.00494],[92.7934,27.02294],[92.76315,27.02741],[92.72285,27.01831],[92.67241,27.03175],[92.64473,26.98676],[92.58327,26.95964],[92.4474,26.95891],[92.42574,26.94114],[92.41195,26.94286],[92.39826,26.92479],[92.36312,26.93464],[92.30259,26.92274],[92.3029,26.90724],[92.27602,26.90209],[92.25512,26.9097],[92.19473,26.89006],[92.114,26.89392],[92.10166,26.88141],[92.10237,26.86734],[92.05619,26.84667],[91.98359,26.85786],[91.96435,26.88215],[91.89299,26.9187],[91.85937,26.91318],[91.82416,26.86391],[91.72075,26.81191],[91.69011,26.8068],[91.62594,26.82103],[91.59297,26.80521],[91.4952,26.79121],[91.44932,26.81066],[91.40805,26.84004],[91.37617,26.79535],[91.3373,26.78062],[91.29674,26.78715],[91.23677,26.81196],[91.14626,26.81111],[91.09762,26.82208],[91.05411,26.7808],[90.99172,26.79083],[90.95714,26.78168],[90.95626,26.78781],[90.71704,26.76845],[90.69305,26.77084],[90.67579,26.78443],[90.64638,26.77681],[90.63421,26.79414],[90.54638,26.81684],[90.41806,26.90441],[90.3567,26.90102],[90.34789,26.87534],[90.30062,26.84853],[90.23077,26.8588],[90.20119,26.83539],[90.18769,26.80711],[90.19467,26.77371],[90.13997,26.75381],[90.04921,26.7304],[90.00815,26.73226],[89.96668,26.7235],[89.89765,26.72431],[89.85881,26.73488],[89.86524,26.7047],[89.85183,26.69715],[89.86333,26.6813],[89.85931,26.65542],[89.86642,26.64564],[89.84978,26.62312],[89.85488,26.61507],[89.86953,26.61399],[89.86552,26.59196],[89.8742,26.58401],[89.85755,26.57597],[89.8624,26.55378],[89.84978,26.49085],[89.868,26.4679],[89.86904,26.45368],[89.84781,26.42288],[89.85633,26.41301],[89.83454,26.4139],[89.82802,26.3946],[89.83798,26.39136],[89.84625,26.40475],[89.85636,26.38425],[89.82489,26.3816],[89.82033,26.35273],[89.81113,26.36042],[89.82041,26.373],[89.78101,26.35283],[89.78261,26.33271],[89.7632,26.31658],[89.75054,26.32141],[89.75715,26.28878],[89.74466,26.29691],[89.72676,26.29436],[89.72541,26.3073],[89.71984,26.30703],[89.71769,26.29556],[89.73834,26.26981],[89.73434,26.25964],[89.71971,26.25737],[89.70705,26.27054],[89.70227,26.25935],[89.71697,26.25685],[89.71808,26.24487],[89.73211,26.2367],[89.7142,26.22965],[89.71067,26.21764],[89.70049,26.21795],[89.70936,26.21148],[89.72563,26.21757],[89.73402,26.20995],[89.7117,26.20232],[89.72049,26.19523],[89.71317,26.18716],[89.6986,26.19076],[89.70982,26.17186],[89.73256,26.17706],[89.73669,26.17205],[89.7196,26.16586],[89.72042,26.15843],[89.74721,26.15796],[89.76661,26.12929],[89.75667,26.10829],[89.78438,26.10536],[89.78177,26.08318],[89.79456,26.08872],[89.78998,26.07555],[89.79665,26.07667],[89.79862,26.05956],[89.78538,26.05706],[89.78885,26.0489],[89.77366,26.03852],[89.78874,26.0402],[89.79073,26.03451],[89.79337,26.04244],[89.80182,26.04049],[89.78798,26.019],[89.80871,26.04378],[89.81922,26.02574],[89.82039,25.99745],[89.81501,25.99803],[89.82054,25.98735],[89.83601,25.98236],[89.8309,26.00194],[89.83626,26.01268],[89.85042,25.99005],[89.87285,25.97731],[89.8419,25.97042],[89.84935,25.94922],[89.82943,25.95498],[89.82532,25.94586],[89.84458,25.93996],[89.88725,25.94514],[89.87833,25.9242],[89.83326,25.87119],[89.83519,25.84033],[89.81675,25.81489],[89.82749,25.80811],[89.84069,25.76514],[89.82776,25.72964],[89.83497,25.71587],[89.84936,25.71514],[89.84713,25.69428],[89.87091,25.6627],[89.88122,25.62939],[89.86605,25.54612],[89.85136,25.53892],[89.86019,25.51742],[89.84811,25.47872],[89.85129,25.46635],[89.87163,25.47744],[89.87281,25.50751],[89.88587,25.50801],[89.88343,25.51921],[89.87328,25.51699],[89.86787,25.52433],[89.87877,25.53779],[89.8783,25.55043],[89.89859,25.5606],[89.97209,25.57358],[89.98344,25.59134],[90.00294,25.58552],[90.02019,25.60758],[90.00406,25.62683],[89.98312,25.62688],[89.9791,25.63887],[89.95039,25.65569],[89.94435,25.67935],[89.89906,25.72651],[89.89468,25.74506],[89.92602,25.73845],[89.93752,25.74552],[89.93517,25.75458],[89.95472,25.76727],[89.95929,25.78002],[89.9482,25.82556],[89.95762,25.8292],[89.9541,25.82136],[89.96194,25.82028],[89.96759,25.82261],[89.96391,25.83315],[89.97103,25.82646],[90.00352,25.83933],[90.00064,25.84629],[90.02227,25.86023],[90.02282,25.87006],[90.00556,25.87856],[90.01931,25.89217],[90.0336,25.89454],[90.04242,25.88776],[90.06049,25.91355],[90.08618,25.91956],[90.09205,25.93816],[90.10663,25.9424],[90.11621,25.95697],[90.14048,25.95739],[90.15103,25.96678],[90.15841,25.95724],[90.17686,25.95905],[90.18682,25.94419],[90.20281,25.96095],[90.21143,25.95269],[90.32471,25.97349],[90.34965,26.00422],[90.37211,26.01136],[90.39968,26.01261],[90.42512,25.98893],[90.47607,26.00968],[90.50247,25.99155],[90.53494,25.94968],[90.50849,25.9016],[90.51492,25.89619],[90.54906,25.91552],[90.54374,25.92369],[90.57667,25.93684],[90.58781,25.95816],[90.62406,25.93927],[90.6062,25.91671],[90.61354,25.89942],[90.6218,25.89793],[90.63158,25.91992],[90.67259,25.93473],[90.68827,25.949],[90.71752,25.95503],[90.72441,25.94687],[90.74803,25.95681],[90.74033,25.93949],[90.74665,25.92818],[90.75272,25.93436],[90.75409,25.92953],[90.73891,25.91625],[90.74524,25.91186],[90.76046,25.92198],[90.75661,25.91108],[90.76631,25.90773],[90.7811,25.91136],[90.78442,25.92522],[90.80899,25.95253],[90.83612,25.94852],[90.8354,25.9367],[90.84429,25.94607],[90.87476,25.94264],[90.87662,25.94952],[90.88101,25.94292],[90.88446,25.9504],[90.89739,25.93757],[90.89435,25.93127],[90.91677,25.91415],[90.91727,25.9445],[90.93379,25.93987],[90.94737,25.94819],[90.96655,25.91416],[90.96879,25.88531],[91.03048,25.8859],[91.00133,25.82519],[91.00595,25.82048],[91.02238,25.82386],[91.04815,25.8493],[91.07843,25.85283],[91.07179,25.83886],[91.04881,25.82937],[91.06206,25.82087],[91.12029,25.83302],[91.14748,25.85059],[91.18016,25.84407],[91.19576,25.86149],[91.20357,25.84331],[91.18623,25.81845],[91.19037,25.81153],[91.17819,25.77745],[91.18922,25.76405],[91.19041,25.74792],[91.21004,25.72558],[91.22238,25.72266],[91.27447,25.75054],[91.33528,25.84064],[91.36576,25.84013],[91.42239,25.85457],[91.44508,25.83983],[91.46301,25.85709],[91.53036,25.87135],[91.53512,25.88398],[91.52651,25.89117],[91.51306,25.86581],[91.47474,25.87412],[91.48393,25.89313],[91.50383,25.89127],[91.49867,25.89609],[91.50481,25.90787],[91.53688,25.93131],[91.5046,25.91149],[91.50284,25.92664],[91.51974,25.93997],[91.518,25.95983],[91.53555,25.9624],[91.55117,25.97669],[91.57977,26.03334],[91.59746,26.01817],[91.61946,26.02605],[91.63102,26.02206],[91.63483,26.01223],[91.62599,25.98678],[91.64064,25.96385],[91.62974,25.94335],[91.61181,25.94512],[91.6094,25.93749],[91.65142,25.90638],[91.67053,25.90425],[91.72003,25.95369],[91.72295,26.03522],[91.73683,26.05634],[91.73099,26.05902],[91.76266,26.07245],[91.77721,26.08944],[91.79129,26.08533],[91.82533,26.1195],[91.8791,26.09807],[91.86722,26.04211],[91.87468,26.04311],[91.88297,26.0262],[91.91462,26.0206],[91.90968,26.00887],[91.91891,25.99793],[91.93107,26.01245],[91.98349,26.0259],[91.98898,26.03863],[92.05135,26.03289],[92.09721,26.04932],[92.13254,26.04434],[92.13413,26.05254],[92.16932,26.07774],[92.17872,26.07829],[92.17601,26.07032],[92.18708,26.06667],[92.27482,26.06575],[92.26387,26.05746],[92.26995,26.04755],[92.261,26.04173],[92.26339,26.03323],[92.2338,26.00921],[92.20377,26.00132],[92.19847,25.98832],[92.18081,25.98511],[92.16413,25.97037],[92.16397,25.95791],[92.15236,25.94442],[92.16085,25.92825],[92.15466,25.91109],[92.17547,25.90746],[92.19445,25.91855],[92.2022,25.90642],[92.22548,25.90927],[92.17716,25.87285],[92.17742,25.8516],[92.16194,25.83564],[92.1612,25.82069],[92.15102,25.81674],[92.14774,25.77305],[92.16263,25.74095],[92.14417,25.71691],[92.1547,25.70631],[92.15607,25.67228],[92.17011,25.66723],[92.22495,25.71619],[92.23437,25.70768],[92.26429,25.70919],[92.31126,25.72799],[92.33343,25.72421],[92.38394,25.75462],[92.3817,25.74214],[92.40654,25.7447],[92.41424,25.74156],[92.41157,25.73013],[92.4311,25.73227],[92.44421,25.71979],[92.44056,25.6917],[92.47025,25.67525],[92.50554,25.61641],[92.55408,25.6149],[92.55664,25.57106],[92.5724,25.55745],[92.59473,25.55169],[92.6529,25.59103],[92.66137,25.57229],[92.64533,25.55584],[92.64275,25.53491],[92.57357,25.49058],[92.56458,25.46558],[92.58027,25.47218],[92.58402,25.4657],[92.59853,25.46824],[92.60654,25.41333],[92.62755,25.42207],[92.62556,25.43502],[92.63947,25.41766],[92.65353,25.43362],[92.65181,25.41934],[92.66155,25.40645],[92.67344,25.41412],[92.71785,25.37273],[92.73793,25.37943],[92.73227,25.36902],[92.74632,25.35842],[92.74981,25.3442],[92.76098,25.33362],[92.78171,25.33328],[92.78684,25.31447],[92.78123,25.30508],[92.7924,25.28266],[92.76853,25.26822],[92.77765,25.25828],[92.7618,25.24663],[92.77158,25.23008],[92.80274,25.21706],[92.77612,25.19971],[92.74278,25.20675],[92.69381,25.17934],[92.66338,25.17677],[92.65567,25.15505],[92.62822,25.1382],[92.62134,25.11513],[92.58799,25.12888],[92.55526,25.12705],[92.52153,25.13913],[92.53933,25.09915],[92.48088,25.10868],[92.47194,25.06735],[92.45689,25.05417],[92.46419,25.03754],[92.43819,25.04397],[92.4381,25.03475],[92.42519,25.02966],[92.41588,24.99008],[92.4219,24.98838],[92.41842,24.96645],[92.44738,24.96399],[92.4586,24.97052],[92.4671,24.96401],[92.44964,24.95009],[92.44914,24.93886],[92.48723,24.94713],[92.48392,24.92857],[92.49671,24.90218],[92.48782,24.87139],[92.44461,24.87201],[92.43845,24.85615],[92.40632,24.85909],[92.4002,24.8487],[92.3857,24.85185],[92.375,24.87357],[92.3632,24.87228],[92.34856,24.89105],[92.33953,24.87816],[92.32639,24.89695],[92.3073,24.90151],[92.30009,24.91543],[92.28215,24.90613],[92.24859,24.9091],[92.23364,24.90062],[92.24706,24.885],[92.24598,24.86749],[92.23469,24.86159],[92.24137,24.84208],[92.25326,24.83806],[92.24885,24.8297],[92.27301,24.82755],[92.27343,24.79938],[92.28889,24.78477],[92.27991,24.76636],[92.28889,24.76091],[92.27897,24.74565],[92.29587,24.73656],[92.25436,24.67814],[92.23122,24.547],[92.2117,24.50448],[92.22977,24.50244],[92.23648,24.48882],[92.22976,24.48172],[92.22998,24.45169],[92.24662,24.44196],[92.25984,24.35855],[92.21884,24.28573],[92.20972,24.24831],[92.19229,24.24327],[92.21992,24.23433],[92.26559,24.25091],[92.42243,24.25496],[92.4188,24.1928],[92.43563,24.1794],[92.43632,24.15314],[92.46422,24.13633],[92.47858,24.14213],[92.48361,24.16314],[92.50141,24.16049],[92.51541,24.17896],[92.52394,24.17154],[92.53411,24.18025],[92.5508,24.24733],[92.6122,24.25357],[92.62467,24.33418],[92.63559,24.3368],[92.64566,24.32788],[92.66127,24.34826],[92.68473,24.34664],[92.69272,24.36857],[92.70351,24.37555],[92.7629,24.52123],[92.80117,24.42975],[92.79927,24.41923],[92.82984,24.40039],[92.82304,24.38657],[92.82927,24.37379],[92.84326,24.37797],[92.86084,24.3986],[92.87324,24.39496],[92.88358,24.40252],[92.90278,24.39117],[92.90924,24.41301],[92.9311,24.39311],[92.95107,24.4031],[92.95782,24.392],[92.97355,24.4084],[92.99418,24.39905],[93.01389,24.41706],[93.02454,24.40688],[93.03981,24.41192],[93.04255,24.42065],[93.03282,24.42885],[93.03562,24.45986],[93.04546,24.46338],[93.04626,24.47367],[93.03245,24.4954],[93.04267,24.5049],[93.03864,24.51297],[93.05003,24.51954],[93.04989,24.54431],[93.0569,24.55451],[93.06452,24.54689],[93.07071,24.55815],[93.05818,24.57416],[93.08429,24.57124],[93.10426,24.58248],[93.07105,24.60074],[93.08411,24.6137],[93.07558,24.62464],[93.08718,24.62977],[93.08308,24.64992],[93.09526,24.65293],[93.10405,24.67426],[93.10181,24.6808],[93.09001,24.67728],[93.09116,24.68813],[93.07345,24.70791],[93.08652,24.70963],[93.09055,24.72518],[93.10766,24.74154],[93.09978,24.74327],[93.09815,24.75447],[93.10933,24.81158],[93.12127,24.81932],[93.11876,24.80776],[93.13847,24.8101],[93.14936,24.78748],[93.17058,24.80195],[93.17605,24.79395],[93.19685,24.81146],[93.18996,24.81874],[93.19151,24.83451],[93.20049,24.83805],[93.19221,24.84286],[93.20145,24.84216],[93.19473,24.85395],[93.20397,24.85115],[93.22634,24.87294],[93.22141,24.88162],[93.23269,24.88476],[93.22591,24.89203],[93.2407,24.90346],[93.2351,24.91151],[93.24874,24.91495],[93.24587,24.92535],[93.23839,24.92578],[93.245,24.93549],[93.23671,24.93726],[93.25117,24.94074],[93.24526,24.95091],[93.2629,24.96144],[93.2491,24.9776],[93.25267,24.99901],[93.25968,25.00169],[93.24429,24.99819],[93.24378,25.01839],[93.25385,25.02068],[93.26411,25.04946],[93.27997,25.0511],[93.28336,25.0451],[93.2987,25.05205],[93.29986,25.04614],[93.31482,25.08472],[93.33206,25.09334],[93.34516,25.12356],[93.34577,25.16991],[93.38168,25.223],[93.38102,25.23973],[93.40106,25.26072],[93.41584,25.26437],[93.42743,25.28334],[93.4704,25.30516],[93.45333,25.32156],[93.45641,25.33548],[93.44834,25.34074],[93.47358,25.38008],[93.45956,25.40333],[93.4581,25.43108],[93.43629,25.44828],[93.41545,25.44508],[93.39025,25.46049],[93.38542,25.49049],[93.36743,25.49934],[93.35024,25.5321],[93.33489,25.53452],[93.32693,25.54659],[93.34318,25.56014],[93.35862,25.55473],[93.3855,25.59287],[93.39868,25.59613],[93.40143,25.61119],[93.41363,25.62109],[93.42152,25.61834],[93.42728,25.63263],[93.43356,25.62953],[93.44428,25.63971],[93.4608,25.63241],[93.45722,25.64124],[93.49646,25.65463],[93.51825,25.67953],[93.51256,25.68469],[93.5224,25.69767],[93.52738,25.69129],[93.54107,25.69894],[93.54793,25.71182],[93.53946,25.72266],[93.54236,25.73104],[93.56142,25.73787],[93.56623,25.75485],[93.57313,25.75422],[93.56784,25.75853],[93.57766,25.75459],[93.58583,25.76625],[93.60256,25.76518],[93.60494,25.775],[93.61733,25.77609],[93.62666,25.78971],[93.6246,25.80266],[93.63279,25.80286],[93.64604,25.82248],[93.6682,25.82193],[93.6882,25.84605],[93.71423,25.84461],[93.70198,25.85164],[93.68144,25.90449],[93.75122,25.93291],[93.74502,25.94244],[93.76786,25.95111],[93.76536,25.96985],[93.7771,25.96834],[93.79558,25.90661],[93.79527,25.89248],[93.78406,25.88444],[93.78975,25.86791],[93.77744,25.84991],[93.79538,25.80903],[93.81629,25.82271],[93.82105,25.83884],[93.83961,25.85671],[93.85216,25.85833],[93.88171,25.84345],[93.9159,25.8838],[93.93388,25.88535],[93.93787,25.89641],[93.96098,25.90133],[93.9786,25.91683],[93.96861,25.95736],[93.95406,25.96936],[93.95905,25.99443],[93.95291,26.00307],[93.96238,26.03664],[93.98729,26.06689],[93.98144,26.08134],[93.99784,26.10966],[93.98666,26.114],[93.99773,26.12887],[93.98715,26.13118],[94.00208,26.13453],[94.0035,26.14433],[93.99443,26.14841],[94.00357,26.16021],[94.00099,26.17237],[94.03194,26.19764],[94.04759,26.24946],[94.07453,26.26448],[94.07463,26.28369],[94.084,26.28344],[94.10496,26.32005],[94.12159,26.31786],[94.11584,26.32979],[94.17446,26.34056],[94.1775,26.34652],[94.16194,26.34726],[94.16006,26.35439],[94.17749,26.38211],[94.17164,26.42988],[94.18514,26.45853],[94.20257,26.46916],[94.20742,26.48657],[94.23653,26.50623],[94.25625,26.54132],[94.28469,26.56117],[94.28087,26.53516],[94.28966,26.47981],[94.29983,26.46375],[94.31649,26.45841],[94.32543,26.48205],[94.33935,26.48059],[94.35276,26.49016],[94.34656,26.49217],[94.35287,26.49938],[94.3477,26.50456],[94.37208,26.50614],[94.37605,26.52188],[94.40078,26.53425],[94.39651,26.54281],[94.40606,26.54413],[94.40191,26.55477],[94.41329,26.57729],[94.40179,26.59366],[94.40283,26.61067],[94.43551,26.62214],[94.45118,26.63639],[94.4654,26.63316],[94.45305,26.65265],[94.46019,26.66173],[94.49258,26.66599],[94.50816,26.6854],[94.51749,26.68203],[94.52061,26.69931],[94.53917,26.70628],[94.56226,26.70517],[94.5593,26.68653],[94.5664,26.68366],[94.57723,26.70076],[94.59379,26.69729],[94.59328,26.71507],[94.60325,26.71245],[94.591,26.7207],[94.59698,26.73465],[94.60954,26.73703],[94.62021,26.71222],[94.69225,26.73203],[94.7368,26.76382],[94.74009,26.77608],[94.75824,26.7661],[94.77013,26.78914],[94.80263,26.80141],[94.79516,26.81452],[94.81437,26.81964],[94.8174,26.84761],[94.85003,26.87468],[94.8735,26.91761],[94.92213,26.94583],[94.93076,26.93266],[94.96115,26.93722],[94.98253,26.9131],[94.9912,26.92091],[95.01667,26.92116],[95.03403,26.93569],[95.09518,26.95765],[95.11187,26.98076],[95.19465,27.03132]]]}},{"type":"Feature","properties":{"shapeName":"Manipur","shapeISO":"IN-MN","shapeType":"ADM1"},"geometry":{"type":"Polygon","coordinates":[[[93.45389,25.32492],[93.4704,25.30516],[93.42743,25.28334],[93.41584,25.26437],[93.40106,25.26072],[93.38102,25.23973],[93.38168,25.223],[93.34577,25.16991],[93.34123,25.11369],[93.33206,25.09334],[93.30601,25.07174],[93.29986,25.04614],[93.2987,25.05205],[93.28336,25.0451],[93.27997,25.0511],[93.26411,25.04946],[93.25385,25.02068],[93.24378,25.01839],[93.24429,24.99819],[93.25968,25.00169],[93.25267,24.99901],[93.2491,24.9776],[93.2629,24.96144],[93.24526,24.95091],[93.25117,24.94074],[93.23671,24.93726],[93.245,24.93549],[93.23839,24.92578],[93.24587,24.92535],[93.24874,24.91495],[93.2351,24.91151],[93.2407,24.90346],[93.22591,24.89203],[93.23269,24.88476],[93.22141,24.88162],[93.22634,24.87294],[93.20397,24.85115],[93.19473,24.85395],[93.20145,24.84216],[93.19221,24.84286],[93.20049,24.83805],[93.19151,24.83451],[93.18996,24.81874],[93.19685,24.81146],[93.17605,24.79395],[93.17058,24.80195],[93.14936,24.78748],[93.13847,24.8101],[93.11876,24.80776],[93.12127,24.81932],[93.10933,24.81158],[93.09815,24.75447],[93.09978,24.74327],[93.10766,24.74154],[93.09055,24.72518],[93.08652,24.70963],[93.07345,24.70791],[93.09116,24.68813],[93.09001,24.67728],[93.10181,24.6808],[93.10405,24.67426],[93.09526,24.65293],[93.08308,24.64992],[93.08718,24.62977],[93.07558,24.62464],[93.08411,24.6137],[93.07105,24.60074],[93.10426,24.58248],[93.08429,24.57124],[93.05818,24.57416],[93.07071,24.55815],[93.06452,24.54689],[93.0569,24.55451],[93.04989,24.54431],[93.05003,24.51954],[93.03864,24.51297],[93.04267,24.5049],[93.03245,24.4954],[93.04626,24.47367],[93.04546,24.46338],[93.03562,24.45986],[93.03282,24.42885],[93.04298,24.41661],[93.02454,24.40688],[93.01389,24.41706],[93.0087,24.41178],[93.02494,24.39136],[93.01842,24.38347],[93.01773,24.34995],[93.04034,24.34137],[93.00681,24.28262],[93.01219,24.27097],[93.0042,24.25758],[93.00927,24.24344],[93.02398,24.23375],[93.01597,24.22482],[93.02193,24.21787],[93.01491,24.20003],[92.9992,24.19625],[93.00768,24.18212],[93.00596,24.16176],[92.98833,24.14935],[92.99057,24.13712],[92.97098,24.12107],[92.97285,24.11261],[92.991,24.11556],[93.04667,24.09002],[93.07841,24.10177],[93.09763,24.07308],[93.09937,24.04325],[93.12605,24.06218],[93.14046,24.08792],[93.16586,24.07366],[93.16748,24.05144],[93.20967,24.04822],[93.22044,24.06127],[93.22033,24.08345],[93.25025,24.08024],[93.26308,24.05828],[93.25077,24.03298],[93.25313,24.02127],[93.28643,24.05255],[93.33228,24.05358],[93.33836,24.06179],[93.32847,24.08102],[93.33635,24.09065],[93.35405,24.09092],[93.34283,24.09742],[93.3488,24.10495],[93.35837,24.09106],[93.3985,24.08539],[93.41662,24.07186],[93.43304,24.02454],[93.45303,24.0132],[93.45268,23.99959],[93.46337,23.99395],[93.46336,23.97361],[93.50553,23.94238],[93.51499,23.94283],[93.52498,23.95607],[93.55034,23.95955],[93.55954,23.98203],[93.59185,23.96069],[93.59924,23.97265],[93.60853,23.97191],[93.61198,23.99718],[93.62376,24.01137],[93.65236,24.00971],[93.65642,24.00201],[93.69043,24.0091],[93.72332,23.99754],[93.7543,24.00554],[93.77197,23.96902],[93.79786,23.94735],[93.80776,23.92676],[93.85913,23.9321],[93.89338,23.95293],[93.94409,23.94625],[93.96036,23.92841],[93.97525,23.92472],[94.01673,23.92691],[94.04049,23.91073],[94.04903,23.88724],[94.06815,23.88997],[94.08169,23.88212],[94.09606,23.88919],[94.11308,23.86297],[94.11706,23.83799],[94.14392,23.83581],[94.14478,23.84975],[94.15664,23.84817],[94.16969,23.92841],[94.18984,23.93364],[94.18841,23.95967],[94.23731,24.03538],[94.22779,24.05692],[94.23929,24.05292],[94.25451,24.08248],[94.2516,24.1264],[94.25966,24.16531],[94.27643,24.17338],[94.29153,24.23299],[94.30661,24.24142],[94.32165,24.27631],[94.32172,24.3289],[94.35049,24.33508],[94.37845,24.3797],[94.36096,24.39448],[94.39477,24.40948],[94.40833,24.43989],[94.39683,24.45459],[94.39835,24.48235],[94.42598,24.48168],[94.45453,24.566],[94.49659,24.59036],[94.52564,24.62632],[94.54493,24.66882],[94.54523,24.71046],[94.57076,24.70591],[94.56764,24.71588],[94.57588,24.72518],[94.58517,24.70474],[94.60501,24.71587],[94.62894,24.75816],[94.6179,24.78057],[94.62961,24.80535],[94.63183,24.83962],[94.65693,24.87131],[94.68764,24.88934],[94.70179,24.92958],[94.71024,24.92898],[94.7136,24.935],[94.69635,24.96826],[94.70712,24.98712],[94.72697,25.00004],[94.74408,25.03701],[94.73648,25.13505],[94.71464,25.13806],[94.68947,25.15761],[94.68014,25.14891],[94.66419,25.16276],[94.64006,25.1661],[94.62003,25.18682],[94.60598,25.18137],[94.57564,25.21386],[94.58578,25.2291],[94.58512,25.26675],[94.62235,25.34582],[94.63437,25.35569],[94.63474,25.39519],[94.66033,25.40569],[94.67314,25.42443],[94.67545,25.44561],[94.61597,25.46247],[94.57677,25.49573],[94.55389,25.50262],[94.56005,25.52144],[94.55449,25.52852],[94.56661,25.54801],[94.55588,25.55469],[94.56429,25.56345],[94.55088,25.57951],[94.58362,25.63424],[94.59342,25.63559],[94.5721,25.64123],[94.58007,25.65054],[94.57602,25.6553],[94.58364,25.6563],[94.57837,25.66168],[94.58644,25.66384],[94.58042,25.66876],[94.59639,25.68295],[94.57176,25.6918],[94.56373,25.68731],[94.55003,25.65773],[94.52928,25.63734],[94.52073,25.63883],[94.50517,25.61356],[94.49248,25.60854],[94.46876,25.61411],[94.44519,25.59159],[94.42498,25.58652],[94.41665,25.53659],[94.3853,25.5325],[94.35508,25.51224],[94.32159,25.50293],[94.28463,25.50792],[94.27404,25.49947],[94.21861,25.49159],[94.1866,25.52402],[94.19204,25.54868],[94.1781,25.55061],[94.16491,25.54128],[94.15625,25.55112],[94.14043,25.51943],[94.10807,25.52192],[94.08465,25.53039],[94.09417,25.53728],[94.08476,25.55473],[94.06729,25.55231],[94.04809,25.57559],[94.03818,25.57005],[94.03677,25.57901],[94.01284,25.5926],[94.00234,25.58641],[94.00727,25.56723],[93.98315,25.56827],[93.96044,25.55073],[93.8887,25.56513],[93.86135,25.55325],[93.83441,25.5606],[93.82104,25.55317],[93.81651,25.5403],[93.77991,25.53367],[93.76493,25.53848],[93.76128,25.49581],[93.78749,25.50321],[93.80024,25.49684],[93.80998,25.48382],[93.80499,25.46331],[93.78648,25.4461],[93.77408,25.41965],[93.7422,25.40404],[93.73589,25.38516],[93.71582,25.37184],[93.70935,25.35718],[93.68657,25.36009],[93.68159,25.32893],[93.6647,25.32574],[93.66763,25.31084],[93.60518,25.19901],[93.58791,25.20109],[93.58413,25.22178],[93.56912,25.22627],[93.55598,25.24597],[93.50125,25.24238],[93.50624,25.26933],[93.47196,25.27133],[93.47198,25.30351],[93.45389,25.32492]]]}},{"type":"Feature","properties":{"shapeName":"Karnātaka","shapeISO":"IN-KA","shapeType":"ADM1"},"geometry":{"type":"Polygon","coordinates":[[[74.11835,15.65204],[74.16448,15.65353],[74.16721,15.67178],[74.182,15.68224],[74.19091,15.67898],[74.18691,15.66748],[74.20413,15.66371],[74.2052,15.65107],[74.22202,15.65554],[74.21499,15.66256],[74.22384,15.66901],[74.25051,15.65729],[74.24422,15.62614],[74.25379,15.62677],[74.26436,15.61554],[74.24526,15.56664],[74.26322,15.56397],[74.28272,15.53145],[74.27632,15.51458],[74.25502,15.50276],[74.25097,15.49162],[74.27551,15.44922],[74.26885,15.41913],[74.27836,15.40573],[74.27594,15.39162],[74.32326,15.36771],[74.31633,15.36283],[74.3219,15.34363],[74.31709,15.32915],[74.3365,15.29498],[74.32621,15.28342],[74.29431,15.28885],[74.27617,15.28321],[74.26087,15.25987],[74.2514,15.25859],[74.25961,15.24106],[74.29156,15.23385],[74.30167,15.22438],[74.31744,15.18379],[74.29551,15.15092],[74.28515,15.14873],[74.28494,15.11395],[74.2727,15.09753],[74.29655,15.04124],[74.28332,15.0315],[74.26791,15.00168],[74.25353,14.99785],[74.26438,14.97856],[74.25243,14.95876],[74.23654,14.96651],[74.22964,14.95017],[74.21353,14.94735],[74.20138,14.92539],[74.1793,14.95672],[74.16345,14.95815],[74.15422,14.94327],[74.16597,14.91863],[74.16195,14.91181],[74.12406,14.92499],[74.08569,14.90064],[74.09587,14.89827],[74.11181,14.84976],[74.12509,14.84065],[74.12461,14.80553],[74.11308,14.79691],[74.11328,14.80513],[74.093,14.80419],[74.11019,14.78529],[74.11809,14.78586],[74.11907,14.77466],[74.14134,14.77945],[74.15737,14.76004],[74.15213,14.74728],[74.1776,14.75048],[74.2045,14.71859],[74.20486,14.73694],[74.22773,14.73751],[74.22675,14.74804],[74.23434,14.74823],[74.26311,14.71924],[74.26527,14.71175],[74.25665,14.70774],[74.27229,14.70017],[74.28569,14.64569],[74.28183,14.62716],[74.27001,14.62718],[74.29321,14.59689],[74.31469,14.54599],[74.30993,14.52131],[74.35539,14.50892],[74.38367,14.43959],[74.38237,14.42114],[74.39451,14.41853],[74.41339,14.31622],[74.44538,14.2312],[74.44155,14.22425],[74.45363,14.20002],[74.46386,14.20068],[74.4695,14.18825],[74.50118,14.02327],[74.51505,13.98687],[74.51703,13.99172],[74.5492,13.94827],[74.56944,13.94924],[74.61006,13.86691],[74.6456,13.68308],[74.6697,13.63483],[74.69532,13.45606],[74.69571,13.37327],[74.70337,13.37545],[74.69576,13.37124],[74.69775,13.34729],[74.71673,13.31415],[74.7751,13.08414],[74.82356,12.84675],[74.84682,12.79533],[74.86482,12.76045],[74.88234,12.75413],[74.93295,12.78062],[74.95821,12.78474],[74.96838,12.77644],[74.98733,12.78304],[74.98905,12.79554],[74.99833,12.78602],[75.00319,12.79174],[75.00948,12.76758],[74.98249,12.73845],[75.01124,12.72797],[75.00105,12.71547],[75.0503,12.71945],[75.0548,12.69472],[75.03971,12.68662],[75.04663,12.66675],[75.05985,12.67086],[75.06925,12.66393],[75.08526,12.67389],[75.08016,12.70033],[75.08522,12.7053],[75.10545,12.69808],[75.11173,12.68084],[75.13306,12.67457],[75.15247,12.68226],[75.15013,12.67388],[75.16047,12.67162],[75.15,12.65132],[75.13771,12.6447],[75.16111,12.62099],[75.18221,12.63167],[75.20174,12.62899],[75.19845,12.61334],[75.20918,12.60151],[75.20034,12.58901],[75.20868,12.59234],[75.22034,12.5682],[75.23752,12.5684],[75.23878,12.57995],[75.24961,12.58375],[75.26635,12.61593],[75.27553,12.61978],[75.29075,12.60322],[75.30107,12.60668],[75.31134,12.59099],[75.32619,12.59367],[75.32561,12.58267],[75.31457,12.57381],[75.28972,12.58388],[75.28386,12.57084],[75.27207,12.57025],[75.27314,12.53688],[75.28011,12.52419],[75.30305,12.52266],[75.30421,12.50335],[75.33217,12.49961],[75.34072,12.47041],[75.33634,12.46417],[75.36011,12.46504],[75.3722,12.47696],[75.36777,12.49179],[75.38194,12.50207],[75.41737,12.49852],[75.42496,12.46959],[75.41332,12.45864],[75.39341,12.45145],[75.3863,12.45836],[75.36564,12.45682],[75.3715,12.4378],[75.36593,12.41197],[75.37249,12.40025],[75.42194,12.37275],[75.41041,12.34728],[75.42029,12.31907],[75.43219,12.30948],[75.41542,12.28818],[75.43582,12.29459],[75.46527,12.2894],[75.47487,12.29614],[75.48494,12.28999],[75.49388,12.27287],[75.50538,12.2708],[75.52676,12.22499],[75.53978,12.21567],[75.53261,12.2005],[75.55239,12.19207],[75.55977,12.17562],[75.59247,12.14701],[75.59521,12.1534],[75.6195,12.15568],[75.63593,12.14845],[75.64893,12.10863],[75.66165,12.0985],[75.67676,12.09743],[75.68717,12.11032],[75.70326,12.10825],[75.70213,12.09237],[75.71793,12.08566],[75.71472,12.07052],[75.75356,12.08541],[75.80273,12.0795],[75.79404,12.05584],[75.80108,12.03704],[75.82284,12.0129],[75.82947,11.98459],[75.84691,11.98209],[75.85852,11.95893],[75.89684,11.94477],[76.00319,11.93147],[76.01326,11.94184],[76.03352,11.94025],[76.07009,11.96715],[76.11248,11.9788],[76.1128,11.85855],[76.12,11.85039],[76.15602,11.87022],[76.19037,11.87129],[76.20746,11.86161],[76.20974,11.82748],[76.22371,11.80828],[76.24557,11.80301],[76.28019,11.81243],[76.28834,11.79516],[76.30773,11.78487],[76.31839,11.75136],[76.33972,11.73908],[76.41422,11.75893],[76.41046,11.74216],[76.41815,11.74268],[76.42743,11.72606],[76.41399,11.71133],[76.40364,11.7117],[76.41591,11.67289],[76.45816,11.66445],[76.48163,11.69264],[76.51163,11.7051],[76.55051,11.67431],[76.55991,11.62259],[76.61394,11.60767],[76.75687,11.61855],[76.82279,11.60819],[76.84688,11.59458],[76.85642,11.59939],[76.85807,11.61414],[76.83458,11.63962],[76.83495,11.65553],[76.86258,11.71112],[76.8883,11.73376],[76.89656,11.77658],[76.90796,11.79536],[76.95388,11.79217],[76.96988,11.77697],[76.9821,11.81162],[77.01289,11.81473],[77.01396,11.80632],[77.02983,11.80479],[77.0387,11.79396],[77.02882,11.77479],[77.03505,11.76989],[77.04642,11.78773],[77.06687,11.78809],[77.06971,11.78219],[77.05638,11.76989],[77.08017,11.73609],[77.10496,11.73291],[77.11766,11.72118],[77.1107,11.77358],[77.13803,11.77275],[77.14705,11.78202],[77.18919,11.79263],[77.23856,11.79476],[77.24983,11.81312],[77.28793,11.80054],[77.29381,11.80911],[77.3351,11.77134],[77.36038,11.77957],[77.3648,11.79051],[77.39441,11.78774],[77.42218,11.77248],[77.42724,11.76095],[77.44976,11.79611],[77.46657,11.84718],[77.45989,11.86355],[77.46581,11.8743],[77.46159,11.90009],[77.48616,11.88751],[77.49414,11.9434],[77.53794,11.93249],[77.55814,11.94165],[77.60341,11.93776],[77.65201,11.95492],[77.67565,11.95208],[77.6747,11.96604],[77.70888,12.03608],[77.72751,12.0621],[77.75566,12.0798],[77.77668,12.11371],[77.74978,12.13852],[77.74519,12.15935],[77.72767,12.18159],[77.61073,12.20621],[77.56529,12.19637],[77.54587,12.20471],[77.51866,12.19454],[77.47202,12.20795],[77.4826,12.2295],[77.4711,12.24357],[77.47904,12.27133],[77.48758,12.28056],[77.51417,12.27544],[77.5272,12.27883],[77.53281,12.29152],[77.55131,12.29127],[77.57855,12.33573],[77.61679,12.36826],[77.62959,12.41838],[77.62715,12.45851],[77.6346,12.48766],[77.62607,12.49637],[77.6074,12.47518],[77.58366,12.47885],[77.61631,12.50924],[77.58718,12.51481],[77.58033,12.55165],[77.591,12.6153],[77.60621,12.62897],[77.59611,12.65034],[77.59886,12.66721],[77.65989,12.68389],[77.67637,12.67953],[77.67864,12.66044],[77.70421,12.66146],[77.71157,12.68319],[77.7246,12.67124],[77.73991,12.67304],[77.73744,12.6978],[77.76468,12.70113],[77.77443,12.72427],[77.76107,12.72755],[77.76331,12.73695],[77.7916,12.74674],[77.79426,12.75782],[77.77877,12.76782],[77.79854,12.79517],[77.80852,12.79678],[77.79972,12.80527],[77.80214,12.81706],[77.80988,12.81558],[77.80986,12.83158],[77.79245,12.84218],[77.79909,12.85159],[77.8079,12.84772],[77.82306,12.85589],[77.836,12.87038],[77.89033,12.86971],[77.8949,12.87862],[77.92931,12.89097],[77.93609,12.88366],[77.92712,12.88157],[77.9277,12.87497],[77.94176,12.87169],[77.92279,12.85562],[77.92054,12.82821],[77.94066,12.8234],[77.94659,12.83876],[77.93997,12.85319],[77.95232,12.85717],[77.95276,12.85018],[77.96533,12.84823],[77.9643,12.83289],[77.98037,12.83511],[77.97925,12.82709],[77.98976,12.8216],[77.9885,12.80824],[78.00973,12.80579],[78.01529,12.81384],[78.0039,12.82565],[78.01828,12.8311],[78.01913,12.84399],[78.02897,12.84524],[78.02384,12.85655],[78.05045,12.84879],[78.05331,12.8539],[78.0765,12.8397],[78.07384,12.83057],[78.08618,12.83199],[78.09014,12.81741],[78.12497,12.79824],[78.13421,12.78202],[78.16764,12.77013],[78.19514,12.7739],[78.23093,12.76071],[78.24562,12.78831],[78.25217,12.8606],[78.26837,12.86774],[78.28207,12.85936],[78.31242,12.85857],[78.3136,12.8765],[78.331,12.87563],[78.33706,12.88241],[78.33449,12.88926],[78.32031,12.88731],[78.32351,12.90183],[78.33971,12.90323],[78.35585,12.94079],[78.38867,12.90691],[78.39637,12.90736],[78.39864,12.91736],[78.41219,12.90328],[78.42863,12.90212],[78.43492,12.91189],[78.44555,12.91184],[78.44722,12.89226],[78.46409,12.87775],[78.46474,12.86681],[78.46667,12.90546],[78.43799,12.92906],[78.42816,12.93214],[78.41879,12.92177],[78.41114,12.94532],[78.42036,12.94779],[78.41924,12.95873],[78.43795,12.96403],[78.43531,12.98109],[78.46744,12.97507],[78.47479,12.99149],[78.46359,13.00537],[78.46217,13.04326],[78.4731,13.04297],[78.47847,13.05458],[78.51423,13.0619],[78.50945,13.09154],[78.53848,13.10578],[78.5185,13.11987],[78.51702,13.13164],[78.54462,13.14205],[78.54833,13.14858],[78.54137,13.15578],[78.55009,13.16423],[78.57974,13.16741],[78.57604,13.18674],[78.56727,13.19331],[78.54974,13.18974],[78.55004,13.20023],[78.56777,13.20156],[78.57868,13.21304],[78.56638,13.2209],[78.57012,13.24715],[78.58527,13.26225],[78.58734,13.28069],[78.57863,13.2804],[78.56553,13.31205],[78.56162,13.28856],[78.5393,13.28791],[78.53216,13.26698],[78.51398,13.29063],[78.47929,13.30133],[78.48338,13.32121],[78.44419,13.30815],[78.44037,13.32847],[78.42793,13.33134],[78.40108,13.31551],[78.38711,13.33184],[78.37713,13.33201],[78.38301,13.34363],[78.38485,13.33493],[78.3944,13.33386],[78.40727,13.33757],[78.40838,13.34573],[78.37762,13.36319],[78.36506,13.36184],[78.38166,13.39703],[78.37081,13.46957],[78.37877,13.48208],[78.37442,13.50908],[78.39416,13.54112],[78.40666,13.5769],[78.40224,13.5873],[78.38517,13.59217],[78.35058,13.58691],[78.32616,13.59488],[78.25947,13.58254],[78.23603,13.59931],[78.23267,13.58689],[78.21963,13.59326],[78.19296,13.56489],[78.19024,13.59018],[78.20332,13.60655],[78.20418,13.62846],[78.16821,13.63289],[78.16757,13.65587],[78.11428,13.6574],[78.09893,13.64284],[78.0871,13.64311],[78.08973,13.65914],[78.06571,13.67618],[78.07358,13.68777],[78.06907,13.69785],[78.11321,13.69278],[78.12079,13.71566],[78.09151,13.74232],[78.12639,13.78642],[78.11374,13.80751],[78.12539,13.83165],[78.12363,13.84539],[78.11477,13.86293],[78.0819,13.86128],[78.07899,13.88119],[78.04886,13.89613],[78.04617,13.86217],[78.00048,13.87297],[77.99206,13.86886],[77.9761,13.82953],[77.95298,13.82739],[77.94907,13.88649],[77.98661,13.90304],[77.98024,13.92789],[77.98752,13.95554],[77.97203,13.96016],[77.92676,13.90537],[77.89581,13.9204],[77.89569,13.94108],[77.83882,13.93593],[77.82659,13.94476],[77.81484,13.93197],[77.81349,13.91466],[77.81617,13.90302],[77.83195,13.89571],[77.83554,13.88101],[77.82733,13.87448],[77.83707,13.86978],[77.82019,13.86325],[77.81203,13.84902],[77.78227,13.84412],[77.78908,13.83051],[77.78153,13.81833],[77.74072,13.81246],[77.71931,13.80032],[77.71736,13.74112],[77.70845,13.74106],[77.70329,13.76983],[77.67171,13.76052],[77.68008,13.78682],[77.65129,13.78412],[77.62107,13.76848],[77.61884,13.755],[77.64223,13.74684],[77.62771,13.73464],[77.6136,13.75196],[77.59997,13.7508],[77.58684,13.73354],[77.57168,13.73825],[77.56057,13.72245],[77.54744,13.75294],[77.52726,13.75385],[77.52195,13.7446],[77.53664,13.73064],[77.52523,13.69105],[77.51237,13.69729],[77.51417,13.71325],[77.48504,13.71482],[77.49211,13.68985],[77.45533,13.6823],[77.45007,13.71094],[77.46507,13.71092],[77.47055,13.75806],[77.45649,13.78876],[77.46459,13.80612],[77.44533,13.81106],[77.43703,13.79674],[77.42257,13.79913],[77.42865,13.80685],[77.41643,13.8088],[77.43252,13.84326],[77.3819,13.8394],[77.3769,13.85073],[77.36243,13.85429],[77.33684,13.83279],[77.32538,13.83328],[77.32145,13.85596],[77.3115,13.86662],[77.28829,13.84752],[77.2567,13.84656],[77.25912,13.86318],[77.24636,13.86795],[77.24827,13.90125],[77.23563,13.90418],[77.21985,13.86776],[77.21313,13.88623],[77.20044,13.86308],[77.18139,13.86988],[77.19084,13.91191],[77.18472,13.92523],[77.16993,13.92065],[77.16194,13.90667],[77.16858,13.86453],[77.14765,13.86852],[77.1282,13.8565],[77.13217,13.84625],[77.15602,13.8444],[77.15368,13.83418],[77.16869,13.82966],[77.15752,13.80607],[77.17851,13.78273],[77.17306,13.76205],[77.15112,13.76625],[77.13684,13.75834],[77.09045,13.76718],[77.08564,13.74248],[77.0647,13.74388],[77.04338,13.77784],[77.02448,13.77927],[77.01651,13.73855],[76.99851,13.74562],[76.98521,13.79084],[76.98975,13.81298],[76.97641,13.81736],[76.97803,13.82691],[76.99224,13.84905],[77.01423,13.86035],[77.02304,13.90264],[77.0473,13.90664],[77.04166,13.93347],[76.99377,13.9626],[76.9995,13.99038],[76.94995,14.01513],[76.94348,14.02978],[76.93114,14.03024],[76.9324,14.05396],[76.97175,14.05806],[76.97758,14.07133],[76.97346,14.08356],[76.94841,14.09209],[76.95354,14.09969],[76.9457,14.11825],[76.92499,14.13715],[76.91285,14.12885],[76.88593,14.13828],[76.89455,14.16785],[76.91976,14.1645],[76.94238,14.17337],[76.94758,14.19821],[76.96062,14.18181],[77.00547,14.18401],[77.02334,14.17673],[77.02023,14.13133],[77.02623,14.12506],[77.01468,14.10004],[77.02981,14.08821],[77.0278,14.06218],[77.07613,14.05331],[77.07893,14.04268],[77.12741,14.04705],[77.14108,14.0039],[77.14923,14.0012],[77.17284,14.00112],[77.17401,14.01302],[77.24536,14.01198],[77.27036,14.03452],[77.27877,14.03245],[77.275,14.01132],[77.30658,14.03204],[77.32224,14.03003],[77.33622,13.99541],[77.3611,13.99085],[77.34949,13.95818],[77.37129,13.95279],[77.34784,13.916],[77.35764,13.90341],[77.39798,13.90662],[77.40002,13.88833],[77.43504,13.91505],[77.41588,13.92424],[77.41209,13.9456],[77.43537,13.94755],[77.43788,13.97556],[77.42589,13.98615],[77.38165,13.97627],[77.39016,14.01673],[77.33231,14.03073],[77.34051,14.06023],[77.36055,14.0626],[77.40093,14.11875],[77.39062,14.12668],[77.34747,14.10367],[77.35138,14.13002],[77.37895,14.13588],[77.39488,14.16081],[77.39373,14.17428],[77.4671,14.17207],[77.46809,14.16492],[77.50351,14.15715],[77.51708,14.18444],[77.50465,14.19401],[77.49279,14.23104],[77.50387,14.26378],[77.48182,14.29164],[77.45029,14.28074],[77.44623,14.3175],[77.43154,14.31289],[77.42841,14.32868],[77.39281,14.33587],[77.37905,14.32275],[77.37708,14.30483],[77.38737,14.2709],[77.40884,14.25989],[77.40968,14.23195],[77.4194,14.21166],[77.392,14.19894],[77.37918,14.22652],[77.35949,14.23404],[77.36383,14.27586],[77.28355,14.28277],[77.28658,14.34013],[77.23821,14.3174],[77.19743,14.32121],[77.15735,14.34213],[77.13571,14.33691],[77.1306,14.30688],[77.11565,14.29252],[77.1102,14.2682],[77.1112,14.26161],[77.12049,14.26297],[77.11668,14.22642],[77.10777,14.21995],[77.08118,14.21419],[77.05247,14.24554],[77.00568,14.23582],[76.98561,14.24737],[76.94007,14.24464],[76.92491,14.27382],[76.95674,14.29438],[76.94566,14.31322],[76.9034,14.32272],[76.88477,14.34757],[76.88483,14.39574],[76.89865,14.39799],[76.91585,14.42073],[76.94284,14.39975],[76.94481,14.45093],[76.95993,14.45063],[76.97483,14.48537],[76.90071,14.48924],[76.86798,14.47407],[76.85562,14.50963],[76.83103,14.5304],[76.8063,14.5311],[76.79138,14.55469],[76.78186,14.59653],[76.76502,14.60216],[76.77529,14.68099],[76.80297,14.74192],[76.78271,14.78597],[76.83677,14.79081],[76.83739,14.8106],[76.854,14.80948],[76.84181,14.83658],[76.85409,14.84326],[76.85722,14.86914],[76.8455,14.88932],[76.84736,14.89601],[76.86387,14.89561],[76.86965,14.93774],[76.86748,14.96985],[76.84196,14.96644],[76.82853,14.95649],[76.8183,14.96947],[76.76656,14.97565],[76.76059,14.98989],[76.77505,14.99309],[76.79016,15.02074],[76.77363,15.05915],[76.77672,15.07843],[76.80026,15.09586],[76.83604,15.07926],[76.86591,15.05971],[76.87719,15.03024],[76.91839,15.03555],[76.98525,15.01522],[76.98606,15.02652],[77.0041,15.03386],[77.04959,15.0331],[77.04414,15.00987],[77.08247,15.00611],[77.08477,15.03074],[77.11295,15.03408],[77.12824,15.07234],[77.13014,15.1008],[77.15635,15.12296],[77.1573,15.1405],[77.13543,15.14977],[77.14078,15.15861],[77.16285,15.15739],[77.16916,15.17138],[77.14768,15.22394],[77.12515,15.22697],[77.12641,15.24046],[77.13624,15.24099],[77.1438,15.25724],[77.1677,15.25852],[77.16696,15.26861],[77.14716,15.27295],[77.1516,15.29246],[77.1184,15.29488],[77.11313,15.3337],[77.06375,15.32804],[77.06492,15.34358],[77.04186,15.36195],[77.04728,15.39005],[77.02926,15.40438],[77.03204,15.43558],[77.0108,15.44877],[76.99733,15.47803],[76.97405,15.49826],[76.97456,15.51053],[77.03007,15.50267],[77.03046,15.63452],[77.07176,15.64668],[77.08322,15.65917],[77.12145,15.63111],[77.12891,15.66589],[77.07873,15.69517],[77.08744,15.71551],[77.0789,15.71628],[77.07972,15.72753],[77.04913,15.73028],[77.04802,15.75624],[77.05434,15.7562],[77.05234,15.76989],[77.06721,15.78776],[77.0655,15.82737],[77.03589,15.82957],[77.02522,15.83753],[77.03372,15.85891],[77.08461,15.91866],[77.18532,15.95676],[77.23551,15.95716],[77.2489,15.96457],[77.28471,15.95383],[77.30111,15.95802],[77.36128,15.94944],[77.38013,15.93978],[77.42963,15.94908],[77.51347,15.92681],[77.51984,15.96693],[77.50959,15.98041],[77.51408,16.0081],[77.50444,16.01135],[77.49403,16.03701],[77.5069,16.07966],[77.49369,16.08637],[77.50096,16.10621],[77.5133,16.10805],[77.50025,16.12061],[77.48982,16.11964],[77.48618,16.163],[77.50118,16.22174],[77.51502,16.22198],[77.51569,16.22781],[77.49237,16.22932],[77.4901,16.2552],[77.50243,16.26308],[77.50484,16.27582],[77.5219,16.27805],[77.53693,16.26682],[77.54511,16.29173],[77.56323,16.30165],[77.58203,16.29136],[77.59775,16.29282],[77.58806,16.33339],[77.59344,16.34394],[77.57275,16.34095],[77.5388,16.35822],[77.52343,16.37585],[77.48972,16.38503],[77.44102,16.38078],[77.42098,16.36625],[77.37808,16.38558],[77.34913,16.38386],[77.28825,16.40872],[77.26899,16.43048],[77.26211,16.45186],[77.23591,16.47266],[77.29403,16.47669],[77.29875,16.49618],[77.3296,16.48592],[77.36905,16.48869],[77.37782,16.51372],[77.41915,16.52239],[77.41905,16.54894],[77.40379,16.5512],[77.39291,16.56999],[77.42379,16.5689],[77.43974,16.58716],[77.46226,16.58549],[77.46743,16.59885],[77.46783,16.60977],[77.45368,16.61676],[77.47614,16.65012],[77.46244,16.65429],[77.44472,16.63925],[77.43438,16.6414],[77.43863,16.64534],[77.41905,16.65845],[77.4189,16.66859],[77.44259,16.66986],[77.44775,16.67932],[77.46393,16.67632],[77.46984,16.68704],[77.47408,16.71657],[77.44722,16.72074],[77.4385,16.71169],[77.4261,16.72289],[77.44318,16.76252],[77.43953,16.78914],[77.46723,16.78047],[77.47654,16.78838],[77.45712,16.83019],[77.46409,16.8506],[77.45405,16.91391],[77.46947,16.91921],[77.46527,16.95662],[77.48138,16.97044],[77.47955,16.99603],[77.50257,17.01411],[77.48102,17.07924],[77.46289,17.09409],[77.46366,17.11],[77.4067,17.12452],[77.40386,17.13292],[77.37796,17.13995],[77.37821,17.15267],[77.36377,17.15879],[77.37231,17.19557],[77.39393,17.1944],[77.40379,17.2099],[77.38023,17.22254],[77.40831,17.24121],[77.42046,17.23763],[77.42637,17.25647],[77.45858,17.279],[77.45492,17.28725],[77.43797,17.29192],[77.45605,17.33124],[77.45365,17.37399],[77.47914,17.37073],[77.47447,17.36152],[77.48386,17.355],[77.5158,17.36039],[77.52984,17.37072],[77.53319,17.3805],[77.52433,17.388],[77.53788,17.4061],[77.51421,17.41419],[77.51304,17.43087],[77.53734,17.44375],[77.5759,17.43072],[77.57623,17.45617],[77.61431,17.44595],[77.61527,17.47289],[77.64482,17.47757],[77.65717,17.50659],[77.65236,17.48274],[77.67057,17.47789],[77.68779,17.47521],[77.69256,17.49894],[77.68776,17.51182],[77.67549,17.50862],[77.66205,17.52283],[77.628,17.52364],[77.6121,17.53476],[77.59694,17.53431],[77.59384,17.56452],[77.5506,17.55174],[77.53748,17.57544],[77.52843,17.57537],[77.50694,17.54228],[77.49411,17.56836],[77.47809,17.56681],[77.46186,17.58076],[77.44316,17.58397],[77.4558,17.63249],[77.44826,17.65112],[77.45248,17.6947],[77.52205,17.72603],[77.54601,17.72684],[77.56858,17.74891],[77.56919,17.76649],[77.5549,17.76397],[77.53755,17.77993],[77.5066,17.78595],[77.51498,17.80545],[77.52908,17.81293],[77.52827,17.8279],[77.54674,17.82848],[77.55407,17.82007],[77.57644,17.87542],[77.59912,17.87309],[77.58611,17.90783],[77.61908,17.90406],[77.61873,17.93949],[77.63256,17.94667],[77.63293,17.9558],[77.62459,17.9596],[77.63306,17.96738],[77.63726,17.95232],[77.64953,17.95001],[77.65582,17.96828],[77.64895,17.99887],[77.62783,17.99678],[77.60752,18.00985],[77.60598,18.02023],[77.58963,18.01169],[77.58064,18.03158],[77.55383,18.03582],[77.54768,18.05613],[77.54838,18.06521],[77.55747,18.06373],[77.56597,18.07667],[77.597,18.08676],[77.59689,18.15594],[77.58136,18.16231],[77.56351,18.19612],[77.58536,18.21982],[77.57183,18.244],[77.60547,18.28128],[77.57261,18.2933],[77.56217,18.2848],[77.51268,18.30959],[77.51161,18.28204],[77.49272,18.2672],[77.48143,18.27235],[77.46509,18.26253],[77.44763,18.26999],[77.43656,18.29322],[77.43772,18.31031],[77.40905,18.30146],[77.36584,18.30712],[77.35678,18.3202],[77.38099,18.33102],[77.38248,18.34225],[77.4002,18.34744],[77.39492,18.36845],[77.40989,18.3774],[77.41415,18.3931],[77.40022,18.40199],[77.37289,18.4011],[77.3622,18.42988],[77.36569,18.45156],[77.35354,18.44766],[77.34527,18.4336],[77.33609,18.45015],[77.31994,18.45802],[77.31691,18.44224],[77.27909,18.42979],[77.25942,18.41325],[77.24182,18.4126],[77.23374,18.38819],[77.24645,18.37076],[77.22589,18.36521],[77.22015,18.34927],[77.22964,18.3482],[77.21912,18.32572],[77.21185,18.31627],[77.20172,18.32216],[77.19877,18.31545],[77.21307,18.28031],[77.19753,18.2766],[77.17487,18.28486],[77.1698,18.26087],[77.14869,18.23904],[77.15158,18.21704],[77.09765,18.19672],[77.11639,18.17101],[77.1116,18.15583],[77.06401,18.15065],[77.05326,18.15945],[77.05203,18.17322],[77.03323,18.18199],[77.02314,18.17565],[77.02336,18.1585],[77.00117,18.16089],[76.99067,18.18998],[76.95199,18.18809],[76.94242,18.15641],[76.93153,18.15965],[76.92402,18.14663],[76.93185,18.13352],[76.92056,18.11818],[76.95433,18.11054],[76.96641,18.0982],[76.963,18.08957],[76.94527,18.0832],[76.95168,18.06105],[76.94496,18.04836],[76.95236,18.04022],[76.91437,18.03536],[76.9057,18.00971],[76.91372,17.99322],[76.91904,17.91595],[76.90132,17.91724],[76.88432,17.89429],[76.83978,17.89937],[76.83126,17.88561],[76.81027,17.88704],[76.80673,17.87057],[76.77511,17.87771],[76.76822,17.90115],[76.74003,17.8997],[76.73854,17.85668],[76.76756,17.85213],[76.79045,17.82633],[76.77878,17.80048],[76.76657,17.79847],[76.7621,17.78702],[76.7407,17.77946],[76.721,17.78806],[76.71415,17.78094],[76.72833,17.73756],[76.6997,17.72725],[76.7037,17.71562],[76.6926,17.70672],[76.6909,17.681],[76.66425,17.68756],[76.65566,17.71785],[76.63332,17.72822],[76.63194,17.75464],[76.61539,17.7704],[76.60535,17.75864],[76.60048,17.72565],[76.58208,17.70568],[76.57035,17.70541],[76.56402,17.75083],[76.57279,17.76053],[76.52334,17.7598],[76.52396,17.71515],[76.48729,17.71476],[76.48981,17.6605],[76.45292,17.65579],[76.45454,17.64979],[76.4419,17.64931],[76.44506,17.64095],[76.42925,17.64495],[76.41974,17.60371],[76.33135,17.59742],[76.34075,17.54248],[76.3628,17.53737],[76.36728,17.51945],[76.34663,17.51258],[76.34582,17.49253],[76.37475,17.49565],[76.37558,17.49022],[76.33075,17.4702],[76.33332,17.4339],[76.37157,17.43643],[76.36349,17.37767],[76.40918,17.37139],[76.41225,17.35107],[76.39667,17.34711],[76.38322,17.31453],[76.35407,17.31432],[76.34536,17.35445],[76.3144,17.34839],[76.31772,17.33238],[76.27642,17.33458],[76.27207,17.3606],[76.25079,17.36044],[76.24285,17.37883],[76.22859,17.37585],[76.22951,17.36521],[76.19645,17.36367],[76.17038,17.35262],[76.18331,17.31944],[76.17638,17.30079],[76.16514,17.30334],[76.16268,17.34522],[76.11902,17.37051],[76.0998,17.36465],[76.07919,17.33161],[76.0606,17.35531],[76.0144,17.35354],[75.99834,17.33797],[75.96877,17.33647],[75.93088,17.32258],[75.89065,17.35653],[75.89413,17.4012],[75.88425,17.41796],[75.87657,17.41615],[75.87527,17.39809],[75.86094,17.3856],[75.85115,17.41053],[75.82151,17.42122],[75.81373,17.37276],[75.79301,17.3697],[75.7721,17.38575],[75.76594,17.40531],[75.73366,17.42009],[75.71251,17.40794],[75.6908,17.40948],[75.67595,17.45594],[75.65891,17.45806],[75.63305,17.47722],[75.60667,17.42037],[75.61359,17.39192],[75.57421,17.3833],[75.58092,17.35123],[75.6101,17.34504],[75.61216,17.32514],[75.6038,17.30551],[75.62248,17.29511],[75.62792,17.27434],[75.65424,17.27382],[75.65778,17.26321],[75.66198,17.21458],[75.64,17.18887],[75.6285,17.18866],[75.62544,17.174],[75.6496,17.13438],[75.65041,17.1157],[75.67236,17.116],[75.67678,17.06542],[75.65037,17.05726],[75.64107,17.03759],[75.65006,17.03224],[75.66976,17.03817],[75.66614,16.97978],[75.67715,16.96901],[75.67039,16.96206],[75.64482,16.95409],[75.634,16.97027],[75.60793,16.971],[75.60695,17.00457],[75.57316,17.00961],[75.56729,17.00905],[75.56772,16.96575],[75.52938,16.96941],[75.50973,16.95026],[75.48915,16.94443],[75.4833,16.976],[75.46625,16.98132],[75.46562,16.98837],[75.44167,16.98224],[75.42795,16.9665],[75.3922,16.9801],[75.35012,16.95782],[75.27967,16.95656],[75.27945,16.92334],[75.29001,16.90403],[75.2821,16.8803],[75.26479,16.86281],[75.23773,16.86795],[75.22771,16.84318],[75.21427,16.84171],[75.18192,16.84341],[75.18906,16.87529],[75.17665,16.86771],[75.13656,16.8745],[75.13492,16.89471],[75.1204,16.90254],[75.11756,16.91345],[75.09638,16.91375],[75.08941,16.95159],[75.04461,16.94174],[75.02531,16.92801],[75.02666,16.94414],[74.99298,16.95208],[74.96443,16.94764],[74.96462,16.92678],[74.93178,16.94476],[74.92185,16.92987],[74.95551,16.90521],[74.96365,16.90972],[74.96044,16.88095],[74.936,16.87924],[74.9353,16.87107],[74.92562,16.87204],[74.92657,16.86355],[74.90159,16.86256],[74.91037,16.83515],[74.91089,16.78955],[74.91952,16.7725],[74.86944,16.77407],[74.86576,16.76337],[74.8499,16.77276],[74.84459,16.76182],[74.79583,16.74776],[74.77205,16.75069],[74.73217,16.71833],[74.6911,16.71555],[74.68948,16.68647],[74.6809,16.6859],[74.68963,16.67703],[74.6791,16.6731],[74.67958,16.66618],[74.66524,16.66568],[74.65356,16.63884],[74.68765,16.6179],[74.68706,16.6068],[74.66007,16.60291],[74.64009,16.61046],[74.62871,16.57774],[74.61888,16.58408],[74.60959,16.5696],[74.56862,16.55388],[74.55493,16.56452],[74.56697,16.5854],[74.55885,16.59466],[74.54357,16.59533],[74.54457,16.63548],[74.48911,16.63015],[74.46882,16.66381],[74.45486,16.6473],[74.46679,16.60683],[74.43552,16.60107],[74.42223,16.58452],[74.39671,16.58328],[74.37991,16.5286],[74.35801,16.53835],[74.35633,16.55976],[74.33977,16.54777],[74.3158,16.55446],[74.31521,16.50461],[74.30623,16.5037],[74.30173,16.52903],[74.29168,16.53389],[74.28322,16.5246],[74.28117,16.54111],[74.27063,16.54797],[74.26421,16.53984],[74.2781,16.50447],[74.24746,16.49692],[74.26085,16.48011],[74.27446,16.48564],[74.27974,16.50484],[74.29098,16.50491],[74.28936,16.46298],[74.31254,16.45325],[74.33267,16.45477],[74.33682,16.42882],[74.32893,16.41906],[74.33514,16.40142],[74.36378,16.4051],[74.35349,16.36643],[74.33595,16.39375],[74.32757,16.39151],[74.32492,16.3783],[74.31727,16.38102],[74.32485,16.35995],[74.31772,16.35307],[74.32712,16.34252],[74.3154,16.34009],[74.32259,16.33438],[74.31669,16.32657],[74.32883,16.32376],[74.32524,16.31369],[74.3333,16.31346],[74.332,16.30527],[74.34263,16.29804],[74.34209,16.29119],[74.32804,16.29326],[74.32091,16.28449],[74.32501,16.27177],[74.35054,16.27538],[74.35379,16.28284],[74.34568,16.29378],[74.35938,16.2906],[74.37309,16.26165],[74.38072,16.26198],[74.38269,16.27737],[74.41447,16.28266],[74.41769,16.25801],[74.45491,16.25341],[74.45617,16.24388],[74.4687,16.2402],[74.48056,16.25014],[74.50318,16.22542],[74.49588,16.2152],[74.50779,16.20308],[74.50714,16.19161],[74.49386,16.18646],[74.47991,16.14714],[74.49123,16.11146],[74.48298,16.09013],[74.4277,16.11198],[74.40703,16.09352],[74.39011,16.08948],[74.39094,16.0805],[74.3723,16.07823],[74.36141,16.05385],[74.37741,16.05514],[74.36913,16.03924],[74.38107,16.0355],[74.42977,16.05917],[74.46229,16.04985],[74.4633,16.04285],[74.45657,16.04108],[74.46306,16.038],[74.4309,15.95661],[74.38693,15.90501],[74.40624,15.8554],[74.38821,15.85428],[74.36868,15.89439],[74.36332,15.87495],[74.33828,15.85495],[74.38315,15.84913],[74.3811,15.83541],[74.36041,15.81689],[74.37037,15.81074],[74.36756,15.78584],[74.34575,15.76458],[74.32314,15.7727],[74.30796,15.74851],[74.2858,15.74162],[74.26838,15.75477],[74.23829,15.74409],[74.22657,15.76266],[74.23357,15.78702],[74.20903,15.7813],[74.2015,15.75865],[74.16162,15.75132],[74.15104,15.73584],[74.12223,15.72076],[74.1322,15.70243],[74.12584,15.681],[74.08816,15.6725],[74.11835,15.65204]]]}},{"type":"Feature","properties":{"shapeName":"Uttarākhand","shapeISO":"IN-UT","shapeType":"ADM1"},"geometry":{"type":"Polygon","coordinates":[[[80.06509,28.83673],[80.05892,28.91576],[80.10086,28.98681],[80.11804,28.98144],[80.12689,29.00555],[80.13585,29.00737],[80.12478,29.01153],[80.13134,29.02974],[80.12586,29.03117],[80.14464,29.10258],[80.18351,29.13641],[80.20979,29.12075],[80.23333,29.11926],[80.27125,29.14039],[80.25812,29.16594],[80.25853,29.18784],[80.24108,29.20148],[80.24804,29.22087],[80.25498,29.22056],[80.25875,29.20706],[80.2761,29.20711],[80.28651,29.19465],[80.29789,29.20521],[80.29085,29.23322],[80.2999,29.24199],[80.30513,29.28711],[80.31836,29.30145],[80.31763,29.31309],[80.29372,29.32739],[80.2717,29.36291],[80.27903,29.37808],[80.27508,29.39138],[80.24295,29.41102],[80.24738,29.43405],[80.24213,29.44273],[80.27214,29.44863],[80.26782,29.45434],[80.27521,29.45705],[80.27888,29.44987],[80.30043,29.45046],[80.28545,29.47531],[80.29722,29.48817],[80.31255,29.48286],[80.31515,29.50016],[80.34196,29.51077],[80.35777,29.53146],[80.34165,29.54116],[80.34483,29.55221],[80.36442,29.56378],[80.37941,29.56121],[80.38074,29.57146],[80.39035,29.5732],[80.40924,29.59753],[80.40596,29.61271],[80.42003,29.62859],[80.41974,29.6403],[80.40847,29.66101],[80.39212,29.66542],[80.38547,29.67595],[80.37635,29.71973],[80.36805,29.72375],[80.36797,29.74857],[80.39756,29.75871],[80.40734,29.79425],[80.43487,29.80475],[80.49342,29.79464],[80.50711,29.82235],[80.55351,29.84928],[80.57187,29.89125],[80.57254,29.91753],[80.60195,29.95699],[80.62943,29.96389],[80.6514,29.95466],[80.67533,29.9573],[80.71882,30.00056],[80.74396,30.00448],[80.76175,30.0499],[80.77945,30.05705],[80.8152,30.09707],[80.83674,30.09822],[80.8455,30.10441],[80.84284,30.11534],[80.87687,30.12863],[80.87153,30.16031],[80.86239,30.16956],[80.88002,30.18259],[80.90739,30.22268],[80.9197,30.21572],[80.91617,30.18794],[80.92844,30.17477],[80.97435,30.19253],[80.99519,30.18645],[81.04445,30.20608],[81.02676,30.22728],[81.03212,30.24681],[80.98184,30.27205],[80.93549,30.26288],[80.92635,30.26839],[80.93137,30.27855],[80.91441,30.28855],[80.90852,30.30368],[80.88439,30.29973],[80.86377,30.31412],[80.82674,30.31442],[80.80368,30.32351],[80.78681,30.34275],[80.78667,30.35386],[80.73439,30.39991],[80.70831,30.41754],[80.68968,30.41433],[80.62392,30.4625],[80.61296,30.45849],[80.60721,30.47168],[80.56552,30.46321],[80.55883,30.45297],[80.54095,30.44827],[80.49835,30.48717],[80.44492,30.49741],[80.41655,30.51788],[80.41779,30.52436],[80.38595,30.51809],[80.36579,30.52837],[80.34691,30.52085],[80.32246,30.54427],[80.31544,30.56497],[80.28342,30.57],[80.25444,30.56454],[80.2352,30.58142],[80.2126,30.58419],[80.21232,30.62703],[80.2198,30.64246],[80.1934,30.66745],[80.19837,30.68661],[80.23252,30.69112],[80.2333,30.70912],[80.24873,30.71988],[80.24924,30.74433],[80.23595,30.75929],[80.20896,30.75245],[80.19344,30.76629],[80.19934,30.77906],[80.17223,30.80864],[80.15546,30.80481],[80.15181,30.78908],[80.14145,30.79244],[80.1095,30.77995],[80.08679,30.79623],[80.05308,30.84445],[80.03271,30.84266],[80.00947,30.8686],[79.99699,30.86611],[79.99088,30.87632],[79.96274,30.88876],[79.93221,30.87996],[79.91069,30.9133],[79.88887,30.91827],[79.88226,30.95411],[79.86482,30.97272],[79.81716,30.97169],[79.79179,30.98661],[79.77539,30.98693],[79.7532,31.00642],[79.73188,30.97872],[79.69923,30.97061],[79.66543,30.98268],[79.66343,30.96555],[79.61977,30.9502],[79.60106,30.93322],[79.59181,30.9454],[79.55258,30.95805],[79.53901,30.97469],[79.5479,30.98964],[79.52657,30.98888],[79.51609,30.99718],[79.52013,31.00554],[79.50843,31.01497],[79.50693,31.03212],[79.46988,31.03548],[79.42643,31.02403],[79.40949,31.10836],[79.38902,31.11692],[79.37164,31.11346],[79.3621,31.12309],[79.34913,31.12102],[79.31836,31.13591],[79.3009,31.16671],[79.30534,31.17443],[79.29629,31.21755],[79.27892,31.23717],[79.25822,31.23703],[79.22188,31.25993],[79.24582,31.28269],[79.2466,31.29165],[79.21718,31.31237],[79.23331,31.33385],[79.21157,31.34987],[79.16689,31.36097],[79.17366,31.3837],[79.16801,31.39653],[79.14452,31.41387],[79.13899,31.43363],[79.11574,31.43724],[79.09609,31.45169],[79.08338,31.44601],[79.07162,31.45613],[79.05872,31.42628],[79.04765,31.42254],[79.03695,31.43004],[79.01578,31.42324],[79.01535,31.38784],[79.00734,31.37853],[79.01825,31.35742],[79.0151,31.34702],[78.99865,31.33989],[78.97703,31.36295],[78.9671,31.35602],[78.9433,31.36572],[78.91605,31.31569],[78.89638,31.30344],[78.89731,31.29023],[78.88117,31.2837],[78.88607,31.26863],[78.9161,31.24868],[78.92604,31.22016],[78.94772,31.21686],[78.94383,31.20657],[78.95753,31.18668],[78.98591,31.17392],[78.98758,31.14338],[78.99959,31.13478],[79.00892,31.11001],[78.97299,31.10817],[78.95073,31.09807],[78.92057,31.11081],[78.9086,31.09895],[78.88543,31.09881],[78.8312,31.14068],[78.82488,31.16359],[78.81072,31.17196],[78.81738,31.1897],[78.80991,31.19837],[78.76517,31.18584],[78.6719,31.19697],[78.658,31.18512],[78.64703,31.2148],[78.60934,31.22935],[78.57823,31.22534],[78.55162,31.19999],[78.48374,31.19902],[78.4557,31.2411],[78.43424,31.25467],[78.4259,31.24434],[78.40694,31.24227],[78.39616,31.27539],[78.38629,31.27152],[78.38353,31.28256],[78.37031,31.28642],[78.33186,31.27769],[78.31115,31.28323],[78.30632,31.25998],[78.28286,31.26629],[78.26046,31.23983],[78.24949,31.24012],[78.24694,31.23049],[78.22031,31.23402],[78.21243,31.21965],[78.16022,31.22556],[78.10361,31.18546],[78.06594,31.18724],[78.04263,31.17858],[78.0297,31.16418],[78.03033,31.15104],[78.00081,31.16203],[77.98471,31.15703],[77.96731,31.17344],[77.92478,31.15051],[77.89872,31.15031],[77.89067,31.12182],[77.86381,31.10858],[77.85122,31.07344],[77.83804,31.07272],[77.82435,31.05552],[77.81134,31.05917],[77.82981,31.02883],[77.81144,31.0317],[77.8075,31.01628],[77.82499,31.00987],[77.8318,30.99406],[77.81436,30.96185],[77.83758,30.95324],[77.81397,30.9539],[77.77237,30.97442],[77.74899,30.95355],[77.75273,30.93387],[77.76393,30.93052],[77.76278,30.91825],[77.81328,30.92194],[77.81527,30.90445],[77.80137,30.89339],[77.79884,30.86811],[77.80567,30.85328],[77.77921,30.86044],[77.77339,30.87761],[77.75821,30.87687],[77.75718,30.86005],[77.74401,30.84666],[77.76126,30.82613],[77.74836,30.8217],[77.72135,30.77586],[77.70376,30.76523],[77.70504,30.74281],[77.73318,30.7354],[77.75581,30.70699],[77.74739,30.67992],[77.79207,30.66023],[77.78122,30.64673],[77.79624,30.61371],[77.7711,30.61644],[77.77166,30.59697],[77.74608,30.60396],[77.74286,30.59391],[77.75662,30.58567],[77.77401,30.55791],[77.79409,30.55326],[77.81784,30.56109],[77.82779,30.53107],[77.81851,30.50813],[77.72097,30.47307],[77.69023,30.44808],[77.65236,30.44811],[77.64325,30.4319],[77.62266,30.43472],[77.57311,30.41244],[77.57602,30.39744],[77.59041,30.40633],[77.60169,30.39976],[77.65723,30.40073],[77.65972,30.39062],[77.67653,30.38784],[77.67807,30.37571],[77.68958,30.37687],[77.72183,30.33027],[77.76115,30.31835],[77.84651,30.2717],[77.87956,30.26201],[77.89399,30.26543],[77.93698,30.24922],[77.94146,30.23985],[77.96169,30.24243],[77.93212,30.21445],[77.91892,30.21134],[77.91201,30.18259],[77.88117,30.15079],[77.8604,30.11325],[77.83681,30.10358],[77.82804,30.08597],[77.80118,30.09553],[77.77113,30.04808],[77.78548,30.02795],[77.78197,30.01868],[77.76195,30.00936],[77.75537,29.99906],[77.76036,29.99516],[77.74018,29.97534],[77.73328,29.95599],[77.74835,29.95169],[77.73046,29.93175],[77.74288,29.92499],[77.74776,29.91122],[77.72926,29.90056],[77.73185,29.89285],[77.72274,29.88447],[77.716,29.88593],[77.72076,29.87621],[77.71412,29.87027],[77.72343,29.85511],[77.74188,29.8519],[77.74021,29.83479],[77.75898,29.81855],[77.75157,29.81073],[77.77466,29.79107],[77.77311,29.76875],[77.78034,29.76507],[77.76952,29.74539],[77.78267,29.73629],[77.77171,29.7139],[77.81047,29.70242],[77.79904,29.68624],[77.83004,29.66835],[77.8628,29.6895],[77.8747,29.68734],[77.88264,29.70248],[77.91252,29.69597],[77.92643,29.71427],[77.94553,29.71312],[77.95301,29.7074],[77.93988,29.69614],[77.96995,29.66648],[77.96644,29.6502],[77.98378,29.64369],[77.97768,29.6135],[77.94841,29.61697],[77.93329,29.60057],[77.96364,29.58132],[77.98687,29.58473],[77.99516,29.59585],[78.00079,29.58626],[78.02159,29.58091],[78.01523,29.5873],[78.01827,29.59825],[78.04884,29.61466],[78.05746,29.63074],[78.08668,29.62509],[78.08145,29.6352],[78.13053,29.65259],[78.17161,29.69163],[78.19602,29.69273],[78.20391,29.73732],[78.25974,29.73839],[78.33565,29.79666],[78.39275,29.76745],[78.4285,29.76452],[78.45398,29.74599],[78.48854,29.7382],[78.51398,29.72312],[78.52148,29.65787],[78.53267,29.63881],[78.58035,29.58643],[78.61773,29.55809],[78.65047,29.54606],[78.70625,29.50274],[78.74501,29.50084],[78.79967,29.46464],[78.91872,29.43432],[78.94233,29.43863],[78.92571,29.42601],[78.91179,29.39381],[78.88733,29.37311],[78.87773,29.37503],[78.87871,29.36607],[78.85193,29.36039],[78.85597,29.34978],[78.84987,29.34488],[78.82745,29.35427],[78.83026,29.36807],[78.82473,29.36719],[78.8105,29.34018],[78.7999,29.33463],[78.80472,29.31931],[78.79591,29.31182],[78.78955,29.31535],[78.79344,29.32823],[78.77748,29.32579],[78.76655,29.33746],[78.75376,29.33128],[78.75032,29.31741],[78.73367,29.32196],[78.73445,29.303],[78.71858,29.3067],[78.76501,29.27936],[78.77383,29.26204],[78.80763,29.23657],[78.82005,29.23207],[78.83816,29.2426],[78.84954,29.23277],[78.85834,29.2419],[78.85859,29.23305],[78.87446,29.23026],[78.87175,29.22276],[78.88326,29.21153],[78.87521,29.20523],[78.89062,29.20123],[78.88675,29.19508],[78.90875,29.17862],[78.90165,29.16961],[78.91876,29.13559],[78.90662,29.12486],[78.92694,29.11808],[78.93464,29.1297],[78.95647,29.11997],[78.96417,29.13056],[78.97278,29.12688],[78.98234,29.1431],[79.00423,29.12596],[79.00817,29.11197],[79.0267,29.11248],[79.04063,29.12773],[79.01692,29.13083],[79.01782,29.1539],[79.0374,29.14488],[79.03937,29.15847],[79.02912,29.16419],[79.03584,29.16945],[79.1119,29.12798],[79.12687,29.13274],[79.1535,29.11524],[79.1425,29.06701],[79.17511,29.04631],[79.16235,29.02927],[79.16528,29.01785],[79.17582,29.0158],[79.17106,29.01193],[79.21173,29.02762],[79.25102,29.0103],[79.24775,29.0034],[79.25913,28.99246],[79.30727,28.96653],[79.3119,28.97712],[79.3647,28.96814],[79.36211,28.98151],[79.37236,28.98753],[79.38733,28.94976],[79.40748,28.95231],[79.41901,28.94009],[79.41584,28.92793],[79.42795,28.91985],[79.42294,28.89355],[79.431,28.88686],[79.42491,28.86818],[79.44046,28.8618],[79.45164,28.87169],[79.47722,28.86463],[79.47874,28.87121],[79.49714,28.87293],[79.52178,28.86481],[79.55648,28.89932],[79.58427,28.87924],[79.57349,28.85471],[79.58437,28.84633],[79.6039,28.8569],[79.61331,28.85289],[79.62614,28.86669],[79.63093,28.86118],[79.65605,28.86983],[79.70667,28.84107],[79.70963,28.85117],[79.71992,28.84573],[79.72638,28.86104],[79.74565,28.85998],[79.74908,28.87183],[79.78862,28.87276],[79.7998,28.88754],[79.8293,28.88452],[79.83253,28.87105],[79.84566,28.87393],[79.84961,28.85936],[79.84064,28.84774],[79.83074,28.85529],[79.83679,28.83998],[79.82382,28.83907],[79.83718,28.83241],[79.82429,28.80734],[79.81898,28.80554],[79.81646,28.81698],[79.80804,28.80097],[79.82694,28.79503],[79.84153,28.80433],[79.84935,28.7997],[79.8529,28.8062],[79.84659,28.8105],[79.85294,28.81379],[79.84631,28.82324],[79.86143,28.83059],[79.8632,28.84028],[79.87848,28.83037],[79.88823,28.83662],[79.89407,28.82047],[79.91453,28.81855],[79.91553,28.80434],[79.87849,28.8149],[79.86961,28.80841],[79.87306,28.79735],[79.90137,28.78204],[79.93983,28.78778],[79.92408,28.77323],[79.94321,28.75996],[79.93863,28.75044],[79.95417,28.7229],[80.03014,28.7487],[80.06174,28.78326],[80.06811,28.80291],[80.0518,28.82044],[80.06509,28.83673]]]}},{"type":"Feature","properties":{"shapeName":"Dādra and Nagar Haveli and Damān and Diu","shapeISO":"IN-DH","shapeType":"ADM1"},"geometry":{"type":"MultiPolygon","coordinates":[[[[73.21066,20.12045],[73.18724,20.12937],[73.18563,20.15576],[73.18992,20.16419],[73.20616,20.16253],[73.21468,20.16971],[73.21797,20.18585],[73.19197,20.19735],[73.1782,20.19256],[73.16854,20.20815],[73.15743,20.19827],[73.13324,20.20569],[73.14212,20.17729],[73.11943,20.16813],[73.11532,20.15181],[73.09052,20.16032],[73.07954,20.17316],[73.07384,20.15554],[73.06049,20.16182],[73.05979,20.19385],[73.04906,20.20078],[73.06369,20.22756],[73.09791,20.22754],[73.0981,20.23927],[73.12686,20.25942],[73.13165,20.27366],[73.14249,20.27383],[73.14562,20.28648],[73.15172,20.29052],[73.15815,20.28023],[73.16715,20.28847],[73.16618,20.30941],[73.15141,20.31719],[73.12937,20.31743],[73.12484,20.30394],[73.10142,20.30279],[73.11178,20.33692],[73.09677,20.36034],[73.08999,20.35836],[73.09084,20.34479],[73.07761,20.32295],[73.06726,20.32941],[73.04258,20.32502],[73.03469,20.29136],[73.01615,20.29355],[73.01723,20.30895],[73.00775,20.31242],[73.01012,20.2911],[72.98128,20.28977],[72.98188,20.27652],[72.97328,20.27027],[72.96277,20.2712],[72.93694,20.2947],[72.91221,20.27546],[72.93086,20.24274],[72.95396,20.23688],[72.96647,20.22244],[72.96267,20.18242],[72.97757,20.17939],[72.96044,20.13403],[72.96439,20.12595],[72.97711,20.11269],[72.9925,20.11767],[72.99819,20.14279],[73.01146,20.13461],[72.99991,20.12247],[73.00131,20.11167],[73.03962,20.06709],[73.0527,20.06446],[73.05401,20.09495],[73.06429,20.09851],[73.10371,20.08953],[73.11203,20.07419],[73.13715,20.08597],[73.13783,20.07867],[73.15503,20.07518],[73.16614,20.0547],[73.1923,20.04949],[73.18929,20.07735],[73.21066,20.08581],[73.21066,20.12045]]],[[[72.85555,20.46748],[72.8324,20.44639],[72.82124,20.36766],[72.8443,20.37484],[72.87703,20.36971],[72.89666,20.37977],[72.88283,20.39775],[72.90266,20.4057],[72.90411,20.41488],[72.89326,20.42163],[72.87182,20.41379],[72.85732,20.41883],[72.87491,20.44548],[72.88777,20.43815],[72.89539,20.44421],[72.88807,20.46061],[72.85555,20.46748]]],[[[70.9203,20.74285],[70.91568,20.73276],[70.8831,20.72448],[70.87605,20.70912],[70.89323,20.70749],[70.89931,20.69951],[70.91393,20.69957],[70.92902,20.71216],[70.97683,20.70208],[70.9969,20.71351],[70.98767,20.72249],[71.00745,20.73738],[70.99938,20.74188],[70.98108,20.72254],[70.96049,20.73658],[70.93859,20.73229],[70.9203,20.74285]]]]}},{"type":"Feature","properties":{"shapeName":"Madhya Pradesh","shapeISO":"IN-MP","shapeType":"ADM1"},"geometry":{"type":"Polygon","coordinates":[[[80.66004,21.33411],[80.67777,21.34883],[80.70654,21.41158],[80.70573,21.43091],[80.72439,21.44521],[80.73743,21.47132],[80.72759,21.49622],[80.74078,21.53925],[80.71999,21.55502],[80.72891,21.5726],[80.71535,21.58507],[80.71704,21.60299],[80.73094,21.61737],[80.72684,21.64565],[80.71928,21.64539],[80.71438,21.66157],[80.71597,21.67475],[80.73413,21.69453],[80.72614,21.71369],[80.73205,21.71369],[80.74093,21.74456],[80.7561,21.76218],[80.77818,21.75477],[80.78543,21.74033],[80.81973,21.74805],[80.8167,21.76175],[80.83859,21.80035],[80.84474,21.82931],[80.83916,21.84815],[80.85248,21.85423],[80.84222,21.86486],[80.85296,21.87266],[80.83183,21.89035],[80.83201,21.90825],[80.84777,21.93129],[80.84303,21.94614],[80.82876,21.94791],[80.82557,21.95836],[80.84754,21.95576],[80.85674,21.96486],[80.87588,22.01347],[80.8827,22.05906],[80.8968,22.06437],[80.90793,22.1096],[80.92194,22.11997],[80.94757,22.11829],[80.95697,22.11044],[80.97178,22.08504],[80.97003,22.05743],[80.99438,22.04927],[80.99487,22.05863],[81.00526,22.06157],[81.0091,22.07092],[81.00144,22.08352],[81.01133,22.09559],[80.99047,22.11358],[80.98095,22.11024],[80.97796,22.12265],[80.99461,22.13553],[81.0219,22.13275],[81.02674,22.16642],[81.01665,22.18555],[81.03066,22.18743],[81.03163,22.19968],[81.01945,22.22121],[81.05005,22.24458],[81.0726,22.2484],[81.07954,22.2394],[81.09152,22.24903],[81.10185,22.27833],[81.11871,22.29129],[81.11354,22.32415],[81.1212,22.34262],[81.10365,22.38339],[81.11115,22.4376],[81.127,22.44925],[81.15511,22.45494],[81.17268,22.48793],[81.19562,22.49064],[81.20015,22.46281],[81.23218,22.45218],[81.26192,22.4722],[81.26212,22.49329],[81.27328,22.49321],[81.28126,22.50298],[81.31372,22.48295],[81.32279,22.48919],[81.31757,22.51434],[81.32652,22.52617],[81.3543,22.51129],[81.38204,22.50985],[81.39005,22.45229],[81.3964,22.44011],[81.40669,22.44098],[81.42869,22.45692],[81.42277,22.47008],[81.42783,22.47984],[81.4392,22.48215],[81.44736,22.46591],[81.45892,22.46932],[81.44661,22.46979],[81.45087,22.47862],[81.44253,22.47923],[81.45107,22.48663],[81.44259,22.49438],[81.4847,22.48786],[81.49664,22.51955],[81.5093,22.52609],[81.51823,22.51983],[81.52222,22.53904],[81.54607,22.52761],[81.57002,22.5323],[81.56274,22.54239],[81.56954,22.55076],[81.59182,22.54525],[81.59996,22.53529],[81.62193,22.53805],[81.62901,22.56339],[81.64276,22.55975],[81.65992,22.56949],[81.65782,22.58447],[81.64547,22.58448],[81.64724,22.6133],[81.6833,22.64694],[81.71313,22.64812],[81.72864,22.67647],[81.74298,22.67257],[81.752,22.6544],[81.74659,22.64831],[81.75456,22.64643],[81.76852,22.66426],[81.77161,22.67644],[81.75225,22.72671],[81.79438,22.76649],[81.78357,22.77922],[81.78176,22.81098],[81.76133,22.83032],[81.77651,22.85167],[81.77567,22.87447],[81.86161,22.88929],[81.86948,22.89454],[81.8661,22.91584],[81.87823,22.90984],[81.91891,22.94658],[81.94629,22.95681],[81.95047,22.98296],[81.92149,23.04085],[81.92953,23.06168],[81.94684,23.06914],[81.94224,23.079],[81.96353,23.07592],[81.99112,23.08665],[82.03484,23.08044],[82.07014,23.11822],[82.1258,23.10398],[82.13724,23.11198],[82.13963,23.13202],[82.16134,23.14315],[82.16025,23.16153],[82.14421,23.16542],[82.14892,23.17577],[82.14299,23.18691],[82.15368,23.20923],[82.14482,23.22741],[82.16048,23.24714],[82.16731,23.24621],[82.17434,23.26874],[82.19336,23.278],[82.19937,23.31347],[82.19394,23.32388],[82.16371,23.33471],[82.14573,23.36122],[82.11712,23.3555],[82.1101,23.36321],[82.11375,23.38419],[82.1034,23.39827],[82.06405,23.39297],[82.05599,23.37682],[82.03683,23.38877],[82.0323,23.38245],[82.02188,23.38736],[82.02905,23.40024],[82.02383,23.40871],[82.03274,23.41002],[82.02546,23.42492],[82.00954,23.41203],[81.99967,23.42159],[81.98532,23.41453],[81.97673,23.42383],[81.98388,23.42931],[81.98039,23.44707],[81.95498,23.4672],[81.95768,23.5004],[81.94233,23.50572],[81.92327,23.53269],[81.90786,23.53537],[81.87559,23.51275],[81.86367,23.51761],[81.83641,23.51094],[81.82067,23.51527],[81.80905,23.54937],[81.75825,23.5499],[81.74662,23.56983],[81.72522,23.5569],[81.72251,23.54333],[81.69963,23.52205],[81.6681,23.53298],[81.6589,23.52903],[81.66234,23.51398],[81.64415,23.48187],[81.62704,23.48206],[81.61139,23.51256],[81.61631,23.53078],[81.6103,23.55511],[81.58401,23.55361],[81.57667,23.58537],[81.58969,23.59606],[81.61196,23.59528],[81.6065,23.6139],[81.62032,23.65146],[81.61455,23.66295],[81.64453,23.65721],[81.65516,23.66317],[81.65554,23.68205],[81.68406,23.69095],[81.6959,23.72135],[81.67845,23.7394],[81.68675,23.74753],[81.68184,23.75333],[81.64465,23.77016],[81.65143,23.79909],[81.63582,23.83454],[81.61322,23.83451],[81.60317,23.85374],[81.62219,23.87027],[81.60422,23.88178],[81.609,23.90323],[81.63217,23.90585],[81.66857,23.92499],[81.6723,23.91342],[81.68753,23.90651],[81.69042,23.88479],[81.7073,23.88239],[81.70748,23.86116],[81.73196,23.85671],[81.72546,23.83986],[81.7911,23.80938],[81.80873,23.81345],[81.81498,23.80648],[81.83819,23.82113],[81.86306,23.82449],[81.8677,23.83418],[81.89873,23.84076],[81.92044,23.87065],[81.93963,23.86778],[81.95778,23.85232],[82.00752,23.86179],[82.04416,23.84168],[82.0384,23.82687],[82.05271,23.81946],[82.17145,23.81828],[82.18084,23.83632],[82.20953,23.85278],[82.2153,23.84105],[82.2063,23.82745],[82.22549,23.82012],[82.2318,23.80535],[82.26059,23.82128],[82.33464,23.80258],[82.37394,23.81203],[82.39346,23.79994],[82.46579,23.81206],[82.49738,23.78494],[82.52338,23.78372],[82.53811,23.79429],[82.55146,23.79068],[82.54842,23.80859],[82.53306,23.82219],[82.5886,23.82148],[82.63532,23.83775],[82.63812,23.84802],[82.64712,23.84876],[82.64681,23.85918],[82.66045,23.85518],[82.66843,23.87183],[82.65121,23.8868],[82.66157,23.90768],[82.68436,23.91035],[82.69891,23.92497],[82.75236,23.91983],[82.75444,23.93423],[82.78105,23.9384],[82.81031,23.96288],[82.80219,23.97931],[82.8086,23.98616],[82.80384,24.00357],[82.75062,24.01271],[82.74729,24.02694],[82.76631,24.04644],[82.77409,24.07594],[82.76439,24.06996],[82.76002,24.07717],[82.74811,24.07052],[82.73311,24.07859],[82.71389,24.07458],[82.70712,24.09693],[82.66447,24.12833],[82.6742,24.14076],[82.67045,24.14708],[82.68303,24.15469],[82.70031,24.13911],[82.72812,24.1356],[82.74434,24.16561],[82.73466,24.21732],[82.75883,24.23675],[82.75562,24.26081],[82.77096,24.2951],[82.76551,24.31608],[82.77331,24.34382],[82.76442,24.35497],[82.76968,24.36992],[82.7644,24.37611],[82.7254,24.36817],[82.71345,24.38035],[82.72181,24.41362],[82.73979,24.43015],[82.73246,24.43138],[82.73645,24.46176],[82.72996,24.47247],[82.74368,24.49632],[82.72068,24.51381],[82.72057,24.52876],[82.73104,24.53483],[82.71925,24.55248],[82.743,24.547],[82.74817,24.56131],[82.76809,24.56239],[82.80093,24.58023],[82.80262,24.59824],[82.76535,24.59591],[82.77948,24.61406],[82.77185,24.62162],[82.7738,24.64178],[82.75315,24.6368],[82.73231,24.64441],[82.72795,24.63533],[82.7182,24.63486],[82.71785,24.64254],[82.70678,24.63608],[82.69823,24.64697],[82.7016,24.67509],[82.67104,24.69698],[82.53911,24.64777],[82.52928,24.65333],[82.52351,24.67606],[82.44982,24.67467],[82.45326,24.68856],[82.42952,24.70266],[82.40635,24.68128],[82.41851,24.65194],[82.40909,24.62525],[82.42232,24.59944],[82.41611,24.59115],[82.36378,24.5976],[82.3388,24.62032],[82.31966,24.60617],[82.29847,24.60498],[82.30353,24.65376],[82.2961,24.66139],[82.303,24.66694],[82.28768,24.66625],[82.28554,24.67546],[82.26867,24.6834],[82.26283,24.67883],[82.27288,24.67461],[82.26094,24.6615],[82.24919,24.67137],[82.24013,24.66968],[82.23898,24.66108],[82.22975,24.68166],[82.25012,24.69714],[82.24483,24.73046],[82.25537,24.74769],[82.25083,24.76985],[82.24556,24.7441],[82.23527,24.76006],[82.22648,24.76124],[82.22923,24.74509],[82.21599,24.75451],[82.20699,24.74735],[82.2212,24.72198],[82.21381,24.73426],[82.17747,24.73234],[82.20316,24.75811],[82.19544,24.76418],[82.19652,24.77811],[82.20927,24.77171],[82.21786,24.77671],[82.20923,24.77845],[82.21617,24.79416],[82.18428,24.79565],[82.20361,24.81922],[82.16667,24.80089],[82.17892,24.79508],[82.16704,24.78546],[82.13868,24.79948],[82.1339,24.78799],[82.11563,24.78445],[82.09768,24.81616],[82.04534,24.82861],[82.01694,24.84603],[81.97156,24.83895],[81.96529,24.82705],[81.93796,24.84974],[81.93374,24.87072],[81.90791,24.88136],[81.90286,24.89169],[81.91967,24.92814],[81.91039,24.93739],[81.90788,24.98013],[81.90148,24.98651],[81.90708,25.00621],[81.89572,25.00983],[81.90214,25.00047],[81.89134,24.98888],[81.89093,24.99578],[81.85372,25.00262],[81.83519,25.01729],[81.8107,25.01294],[81.80413,25.00189],[81.79271,25.00446],[81.73153,25.04866],[81.72371,25.05],[81.72144,25.03827],[81.71334,25.03609],[81.68978,25.03896],[81.69357,25.04883],[81.68234,25.06121],[81.66718,25.06139],[81.66657,25.07513],[81.64125,25.05678],[81.61166,25.05633],[81.61728,25.06112],[81.60015,25.07423],[81.64086,25.09896],[81.62867,25.107],[81.63296,25.11713],[81.62436,25.11997],[81.60825,25.09597],[81.61013,25.11243],[81.59713,25.11897],[81.59771,25.13126],[81.61449,25.14444],[81.62335,25.14105],[81.62623,25.16075],[81.61558,25.16912],[81.58849,25.16578],[81.59554,25.18186],[81.57035,25.19209],[81.53985,25.18072],[81.51453,25.18368],[81.51466,25.17359],[81.53655,25.16056],[81.52305,25.14821],[81.53106,25.14496],[81.52727,25.1381],[81.49955,25.14869],[81.49662,25.12928],[81.48001,25.13221],[81.49031,25.10969],[81.51818,25.10105],[81.50032,25.09644],[81.50158,25.07815],[81.49354,25.08023],[81.4912,25.07228],[81.46966,25.07943],[81.46484,25.09014],[81.40729,25.10514],[81.44763,25.10712],[81.43829,25.13057],[81.40608,25.13135],[81.41424,25.12103],[81.39955,25.11939],[81.39276,25.13108],[81.37098,25.13486],[81.37545,25.14174],[81.36058,25.16053],[81.33457,25.16925],[81.31959,25.1568],[81.3312,25.11471],[81.32137,25.11281],[81.31177,25.13765],[81.31346,25.16375],[81.27755,25.16601],[81.2817,25.15207],[81.26623,25.13964],[81.26494,25.11734],[81.25207,25.10211],[81.26701,25.08453],[81.25952,25.07575],[81.2689,25.0675],[81.26399,25.05309],[81.22639,25.00159],[81.20895,24.99262],[81.2209,24.97761],[81.20717,24.96448],[81.21967,24.92862],[81.19294,24.92535],[81.20722,24.93043],[81.18518,24.95203],[81.16804,24.95523],[81.16023,24.91355],[81.14549,24.91031],[81.13963,24.88753],[81.09633,24.92119],[81.08477,24.94968],[81.03351,24.9526],[81.0256,24.94006],[81.0159,24.9513],[81.02888,24.93327],[81.02309,24.92763],[81.0045,24.93717],[80.98667,24.9233],[80.98589,24.93252],[80.97406,24.93417],[80.95724,24.91786],[80.9589,24.93879],[80.9477,24.94098],[80.95433,24.95348],[80.94666,24.9663],[80.89916,24.9486],[80.90682,24.93518],[80.89264,24.9453],[80.86069,24.92862],[80.8376,24.92835],[80.83582,24.91955],[80.81217,24.92253],[80.82022,24.93299],[80.8083,24.93852],[80.81005,24.9527],[80.79229,24.96492],[80.82396,24.96778],[80.83305,24.98199],[80.85223,24.98874],[80.85515,25.004],[80.83181,25.03288],[80.87807,25.06548],[80.86763,25.07535],[80.87961,25.09927],[80.86847,25.11569],[80.87955,25.13835],[80.89481,25.13402],[80.91294,25.15909],[80.90358,25.1596],[80.88468,25.18795],[80.86937,25.17448],[80.84417,25.18691],[80.83818,25.18056],[80.84913,25.16261],[80.84005,25.1562],[80.83651,25.13387],[80.84289,25.11239],[80.82991,25.10005],[80.82667,25.12146],[80.81197,25.12409],[80.81528,25.13172],[80.80832,25.13693],[80.7864,25.12945],[80.77817,25.14226],[80.77179,25.13243],[80.75387,25.13282],[80.74203,25.12351],[80.73042,25.14662],[80.71842,25.13053],[80.70442,25.12839],[80.70766,25.11766],[80.7274,25.11854],[80.72548,25.09144],[80.75214,25.09249],[80.75715,25.08203],[80.78343,25.0759],[80.78752,25.06171],[80.77622,25.05484],[80.73693,25.05297],[80.72907,25.06719],[80.71714,25.06911],[80.71228,25.05867],[80.67959,25.04855],[80.67406,25.06052],[80.68463,25.07706],[80.67298,25.08261],[80.66174,25.06761],[80.6591,25.0835],[80.64043,25.09252],[80.62725,25.0833],[80.60752,25.09817],[80.61881,25.10021],[80.62711,25.11709],[80.63826,25.11674],[80.62887,25.1335],[80.61133,25.12793],[80.61271,25.1432],[80.60114,25.15002],[80.59503,25.12721],[80.60721,25.11792],[80.59756,25.114],[80.59235,25.10321],[80.59775,25.08891],[80.59236,25.0902],[80.5981,25.07932],[80.5982,25.08729],[80.60669,25.08674],[80.61321,25.06568],[80.56838,25.08691],[80.56766,25.07336],[80.55226,25.06283],[80.52151,25.07621],[80.51816,25.09471],[80.47952,25.09603],[80.50674,25.08401],[80.50341,25.07306],[80.49644,25.07296],[80.50914,25.05877],[80.5006,25.04157],[80.5461,25.03243],[80.54139,25.01668],[80.5495,25.00248],[80.49933,25.00622],[80.49261,24.98939],[80.48042,24.98601],[80.47893,24.97399],[80.45617,24.98164],[80.46244,25.0025],[80.43705,24.99453],[80.43681,25.00149],[80.4549,25.00574],[80.45247,25.01515],[80.43312,25.02374],[80.44898,25.04056],[80.49561,25.02911],[80.5019,25.03726],[80.48884,25.04349],[80.47517,25.03795],[80.4636,25.06804],[80.45146,25.06222],[80.44967,25.0785],[80.43306,25.06577],[80.41605,25.07318],[80.40873,25.05525],[80.40065,25.06958],[80.38803,25.05092],[80.37361,25.05592],[80.37052,25.04267],[80.38986,25.03557],[80.37788,25.02703],[80.39647,25.01195],[80.37852,25.00436],[80.37749,25.01955],[80.36298,25.02362],[80.35743,25.01158],[80.35202,25.01752],[80.34169,25.01345],[80.33102,24.99221],[80.27365,25.02598],[80.2879,25.03813],[80.28493,25.05397],[80.29057,25.05955],[80.31143,25.04424],[80.33156,25.04795],[80.33678,25.05907],[80.35545,25.05568],[80.34581,25.06491],[80.34846,25.08666],[80.3705,25.09973],[80.37611,25.11637],[80.35475,25.12643],[80.35459,25.13837],[80.39023,25.1584],[80.41992,25.16319],[80.43169,25.17763],[80.40776,25.21803],[80.40337,25.24404],[80.38361,25.2373],[80.35684,25.26181],[80.35146,25.27717],[80.31083,25.28642],[80.3227,25.3321],[80.30958,25.35437],[80.32034,25.36606],[80.31544,25.38888],[80.28848,25.41704],[80.26387,25.42406],[80.25354,25.40085],[80.23623,25.4079],[80.22085,25.39675],[80.2024,25.41405],[80.19489,25.37805],[80.16899,25.37687],[80.16725,25.3639],[80.14877,25.35706],[80.13113,25.33424],[80.08897,25.35581],[80.07266,25.33684],[80.03348,25.34206],[80.01854,25.32138],[80.02232,25.29761],[79.99874,25.28557],[80.00482,25.26724],[79.98078,25.26184],[79.94833,25.26866],[79.93659,25.24747],[79.9276,25.24963],[79.91754,25.22679],[79.91652,25.24463],[79.90749,25.2509],[79.90208,25.2408],[79.87788,25.25103],[79.86452,25.23635],[79.85137,25.23562],[79.85274,25.2251],[79.86858,25.21649],[79.856,25.194],[79.87013,25.17227],[79.86646,25.14983],[79.88153,25.14205],[79.86614,25.14107],[79.85162,25.12856],[79.84801,25.11054],[79.86153,25.09622],[79.8287,25.09933],[79.82397,25.10826],[79.7485,25.13968],[79.71717,25.12877],[79.68328,25.13516],[79.67311,25.12046],[79.64146,25.1269],[79.62268,25.14053],[79.60013,25.12781],[79.60648,25.15241],[79.59595,25.1433],[79.5815,25.15115],[79.56919,25.17182],[79.51802,25.12682],[79.52498,25.09739],[79.50543,25.09539],[79.49151,25.07962],[79.46512,25.08803],[79.47724,25.12749],[79.44018,25.10144],[79.42626,25.11905],[79.40534,25.10623],[79.3933,25.11721],[79.39615,25.12836],[79.38765,25.13034],[79.39076,25.14123],[79.38398,25.14279],[79.39028,25.17012],[79.41181,25.18264],[79.41222,25.20025],[79.44042,25.19887],[79.44895,25.21494],[79.43284,25.22057],[79.46248,25.26466],[79.49451,25.26687],[79.48185,25.26859],[79.47929,25.27844],[79.46721,25.2833],[79.45862,25.2798],[79.4629,25.27165],[79.43672,25.25467],[79.40874,25.25609],[79.40761,25.27392],[79.36861,25.29244],[79.37389,25.27251],[79.36993,25.25998],[79.3629,25.2617],[79.35528,25.26591],[79.35831,25.28424],[79.33615,25.2881],[79.34658,25.30508],[79.34133,25.31893],[79.35218,25.32984],[79.29983,25.33766],[79.29568,25.32365],[79.27895,25.32398],[79.27052,25.30972],[79.26447,25.26895],[79.28258,25.26206],[79.29379,25.28359],[79.31652,25.25596],[79.34335,25.26896],[79.35086,25.26392],[79.34387,25.22728],[79.33297,25.22795],[79.3521,25.2122],[79.33846,25.19798],[79.32869,25.22134],[79.31054,25.22296],[79.29946,25.23975],[79.27937,25.24471],[79.28467,25.19107],[79.29221,25.18416],[79.30152,25.20137],[79.30847,25.19822],[79.30442,25.17813],[79.3232,25.14976],[79.30699,25.12927],[79.28676,25.13141],[79.28298,25.11729],[79.26004,25.12522],[79.26887,25.13843],[79.26046,25.15316],[79.24589,25.13352],[79.24491,25.11368],[79.22735,25.12181],[79.21255,25.11346],[79.2043,25.13992],[79.19225,25.14625],[79.17618,25.14006],[79.17462,25.12821],[79.18729,25.12638],[79.18599,25.11493],[79.17545,25.1092],[79.12398,25.11105],[79.13209,25.12738],[79.11596,25.13991],[79.12595,25.16129],[79.0958,25.17497],[79.09058,25.19107],[79.07144,25.17047],[79.06776,25.14962],[79.0508,25.13425],[79.031,25.13839],[79.03683,25.16157],[79.03179,25.16426],[79.03999,25.17117],[79.03095,25.18493],[79.05228,25.20771],[79.04854,25.19372],[79.05962,25.19067],[79.06364,25.22202],[79.03347,25.23407],[79.03994,25.24294],[79.02223,25.24131],[79.01795,25.24954],[79.0256,25.26124],[79.01322,25.27405],[78.99437,25.27316],[78.97484,25.24049],[79.00118,25.2337],[79.00587,25.19505],[78.95385,25.21896],[78.92521,25.20445],[78.90296,25.17036],[78.88191,25.15689],[78.87063,25.18702],[78.89058,25.21442],[78.86953,25.2311],[78.88092,25.25401],[78.89975,25.24313],[78.91702,25.27358],[78.94514,25.25942],[78.95459,25.26135],[78.94868,25.27418],[78.95551,25.28276],[78.97992,25.27905],[78.95743,25.30224],[78.96061,25.34508],[78.92793,25.32413],[78.93221,25.33594],[78.92254,25.3429],[78.91184,25.33256],[78.882,25.34363],[78.88125,25.32492],[78.86757,25.32554],[78.86271,25.31446],[78.87442,25.30866],[78.87988,25.28575],[78.8666,25.28039],[78.84965,25.22878],[78.8428,25.22769],[78.83274,25.25252],[78.80946,25.27053],[78.81845,25.29895],[78.82856,25.30273],[78.81715,25.30668],[78.79881,25.28917],[78.78778,25.296],[78.79337,25.30996],[78.8193,25.30694],[78.84261,25.33655],[78.84616,25.32698],[78.84574,25.35555],[78.88024,25.38589],[78.91376,25.38425],[78.91775,25.39621],[78.9531,25.40009],[78.95755,25.39368],[78.93829,25.37482],[78.91593,25.38144],[78.89642,25.37411],[78.90134,25.36161],[78.92325,25.35879],[78.93871,25.34698],[78.9592,25.37153],[78.97523,25.36607],[78.98933,25.37404],[78.96993,25.39011],[78.97634,25.41996],[78.96723,25.43436],[78.95088,25.44061],[78.93826,25.42225],[78.90887,25.44242],[78.92398,25.45949],[78.93613,25.46164],[78.9439,25.48293],[78.92693,25.49194],[78.94224,25.49213],[78.91995,25.51526],[78.9271,25.52483],[78.93642,25.51979],[78.94685,25.52946],[78.95179,25.54879],[78.93309,25.55534],[78.92336,25.53594],[78.91711,25.55229],[78.89524,25.55535],[78.88265,25.55396],[78.87429,25.54095],[78.88644,25.53243],[78.88438,25.51558],[78.84154,25.51254],[78.83496,25.50582],[78.84009,25.49331],[78.85565,25.48837],[78.86617,25.46567],[78.8607,25.445],[78.84415,25.42775],[78.82803,25.42819],[78.82072,25.43869],[78.85489,25.44765],[78.83518,25.45478],[78.84089,25.46154],[78.82061,25.46779],[78.80917,25.45346],[78.8183,25.47165],[78.79156,25.48342],[78.76789,25.46936],[78.74765,25.48432],[78.74493,25.49942],[78.73805,25.49483],[78.73213,25.45759],[78.75232,25.44678],[78.76236,25.4269],[78.77069,25.42281],[78.78514,25.43577],[78.80296,25.43714],[78.82142,25.42253],[78.77494,25.41987],[78.74826,25.40978],[78.74837,25.39161],[78.76798,25.40003],[78.75692,25.38544],[78.77371,25.37612],[78.76587,25.36916],[78.77463,25.35305],[78.72674,25.34342],[78.70947,25.35131],[78.71472,25.37299],[78.69977,25.38192],[78.6947,25.37375],[78.66012,25.38395],[78.66478,25.39327],[78.65853,25.40875],[78.66569,25.41535],[78.6745,25.3998],[78.71149,25.42808],[78.68912,25.44568],[78.6821,25.4335],[78.65818,25.44102],[78.64111,25.43333],[78.6448,25.41462],[78.63518,25.40067],[78.61059,25.41602],[78.59137,25.38587],[78.5665,25.39075],[78.56189,25.37836],[78.57779,25.38167],[78.58725,25.37263],[78.58498,25.34682],[78.56221,25.34091],[78.55238,25.35603],[78.53644,25.35954],[78.52962,25.35338],[78.54202,25.34501],[78.53986,25.32789],[78.55308,25.31968],[78.53492,25.31093],[78.53299,25.30094],[78.51038,25.29535],[78.50335,25.30154],[78.50434,25.32038],[78.49829,25.32007],[78.47294,25.2855],[78.45379,25.30126],[78.43503,25.28416],[78.45049,25.2621],[78.50344,25.28958],[78.51249,25.27666],[78.53174,25.28398],[78.53462,25.26813],[78.55693,25.266],[78.578,25.25329],[78.55575,25.20921],[78.5702,25.22387],[78.57054,25.20519],[78.60312,25.14686],[78.60217,25.09493],[78.62814,25.08619],[78.65262,25.05059],[78.64401,24.98429],[78.63173,24.95769],[78.65216,24.94797],[78.65186,24.93837],[78.66339,24.93844],[78.67656,24.89862],[78.77004,24.85901],[78.77593,24.83071],[78.78984,24.81097],[78.7704,24.78839],[78.78099,24.70607],[78.74393,24.65405],[78.75196,24.6424],[78.75203,24.60017],[78.78378,24.58855],[78.80322,24.60353],[78.8346,24.60455],[78.84329,24.62329],[78.85975,24.61764],[78.868,24.63999],[78.88322,24.64129],[78.9006,24.60722],[78.91256,24.60017],[78.92014,24.57481],[78.9532,24.5469],[78.94368,24.53451],[78.95138,24.51874],[78.94725,24.5024],[78.97152,24.49423],[78.96347,24.48353],[78.93775,24.47882],[78.92722,24.48206],[78.93714,24.49104],[78.92058,24.49971],[78.91421,24.45961],[78.93992,24.45344],[78.94743,24.43658],[78.98576,24.44168],[78.99365,24.42274],[78.96979,24.36911],[78.97145,24.3476],[78.94125,24.31528],[78.90964,24.29799],[78.91866,24.28297],[78.91674,24.26902],[78.88458,24.25046],[78.88802,24.22702],[78.88234,24.21745],[78.86042,24.20921],[78.84708,24.21386],[78.82649,24.1954],[78.81515,24.207],[78.8142,24.18484],[78.80637,24.17837],[78.78937,24.17708],[78.78548,24.18346],[78.7811,24.20601],[78.76737,24.22016],[78.7682,24.25185],[78.76193,24.25946],[78.74865,24.23304],[78.74042,24.23498],[78.73428,24.25246],[78.72557,24.23643],[78.70306,24.22692],[78.66863,24.24003],[78.6602,24.26744],[78.63853,24.28523],[78.6257,24.28064],[78.62002,24.29288],[78.62851,24.30384],[78.60365,24.31449],[78.5861,24.35371],[78.57319,24.35098],[78.52988,24.36809],[78.52983,24.3789],[78.51862,24.38781],[78.50202,24.39031],[78.49362,24.38137],[78.47439,24.35627],[78.47801,24.33898],[78.44389,24.31933],[78.43109,24.28402],[78.41861,24.28505],[78.41361,24.27265],[78.38839,24.26332],[78.37927,24.28297],[78.3479,24.29948],[78.34369,24.31729],[78.32908,24.32711],[78.36967,24.37492],[78.36579,24.38596],[78.3489,24.38742],[78.34075,24.40205],[78.26969,24.44692],[78.26416,24.45569],[78.27498,24.47391],[78.24589,24.48612],[78.24602,24.50952],[78.22582,24.5201],[78.22944,24.53752],[78.26447,24.55219],[78.27798,24.61474],[78.26267,24.64599],[78.2767,24.66298],[78.22614,24.7469],[78.23574,24.77173],[78.21668,24.80858],[78.1976,24.83977],[78.17327,24.84668],[78.16897,24.86261],[78.17347,24.87902],[78.21059,24.89479],[78.2238,24.9153],[78.29459,24.96305],[78.31864,24.99077],[78.33397,24.99491],[78.34737,25.02152],[78.33549,25.06655],[78.33863,25.08657],[78.38345,25.10171],[78.40682,25.12892],[78.43444,25.12013],[78.44819,25.1259],[78.4273,25.15398],[78.44785,25.1527],[78.45825,25.1646],[78.4234,25.1693],[78.41664,25.18352],[78.39528,25.1879],[78.39134,25.20118],[78.41095,25.21266],[78.38205,25.22258],[78.37854,25.23869],[78.3598,25.24218],[78.37251,25.2599],[78.35011,25.27732],[78.35458,25.29225],[78.31173,25.3033],[78.34379,25.32845],[78.32759,25.3526],[78.3008,25.35993],[78.30531,25.37675],[78.34053,25.39952],[78.3389,25.43102],[78.35454,25.45198],[78.37766,25.43681],[78.39496,25.4442],[78.40031,25.46355],[78.41648,25.47648],[78.4313,25.47363],[78.41679,25.50177],[78.42885,25.51154],[78.41906,25.51814],[78.41936,25.53284],[78.4436,25.5632],[78.4647,25.54551],[78.46686,25.55932],[78.49334,25.5787],[78.58774,25.5566],[78.59794,25.5705],[78.6117,25.56987],[78.61814,25.58366],[78.6308,25.57893],[78.6242,25.56738],[78.65828,25.55985],[78.67887,25.5853],[78.69508,25.58783],[78.71733,25.60533],[78.73178,25.60625],[78.74215,25.59699],[78.81176,25.62078],[78.81987,25.64857],[78.8167,25.67632],[78.79557,25.69672],[78.79991,25.70507],[78.76333,25.71993],[78.75292,25.75094],[78.77038,25.7489],[78.77411,25.75955],[78.78295,25.75816],[78.80831,25.80094],[78.82873,25.79558],[78.82801,25.81439],[78.81974,25.81596],[78.81413,25.80711],[78.80554,25.81356],[78.81817,25.82915],[78.84368,25.82337],[78.85057,25.81122],[78.85236,25.85654],[78.86456,25.87161],[78.87651,25.87592],[78.88731,25.8686],[78.89009,25.87447],[78.88697,25.88324],[78.89504,25.89508],[78.88464,25.91394],[78.89859,25.91795],[78.92672,25.94682],[78.93896,25.9427],[78.9305,25.95894],[78.93761,25.96454],[78.93318,25.97934],[78.94354,25.97888],[78.95682,25.99655],[78.94453,26.00628],[78.95354,26.01522],[78.9483,26.02776],[78.98618,26.05368],[78.99072,26.06883],[79.00275,26.06665],[79.01206,26.08319],[79.00866,26.09321],[78.99362,26.09372],[78.97563,26.10521],[78.97686,26.11604],[78.94891,26.12869],[78.96294,26.13654],[78.96699,26.15015],[79.00489,26.14806],[79.00447,26.16922],[78.98303,26.18432],[78.9937,26.1969],[79.02654,26.19133],[79.02009,26.19823],[79.02784,26.20333],[79.02582,26.2201],[78.99659,26.22805],[78.99173,26.23897],[79.01944,26.24762],[79.03494,26.22533],[79.06344,26.22591],[79.06969,26.2457],[79.04565,26.26034],[79.05566,26.2589],[79.06469,26.2771],[79.07701,26.28066],[79.09065,26.27006],[79.09652,26.27852],[79.0899,26.28776],[79.10193,26.30685],[79.11742,26.29894],[79.1249,26.31163],[79.11553,26.32051],[79.13497,26.32477],[79.13263,26.33535],[79.13883,26.33755],[79.08907,26.35466],[79.08425,26.36236],[79.09638,26.37236],[79.089,26.39648],[79.09521,26.41264],[79.10469,26.40638],[79.12598,26.41126],[79.12432,26.42262],[79.13518,26.44014],[79.09972,26.4526],[79.09518,26.44236],[79.06992,26.44188],[79.06205,26.45376],[79.05261,26.45374],[79.07169,26.47888],[79.06813,26.49663],[79.05632,26.49509],[79.04493,26.51031],[79.04862,26.51801],[79.03966,26.51512],[79.0398,26.52987],[79.02659,26.53572],[79.02834,26.5467],[79.00774,26.54388],[79.0144,26.55068],[79.00724,26.56547],[79.0002,26.57842],[78.98985,26.579],[78.98913,26.59562],[79.01654,26.60066],[78.99363,26.64104],[79.00733,26.6714],[78.97986,26.67584],[78.94549,26.65483],[78.94263,26.66414],[78.9575,26.68284],[78.95557,26.69178],[78.90967,26.70702],[78.89321,26.69747],[78.87174,26.69812],[78.81586,26.76236],[78.7719,26.7701],[78.75165,26.7869],[78.72997,26.77509],[78.72654,26.79551],[78.68246,26.78766],[78.67288,26.7645],[78.62998,26.77323],[78.60828,26.74971],[78.57624,26.7488],[78.56462,26.76163],[78.5445,26.76389],[78.52102,26.78058],[78.46067,26.78764],[78.43354,26.82574],[78.39523,26.8171],[78.37426,26.86086],[78.36146,26.86906],[78.28351,26.85446],[78.27329,26.842],[78.26815,26.81283],[78.22295,26.83063],[78.20225,26.82174],[78.17297,26.82469],[78.16762,26.81431],[78.18681,26.79508],[78.18364,26.78382],[78.1551,26.78407],[78.11648,26.79663],[78.10147,26.77972],[78.10273,26.76396],[78.12353,26.74699],[78.09593,26.7278],[78.09574,26.68123],[78.08973,26.67447],[78.07437,26.67055],[78.05529,26.68388],[78.00061,26.69493],[77.9832,26.67363],[77.95357,26.65922],[77.9036,26.65897],[77.89457,26.61518],[77.8472,26.61187],[77.82732,26.59603],[77.83577,26.57714],[77.82364,26.55045],[77.78344,26.55209],[77.74475,26.53823],[77.72626,26.50209],[77.67554,26.50302],[77.63332,26.47868],[77.61348,26.45272],[77.55872,26.43526],[77.53836,26.41134],[77.43761,26.40341],[77.43527,26.39337],[77.44854,26.36777],[77.44435,26.36158],[77.3904,26.35651],[77.37417,26.36575],[77.3425,26.35221],[77.3209,26.33342],[77.31089,26.30446],[77.2702,26.26707],[77.20385,26.23004],[77.17539,26.23906],[77.16679,26.23255],[77.1351,26.23336],[77.11631,26.22031],[77.09837,26.18428],[77.03143,26.17248],[77.00644,26.15117],[76.99899,26.13006],[76.97767,26.12501],[76.94813,26.10284],[76.90115,26.09317],[76.88534,26.04796],[76.86686,26.03295],[76.83996,26.02608],[76.80712,25.98995],[76.80219,25.97598],[76.80822,25.96673],[76.79097,25.94313],[76.74872,25.94092],[76.75811,25.92254],[76.71572,25.90069],[76.67249,25.91004],[76.64189,25.90794],[76.63177,25.89995],[76.62145,25.86925],[76.59142,25.87548],[76.58225,25.87021],[76.52071,25.7925],[76.51538,25.77587],[76.52218,25.72834],[76.50051,25.72807],[76.47311,25.70919],[76.47916,25.68445],[76.50411,25.67085],[76.4969,25.64265],[76.51088,25.62833],[76.51378,25.60278],[76.50556,25.57956],[76.52005,25.54733],[76.51636,25.52757],[76.55541,25.48301],[76.55583,25.45256],[76.58763,25.4318],[76.5985,25.39231],[76.62342,25.37674],[76.6402,25.38351],[76.66949,25.34908],[76.70046,25.35152],[76.72932,25.32854],[76.7777,25.31547],[76.85722,25.33271],[76.89909,25.32419],[76.92947,25.30292],[76.92329,25.2854],[76.94306,25.28215],[76.95779,25.28433],[76.95984,25.29672],[76.97363,25.30033],[77.03144,25.29454],[77.04567,25.31936],[77.07002,25.31875],[77.08352,25.33671],[77.12515,25.33055],[77.16483,25.30828],[77.20918,25.30616],[77.20558,25.32651],[77.21737,25.32956],[77.21501,25.31977],[77.22321,25.31876],[77.23441,25.33365],[77.22432,25.33536],[77.23423,25.3789],[77.24874,25.38068],[77.29124,25.42272],[77.31415,25.43139],[77.34917,25.41621],[77.36026,25.41916],[77.37092,25.40837],[77.35093,25.38526],[77.35152,25.37013],[77.36669,25.3606],[77.34216,25.32174],[77.36743,25.32858],[77.37634,25.31815],[77.38102,25.29245],[77.37405,25.27449],[77.36274,25.27892],[77.35429,25.27337],[77.35521,25.26351],[77.36633,25.26002],[77.37097,25.24593],[77.38227,25.24563],[77.3942,25.22981],[77.4115,25.22392],[77.42654,25.18796],[77.40027,25.18388],[77.39325,25.15955],[77.39066,25.12309],[77.40658,25.11169],[77.39308,25.11939],[77.35761,25.09366],[77.3409,25.0957],[77.3112,25.07972],[77.29826,25.08643],[77.28874,25.10636],[77.26951,25.11601],[77.23868,25.10685],[77.17458,25.11171],[77.16692,25.08487],[77.1498,25.08656],[77.14798,25.09529],[77.12276,25.06688],[77.09554,25.06551],[77.08531,25.05509],[77.00026,25.07484],[76.9748,25.06638],[76.96789,25.05077],[76.96186,25.05628],[76.94548,25.04674],[76.87616,25.04152],[76.87534,25.0073],[76.85687,25.00245],[76.86787,24.9835],[76.86193,24.96135],[76.88954,24.93381],[76.8902,24.91937],[76.92013,24.91656],[76.91245,24.88822],[76.94963,24.86936],[76.92956,24.84824],[76.89774,24.83858],[76.82438,24.83619],[76.79997,24.82467],[76.80262,24.80927],[76.84637,24.76997],[76.85613,24.74246],[76.89058,24.74687],[76.9069,24.73146],[76.95439,24.75948],[76.96354,24.75651],[76.97413,24.73608],[76.99642,24.73213],[76.99885,24.71783],[77.03067,24.7122],[77.06511,24.64382],[77.07133,24.57243],[77.05475,24.52643],[77.0369,24.52806],[77.02898,24.49605],[77.01163,24.49217],[77.00885,24.47687],[76.98347,24.47278],[76.97783,24.46123],[76.95095,24.46176],[76.91845,24.48069],[76.91761,24.54338],[76.90171,24.54584],[76.88414,24.52151],[76.87274,24.52773],[76.87672,24.53902],[76.86295,24.54958],[76.8164,24.53361],[76.8354,24.48889],[76.84647,24.48636],[76.85325,24.46694],[76.85182,24.45027],[76.8409,24.44246],[76.85043,24.42338],[76.83752,24.40852],[76.85179,24.3707],[76.83241,24.35808],[76.8415,24.32251],[76.85656,24.30444],[76.86305,24.27311],[76.88889,24.24476],[76.91229,24.23793],[76.9228,24.22532],[76.92244,24.21157],[76.94714,24.20101],[76.9355,24.18386],[76.91611,24.1877],[76.90076,24.12721],[76.85464,24.1357],[76.83335,24.12217],[76.80198,24.11654],[76.75635,24.16908],[76.72619,24.16853],[76.71928,24.15889],[76.69885,24.16838],[76.67598,24.19089],[76.69012,24.23004],[76.70221,24.2414],[76.69544,24.28428],[76.66652,24.26237],[76.64343,24.26934],[76.63365,24.2577],[76.61644,24.25782],[76.6112,24.23832],[76.58477,24.24374],[76.59498,24.22282],[76.57037,24.20917],[76.56413,24.19117],[76.57679,24.17779],[76.52764,24.15701],[76.51349,24.16553],[76.50483,24.2031],[76.48058,24.20792],[76.47055,24.22595],[76.45212,24.2091],[76.41637,24.22068],[76.42079,24.20852],[76.41258,24.20025],[76.40185,24.21545],[76.35757,24.23972],[76.32175,24.24541],[76.28734,24.22992],[76.28121,24.20679],[76.23994,24.21884],[76.21246,24.2098],[76.2032,24.22054],[76.20214,24.26879],[76.19459,24.27315],[76.20472,24.30086],[76.18542,24.32931],[76.17421,24.30735],[76.16467,24.30698],[76.16251,24.2847],[76.14329,24.28301],[76.13666,24.27088],[76.14828,24.23157],[76.11744,24.19414],[76.11366,24.16377],[76.12443,24.15914],[76.12236,24.13778],[76.13104,24.11674],[76.12049,24.10816],[76.12708,24.08802],[76.10052,24.08698],[76.07598,24.07087],[76.07278,24.07662],[76.0421,24.06592],[76.00704,24.02322],[75.97829,24.02647],[75.96345,24.01866],[75.96729,23.99123],[75.9849,23.97369],[75.98738,23.94093],[75.98136,23.92892],[75.95531,23.92079],[75.93751,23.89664],[75.89494,23.88934],[75.8862,23.87899],[75.87063,23.89037],[75.8532,23.88755],[75.8408,23.87457],[75.83289,23.87995],[75.81807,23.86805],[75.79382,23.86703],[75.78209,23.8488],[75.76561,23.85061],[75.76464,23.87528],[75.75277,23.88725],[75.74006,23.88944],[75.7353,23.8985],[75.71577,23.89342],[75.70603,23.89927],[75.7017,23.87282],[75.71098,23.86245],[75.73521,23.86217],[75.73657,23.85649],[75.71925,23.84124],[75.72652,23.8205],[75.72164,23.81186],[75.69016,23.8134],[75.70183,23.78641],[75.68693,23.75534],[75.67547,23.78191],[75.65977,23.7842],[75.65443,23.79831],[75.58354,23.79473],[75.58914,23.8096],[75.56636,23.80951],[75.5592,23.81855],[75.5616,23.8322],[75.57477,23.82853],[75.5795,23.83485],[75.56614,23.84406],[75.56434,23.85643],[75.52291,23.8841],[75.50509,23.88776],[75.49151,23.90693],[75.46225,23.91449],[75.46017,23.93231],[75.4739,23.98196],[75.52109,24.02459],[75.53942,24.00895],[75.56742,24.00672],[75.5757,23.99414],[75.59572,23.99002],[75.63992,23.99797],[75.67085,24.01805],[75.68772,24.00533],[75.68699,23.98872],[75.69878,23.98805],[75.70177,23.96653],[75.71752,23.96686],[75.74128,23.97696],[75.7423,23.99267],[75.76548,23.99274],[75.76264,24.00994],[75.77346,24.00762],[75.78307,24.02176],[75.78292,24.04334],[75.83681,24.05698],[75.83495,24.09172],[75.81664,24.08545],[75.8056,24.09955],[75.79294,24.09184],[75.78263,24.1159],[75.77035,24.1154],[75.75102,24.14343],[75.76387,24.17445],[75.77401,24.18074],[75.77646,24.20834],[75.79262,24.21002],[75.80762,24.21787],[75.80942,24.22945],[75.83026,24.23342],[75.81443,24.24431],[75.81922,24.25692],[75.81155,24.25774],[75.81171,24.2751],[75.81843,24.28064],[75.81081,24.29584],[75.80189,24.30243],[75.76644,24.29808],[75.75599,24.32112],[75.73986,24.3321],[75.74006,24.37691],[75.73789,24.38229],[75.7295,24.3777],[75.72777,24.39047],[75.73148,24.39867],[75.7553,24.40648],[75.75589,24.42061],[75.74757,24.42422],[75.78606,24.45321],[75.78939,24.47155],[75.8138,24.4618],[75.80978,24.43394],[75.83879,24.41413],[75.87529,24.42646],[75.90919,24.45503],[75.91162,24.49183],[75.90314,24.50442],[75.88806,24.50769],[75.89071,24.51857],[75.90795,24.51264],[75.92063,24.52143],[75.92334,24.53513],[75.90387,24.54842],[75.91475,24.5723],[75.8786,24.58337],[75.87154,24.60648],[75.84924,24.61083],[75.83546,24.5949],[75.83674,24.6061],[75.82516,24.61299],[75.84497,24.62699],[75.84133,24.63802],[75.84908,24.64743],[75.84824,24.66318],[75.82518,24.66754],[75.83628,24.72779],[75.80216,24.75642],[75.75683,24.76151],[75.68325,24.72415],[75.64603,24.68513],[75.61084,24.68098],[75.5831,24.71325],[75.54962,24.70297],[75.53389,24.71227],[75.48992,24.687],[75.45544,24.68065],[75.26474,24.71752],[75.22838,24.71756],[75.21944,24.7025],[75.19755,24.74326],[75.18443,24.74845],[75.19282,24.77374],[75.20171,24.77128],[75.21563,24.80247],[75.24424,24.80464],[75.25236,24.81304],[75.24909,24.83001],[75.22528,24.83413],[75.22424,24.84396],[75.2784,24.84002],[75.29057,24.83336],[75.29783,24.80705],[75.31105,24.80093],[75.32868,24.81897],[75.40491,24.84564],[75.42566,24.86877],[75.42035,24.88623],[75.37363,24.86769],[75.32663,24.87482],[75.30925,24.85595],[75.26343,24.8748],[75.26698,24.89901],[75.29428,24.90891],[75.28793,24.9235],[75.27733,24.92491],[75.27947,24.93451],[75.26662,24.95075],[75.25783,24.9532],[75.26105,24.9634],[75.28519,24.96568],[75.28187,24.95303],[75.30501,24.92844],[75.31273,24.88508],[75.31844,24.8941],[75.33706,24.95532],[75.31407,24.97903],[75.31188,24.99567],[75.32112,25.01054],[75.35137,25.01954],[75.34454,25.02952],[75.34995,25.03354],[75.33433,25.04106],[75.26757,25.04253],[75.22591,25.03358],[75.20568,25.03893],[75.19823,25.03303],[75.16581,25.04756],[75.15227,25.02068],[75.16175,25.01815],[75.1665,25.00285],[75.13219,24.98356],[75.14148,24.9783],[75.12958,24.96922],[75.11355,24.96675],[75.11682,24.87786],[75.08744,24.87082],[75.08843,24.87882],[75.07653,24.88063],[75.06575,24.86815],[75.0553,24.87184],[75.05992,24.86355],[75.05184,24.85316],[75.03404,24.84459],[75.00867,24.85644],[74.95853,24.85808],[74.94818,24.8645],[74.95317,24.88051],[74.93248,24.88117],[74.93197,24.87533],[74.9166,24.88597],[74.91059,24.89394],[74.9164,24.90707],[74.90281,24.9299],[74.88117,24.93724],[74.8698,24.92486],[74.85917,24.96268],[74.8431,24.96895],[74.83364,24.95961],[74.82578,24.90071],[74.8314,24.88624],[74.84067,24.88518],[74.85914,24.8384],[74.86103,24.80453],[74.83804,24.7973],[74.84932,24.77592],[74.86098,24.77899],[74.8609,24.79854],[74.87984,24.79731],[74.88011,24.79012],[74.90699,24.78156],[74.91455,24.769],[74.93515,24.77834],[74.98152,24.7636],[75.00096,24.77464],[75.01629,24.73193],[74.99235,24.73168],[74.99229,24.69336],[75.00163,24.68631],[74.96007,24.6787],[74.96137,24.65644],[74.95777,24.66149],[74.95089,24.64747],[74.94216,24.6474],[74.94326,24.63778],[74.90519,24.64108],[74.90169,24.63284],[74.8944,24.64426],[74.88884,24.63363],[74.87293,24.64652],[74.86009,24.68324],[74.85278,24.68516],[74.85164,24.67873],[74.85456,24.68862],[74.83622,24.70641],[74.80902,24.78072],[74.7999,24.77914],[74.8041,24.7352],[74.77942,24.73138],[74.78723,24.70373],[74.77176,24.66145],[74.78359,24.65747],[74.79032,24.66503],[74.81424,24.66592],[74.81364,24.64954],[74.77957,24.61533],[74.78652,24.58581],[74.74351,24.5714],[74.75577,24.53458],[74.74422,24.53225],[74.74467,24.51341],[74.71666,24.50669],[74.70872,24.48642],[74.72746,24.48876],[74.74444,24.46853],[74.7767,24.4603],[74.7869,24.47215],[74.81511,24.46864],[74.82206,24.45312],[74.81375,24.43668],[74.85423,24.4445],[74.85517,24.42426],[74.82519,24.39995],[74.82145,24.37945],[74.80725,24.38076],[74.80188,24.3587],[74.78091,24.3385],[74.78131,24.2891],[74.7471,24.2534],[74.75432,24.2421],[74.77482,24.23864],[74.81128,24.24421],[74.85032,24.23645],[74.8678,24.24305],[74.89685,24.22712],[74.89798,24.21423],[74.91017,24.2101],[74.87954,24.17365],[74.89597,24.1577],[74.90109,24.12575],[74.90807,24.12105],[74.90335,24.10919],[74.91801,24.09779],[74.92072,24.07763],[74.94042,24.06981],[74.93931,24.05382],[74.96018,24.04595],[74.96031,24.03925],[74.97391,24.0398],[74.98244,24.0257],[74.96536,24.00668],[74.95891,23.97196],[74.93111,23.9575],[74.92805,23.93922],[74.91607,23.93092],[74.92076,23.91935],[74.9025,23.87316],[74.90367,23.85267],[74.91378,23.84245],[74.90371,23.79424],[74.92431,23.79656],[74.94039,23.76467],[74.92428,23.7563],[74.93628,23.72959],[74.9202,23.71936],[74.92156,23.69481],[74.89968,23.68224],[74.9218,23.66642],[74.93652,23.62855],[74.9149,23.6181],[74.90272,23.62466],[74.87005,23.59181],[74.87336,23.57703],[74.85343,23.57065],[74.84732,23.55207],[74.82928,23.55067],[74.80295,23.53247],[74.7941,23.55091],[74.77288,23.54401],[74.76174,23.52123],[74.73339,23.52167],[74.73605,23.511],[74.72723,23.49538],[74.71842,23.50378],[74.7009,23.50423],[74.68026,23.49492],[74.67873,23.48343],[74.66593,23.48279],[74.65193,23.46244],[74.63311,23.46979],[74.63233,23.46164],[74.60406,23.45746],[74.6101,23.45179],[74.5992,23.42884],[74.57239,23.42061],[74.56886,23.37625],[74.55762,23.36183],[74.53982,23.36189],[74.53971,23.33476],[74.51416,23.32824],[74.51497,23.31575],[74.5299,23.32068],[74.52786,23.31081],[74.54667,23.27704],[74.5744,23.29514],[74.58514,23.27691],[74.60936,23.28233],[74.62491,23.27376],[74.62695,23.25875],[74.63887,23.25542],[74.67678,23.27387],[74.69976,23.26838],[74.69838,23.2574],[74.713,23.25043],[74.71511,23.23673],[74.69142,23.22565],[74.69184,23.21918],[74.72643,23.215],[74.74712,23.2267],[74.74154,23.20836],[74.71497,23.19071],[74.67142,23.20006],[74.60663,23.14265],[74.53941,23.12931],[74.54481,23.10902],[74.51063,23.09466],[74.50577,23.08512],[74.46414,23.08174],[74.44095,23.09072],[74.43225,23.10497],[74.38614,23.11147],[74.34154,23.06786],[74.31889,23.05875],[74.32214,23.041],[74.34455,23.02876],[74.36555,22.97591],[74.33938,22.96465],[74.33952,22.95283],[74.39324,22.89678],[74.41364,22.90624],[74.41055,22.91201],[74.41836,22.9173],[74.43327,22.91812],[74.43374,22.91249],[74.44694,22.92126],[74.46058,22.90794],[74.47657,22.85546],[74.46476,22.81637],[74.43376,22.80798],[74.43521,22.78227],[74.40179,22.73152],[74.37907,22.63457],[74.3293,22.64205],[74.31543,22.63393],[74.26367,22.64402],[74.25328,22.63419],[74.25335,22.62144],[74.23134,22.61176],[74.21015,22.56452],[74.18338,22.5667],[74.18941,22.55356],[74.17081,22.54733],[74.1504,22.52889],[74.15116,22.52135],[74.13313,22.52018],[74.11188,22.5396],[74.1014,22.53423],[74.07467,22.55133],[74.05681,22.55005],[74.04117,22.54172],[74.03884,22.51558],[74.0297,22.50766],[74.0409,22.48653],[74.05326,22.50859],[74.08289,22.50656],[74.08784,22.48254],[74.08639,22.47708],[74.07662,22.48362],[74.07566,22.46412],[74.08537,22.47017],[74.10439,22.46462],[74.09861,22.4421],[74.11945,22.4188],[74.12545,22.41724],[74.1341,22.44591],[74.14942,22.45563],[74.16048,22.43114],[74.18407,22.4415],[74.17977,22.46256],[74.19064,22.47586],[74.20295,22.46774],[74.20166,22.43444],[74.21341,22.43144],[74.21525,22.44133],[74.24401,22.43384],[74.23775,22.42201],[74.24764,22.41474],[74.25576,22.42892],[74.2704,22.41304],[74.26749,22.40548],[74.29106,22.39388],[74.2567,22.39949],[74.24334,22.37594],[74.22374,22.37988],[74.22418,22.35644],[74.20374,22.36647],[74.20266,22.34857],[74.19216,22.34652],[74.19019,22.32018],[74.12806,22.33299],[74.12553,22.35619],[74.11406,22.35722],[74.10542,22.37169],[74.06492,22.35446],[74.072,22.3368],[74.05242,22.29402],[74.05883,22.27454],[74.07451,22.26557],[74.07505,22.24748],[74.08722,22.24279],[74.06934,22.23262],[74.07221,22.21908],[74.10625,22.22024],[74.12249,22.21237],[74.1214,22.16752],[74.13403,22.16051],[74.12282,22.13561],[74.12899,22.12085],[74.12452,22.09778],[74.1526,22.10594],[74.16923,22.10058],[74.17863,22.08549],[74.16454,22.0829],[74.16003,22.0589],[74.13141,22.04801],[74.14015,22.04056],[74.0948,22.01894],[74.09805,21.99824],[74.148,21.98842],[74.14993,21.9751],[74.14039,21.9726],[74.14421,21.95306],[74.16379,21.94698],[74.17886,21.93126],[74.20525,21.92595],[74.28559,21.93536],[74.30071,21.96698],[74.34447,21.97512],[74.37562,22.00044],[74.38416,22.01744],[74.39808,22.02283],[74.38665,22.03381],[74.40181,22.02322],[74.43172,22.03022],[74.44354,22.02322],[74.43878,22.02085],[74.45222,22.00466],[74.43237,21.99941],[74.4415,21.99004],[74.43943,21.97673],[74.45342,21.96194],[74.46976,21.9671],[74.46914,21.95964],[74.48877,21.95617],[74.48471,21.94582],[74.50851,21.93736],[74.50935,21.92066],[74.52417,21.91119],[74.51376,21.88999],[74.51013,21.82923],[74.49825,21.79003],[74.51416,21.76562],[74.50542,21.72615],[74.513,21.71851],[74.54726,21.71949],[74.5576,21.70421],[74.55419,21.6813],[74.58061,21.68319],[74.58211,21.66486],[74.66418,21.6523],[74.68746,21.63154],[74.78296,21.61063],[74.82894,21.60974],[74.83121,21.61814],[74.86286,21.6344],[74.86547,21.62851],[74.90178,21.62919],[74.91043,21.61452],[74.97931,21.59519],[75.02004,21.5686],[75.05166,21.5665],[75.08989,21.51535],[75.08867,21.50073],[75.1077,21.46224],[75.12992,21.44711],[75.18003,21.4305],[75.21708,21.40856],[75.23335,21.41481],[75.25488,21.40184],[75.29537,21.41352],[75.30114,21.40989],[75.29964,21.38456],[75.3075,21.39236],[75.35161,21.39057],[75.3572,21.40082],[75.38243,21.37928],[75.42587,21.39071],[75.44013,21.3842],[75.44932,21.39015],[75.51205,21.38205],[75.52009,21.38697],[75.54376,21.36848],[75.55588,21.37877],[75.55721,21.37317],[75.57899,21.37644],[75.57147,21.38169],[75.60698,21.3918],[75.62306,21.37498],[75.67013,21.37453],[75.70328,21.38803],[75.72851,21.38864],[75.75517,21.37934],[75.80312,21.38449],[75.83319,21.37662],[75.84142,21.38447],[75.86245,21.37996],[75.87029,21.39112],[75.89026,21.39452],[75.91054,21.38243],[75.96295,21.38961],[75.98656,21.36874],[76.02931,21.36485],[76.04779,21.34896],[76.09562,21.37112],[76.12034,21.32283],[76.12842,21.28659],[76.14278,21.28565],[76.14638,21.26818],[76.15918,21.25533],[76.14042,21.24095],[76.14089,21.22758],[76.16526,21.22117],[76.15828,21.21329],[76.17189,21.20494],[76.16525,21.19034],[76.17637,21.18395],[76.1717,21.16648],[76.13262,21.16939],[76.12873,21.17567],[76.11047,21.16675],[76.11227,21.1553],[76.13542,21.12069],[76.16984,21.10361],[76.16662,21.07895],[76.25899,21.09046],[76.27189,21.08875],[76.27901,21.06991],[76.3762,21.07304],[76.38951,21.08567],[76.41244,21.08833],[76.41028,21.10215],[76.43726,21.10013],[76.45565,21.10762],[76.45123,21.1203],[76.45755,21.1331],[76.47382,21.1368],[76.46597,21.14248],[76.47817,21.14722],[76.48012,21.18201],[76.49239,21.19355],[76.5298,21.18178],[76.56687,21.19926],[76.61356,21.19309],[76.62319,21.18492],[76.63694,21.2026],[76.64157,21.23704],[76.64943,21.24459],[76.66141,21.24062],[76.66268,21.27589],[76.6215,21.33223],[76.74021,21.41126],[76.74428,21.43979],[76.7858,21.46502],[76.79555,21.48941],[76.76334,21.52076],[76.78925,21.53638],[76.78133,21.56471],[76.79519,21.59391],[76.83285,21.58897],[76.85445,21.61333],[76.90193,21.59686],[76.92883,21.6243],[77.07325,21.71943],[77.08656,21.7144],[77.1296,21.72221],[77.16515,21.71071],[77.17606,21.72573],[77.19148,21.72072],[77.18816,21.70168],[77.2104,21.68964],[77.22767,21.69941],[77.22694,21.71676],[77.25995,21.71398],[77.27156,21.72807],[77.2869,21.72184],[77.29108,21.73276],[77.27964,21.7541],[77.28979,21.76024],[77.32434,21.75264],[77.34559,21.75768],[77.4042,21.7524],[77.47912,21.76997],[77.47949,21.75412],[77.5026,21.74583],[77.52549,21.72435],[77.52606,21.71152],[77.54381,21.70384],[77.57556,21.62077],[77.57697,21.5549],[77.59536,21.5594],[77.61177,21.53854],[77.59504,21.52662],[77.57512,21.52641],[77.50297,21.5523],[77.45461,21.55374],[77.44972,21.54137],[77.42561,21.53778],[77.42237,21.51694],[77.44323,21.48716],[77.44173,21.47142],[77.47343,21.45455],[77.47168,21.43594],[77.48757,21.40635],[77.48864,21.37417],[77.51442,21.37593],[77.53206,21.41907],[77.56188,21.39595],[77.55645,21.38376],[77.56348,21.36907],[77.58736,21.36267],[77.60772,21.36464],[77.60562,21.39079],[77.65365,21.39119],[77.66635,21.38407],[77.66956,21.36882],[77.69183,21.39753],[77.70989,21.35733],[77.73705,21.36218],[77.75006,21.38281],[77.79664,21.38895],[77.80118,21.40952],[77.88387,21.38415],[77.88314,21.37594],[77.9411,21.3857],[77.9425,21.39655],[77.98467,21.40315],[78.0298,21.42142],[78.17634,21.49913],[78.17457,21.50742],[78.18274,21.51119],[78.17134,21.52496],[78.18198,21.55663],[78.22341,21.55255],[78.27402,21.56872],[78.26028,21.57907],[78.2665,21.59172],[78.30299,21.58373],[78.30646,21.56936],[78.34296,21.58862],[78.35565,21.57296],[78.36329,21.57486],[78.38185,21.59169],[78.37266,21.61343],[78.38744,21.61483],[78.42745,21.59895],[78.41933,21.57964],[78.42816,21.55925],[78.42449,21.54426],[78.43488,21.53391],[78.43003,21.52749],[78.43868,21.51766],[78.43227,21.51426],[78.43601,21.50064],[78.45138,21.49653],[78.48702,21.50547],[78.51184,21.52851],[78.57016,21.51425],[78.56799,21.50567],[78.58543,21.48672],[78.60869,21.48889],[78.62836,21.4755],[78.6433,21.48541],[78.66696,21.47699],[78.68838,21.48192],[78.72817,21.46218],[78.74572,21.47022],[78.75086,21.49298],[78.76689,21.48903],[78.77619,21.46444],[78.78022,21.47874],[78.80027,21.49015],[78.8411,21.4869],[78.86808,21.49399],[78.89087,21.48518],[78.89927,21.50045],[78.93671,21.48572],[78.94419,21.51581],[78.92723,21.52217],[78.92963,21.54029],[78.90658,21.55323],[78.93165,21.56173],[78.91375,21.57094],[78.91413,21.58896],[78.94328,21.59193],[78.97532,21.61762],[78.99842,21.61902],[79.01227,21.5994],[79.07648,21.60539],[79.09364,21.598],[79.10691,21.60482],[79.10024,21.6174],[79.11203,21.62383],[79.13016,21.62574],[79.13817,21.63443],[79.14219,21.62988],[79.15145,21.64026],[79.16835,21.63716],[79.15389,21.64638],[79.15953,21.65184],[79.15502,21.66002],[79.22391,21.64863],[79.23108,21.67017],[79.22171,21.67686],[79.22075,21.6927],[79.23728,21.71323],[79.2312,21.72228],[79.26808,21.71541],[79.2906,21.69254],[79.35424,21.68462],[79.35233,21.67784],[79.39245,21.6739],[79.42221,21.69182],[79.43523,21.68261],[79.46071,21.68733],[79.49618,21.674],[79.50417,21.64077],[79.51703,21.62532],[79.50367,21.61477],[79.51204,21.58397],[79.54252,21.56823],[79.54062,21.54268],[79.56583,21.54764],[79.58139,21.5413],[79.61852,21.55726],[79.65197,21.55575],[79.66095,21.5769],[79.68956,21.58096],[79.69908,21.5929],[79.71817,21.59306],[79.73764,21.60386],[79.79208,21.58659],[79.83121,21.54675],[79.89122,21.51803],[79.91845,21.5244],[79.92217,21.54167],[79.93589,21.55613],[79.97149,21.55772],[79.9985,21.53344],[80.03289,21.55613],[80.06672,21.55412],[80.10112,21.58985],[80.11612,21.59318],[80.11971,21.60989],[80.15463,21.60648],[80.19278,21.63546],[80.20991,21.63477],[80.22156,21.6209],[80.25328,21.62478],[80.2703,21.61586],[80.28083,21.59627],[80.29448,21.59283],[80.29839,21.57545],[80.3279,21.57127],[80.33933,21.55483],[80.33112,21.54754],[80.3765,21.52328],[80.38406,21.49002],[80.40914,21.4673],[80.42223,21.44047],[80.39611,21.40802],[80.4123,21.37663],[80.44864,21.37206],[80.45756,21.40269],[80.47647,21.39491],[80.48109,21.40095],[80.4842,21.39534],[80.50097,21.39851],[80.50844,21.39072],[80.52765,21.39477],[80.54319,21.37061],[80.57019,21.35753],[80.56673,21.34555],[80.5895,21.34362],[80.58938,21.33352],[80.59989,21.32681],[80.62137,21.32027],[80.66004,21.33411]],[[79.39526,25.03209],[79.36904,25.05432],[79.36418,25.04098],[79.35611,25.04047],[79.35843,25.05878],[79.3492,25.0625],[79.35113,25.06888],[79.36534,25.05903],[79.37981,25.06479],[79.37466,25.06773],[79.37957,25.08561],[79.37251,25.09199],[79.37969,25.10122],[79.35058,25.11699],[79.3603,25.14426],[79.3742,25.14261],[79.36382,25.12565],[79.38089,25.12244],[79.38719,25.0857],[79.40503,25.07853],[79.40739,25.06478],[79.42591,25.05859],[79.42204,25.04158],[79.39526,25.03209]],[[79.36253,25.17113],[79.35447,25.17589],[79.35952,25.18856],[79.37256,25.18002],[79.36253,25.17113]]]}},{"type":"Feature","properties":{"shapeName":"Goa","shapeISO":"IN-GA","shapeType":"ADM1"},"geometry":{"type":"Polygon","coordinates":[[[73.67538,15.72702],[73.69025,15.72212],[73.72296,15.6308],[73.73755,15.61706],[73.73194,15.59057],[73.75504,15.54643],[73.76623,15.49466],[73.7758,15.49063],[73.79159,15.50049],[73.8147,15.49166],[73.80266,15.46162],[73.78791,15.4625],[73.80315,15.45035],[73.81271,15.45602],[73.8408,15.44809],[73.84935,15.45235],[73.8626,15.42934],[73.88059,15.43506],[73.89715,15.41861],[73.90761,15.41787],[73.93538,15.43716],[73.9257,15.41617],[73.93985,15.40864],[73.90316,15.40349],[73.8922,15.40869],[73.87487,15.39646],[73.86621,15.40227],[73.84657,15.39817],[73.84033,15.41052],[73.82604,15.40305],[73.8172,15.41055],[73.80551,15.39922],[73.79488,15.41439],[73.783,15.41151],[73.79147,15.39435],[73.80601,15.39387],[73.80824,15.37711],[73.8333,15.37033],[73.84175,15.36031],[73.87441,15.36997],[73.89489,15.33179],[73.9496,15.14484],[73.93597,15.13391],[73.94095,15.12061],[73.93537,15.11214],[73.91798,15.1081],[73.92694,15.09694],[73.91227,15.08523],[73.92553,15.08655],[73.96703,15.06592],[73.97146,15.05264],[73.98194,15.0549],[73.98895,15.02042],[74.02132,15.01153],[74.03489,14.99721],[74.04985,14.95918],[74.04403,14.91752],[74.06667,14.90728],[74.08097,14.91055],[74.08569,14.90064],[74.12406,14.92499],[74.16195,14.91181],[74.16597,14.91863],[74.15422,14.94327],[74.16345,14.95815],[74.1793,14.95672],[74.20138,14.92539],[74.21353,14.94735],[74.22964,14.95017],[74.23654,14.96651],[74.25243,14.95876],[74.26438,14.97856],[74.25353,14.99785],[74.26791,15.00168],[74.28332,15.0315],[74.29655,15.04124],[74.2727,15.09753],[74.28494,15.11395],[74.28368,15.145],[74.29551,15.15092],[74.31744,15.18379],[74.30167,15.22438],[74.29156,15.23385],[74.25961,15.24106],[74.2514,15.25859],[74.26087,15.25987],[74.27617,15.28321],[74.29431,15.28885],[74.32621,15.28342],[74.3365,15.29498],[74.31709,15.32915],[74.3219,15.34363],[74.31633,15.36283],[74.32326,15.36771],[74.27594,15.39162],[74.27836,15.40573],[74.26885,15.41913],[74.27551,15.44922],[74.25097,15.49162],[74.25502,15.50276],[74.27632,15.51458],[74.28272,15.53145],[74.26322,15.56397],[74.24526,15.56664],[74.26436,15.61554],[74.25379,15.62677],[74.24422,15.62614],[74.25051,15.65729],[74.22384,15.66901],[74.21499,15.66256],[74.22202,15.65554],[74.2052,15.65107],[74.20413,15.66371],[74.18691,15.66748],[74.19091,15.67898],[74.182,15.68224],[74.16721,15.67178],[74.16448,15.65353],[74.11835,15.65204],[74.07867,15.63084],[74.03096,15.62269],[74.02115,15.60613],[73.99078,15.61149],[73.96141,15.64146],[73.96777,15.65998],[73.96389,15.69098],[73.95931,15.69919],[73.94368,15.69845],[73.95176,15.71632],[73.9387,15.74268],[73.87524,15.75069],[73.8796,15.77406],[73.86574,15.78469],[73.86726,15.79653],[73.85648,15.80076],[73.84674,15.78644],[73.85167,15.78078],[73.84328,15.78113],[73.82977,15.76453],[73.82312,15.73986],[73.80902,15.74247],[73.78491,15.72539],[73.7425,15.73561],[73.72829,15.71976],[73.67538,15.72702]]]}},{"type":"Feature","properties":{"shapeName":"Kerala","shapeISO":"IN-KL","shapeType":"ADM1"},"geometry":{"type":"Polygon","coordinates":[[[75.53659,11.69394],[75.56685,11.62941],[75.61803,11.47736],[75.63402,11.46217],[75.64835,11.46805],[75.68269,11.44844],[75.73054,11.35961],[75.73669,11.32499],[75.74828,11.31837],[75.80161,11.16636],[75.80932,11.163],[75.80431,11.15694],[75.8162,11.14638],[75.84094,11.08362],[75.91,10.79344],[76.0319,10.51754],[76.10047,10.38176],[76.22068,9.99892],[76.24057,9.98233],[76.23772,9.9568],[76.26096,9.88147],[76.28404,9.74962],[76.30793,9.54175],[76.34028,9.40959],[76.5167,9.01773],[76.53561,8.93634],[76.54414,8.93626],[76.53549,8.93402],[76.54244,8.91343],[76.56563,8.88021],[76.59267,8.87448],[76.6327,8.83542],[76.69934,8.73858],[76.9597,8.4216],[76.97966,8.38207],[76.99773,8.37495],[77.00997,8.35722],[77.0978,8.29249],[77.10297,8.3064],[77.12211,8.30862],[77.11859,8.32026],[77.14822,8.33171],[77.16848,8.33255],[77.17283,8.31876],[77.18029,8.32343],[77.16654,8.34254],[77.17388,8.35852],[77.1676,8.36337],[77.15238,8.35507],[77.1608,8.37364],[77.15067,8.38446],[77.16057,8.38936],[77.16767,8.38372],[77.19686,8.41962],[77.20598,8.444],[77.227,8.44673],[77.20128,8.50097],[77.21352,8.51203],[77.22936,8.5082],[77.23873,8.49603],[77.26161,8.50628],[77.28376,8.54685],[77.26634,8.58526],[77.24635,8.60359],[77.25144,8.62034],[77.23456,8.62697],[77.20085,8.66897],[77.20674,8.68453],[77.16999,8.74185],[77.17247,8.74963],[77.19105,8.74164],[77.19686,8.76831],[77.21753,8.76769],[77.21304,8.77862],[77.22972,8.78466],[77.23195,8.80715],[77.24231,8.80937],[77.26399,8.84207],[77.25834,8.87497],[77.23757,8.88579],[77.23846,8.89786],[77.22115,8.90407],[77.2213,8.92752],[77.19271,8.92631],[77.19621,8.9547],[77.18547,8.9703],[77.17812,8.96922],[77.17349,8.99134],[77.16159,8.99516],[77.14701,9.02137],[77.16094,9.02922],[77.16701,9.04489],[77.19718,9.04655],[77.21207,9.09989],[77.24693,9.12388],[77.2678,9.15342],[77.26428,9.18616],[77.25247,9.18955],[77.28222,9.21689],[77.27529,9.23484],[77.28273,9.27334],[77.28845,9.27428],[77.28297,9.30142],[77.29946,9.31102],[77.29998,9.3368],[77.32521,9.33722],[77.34382,9.4022],[77.33644,9.41237],[77.34928,9.4412],[77.36592,9.46019],[77.37712,9.45288],[77.39254,9.45946],[77.39153,9.46885],[77.402,9.47773],[77.39916,9.49647],[77.41232,9.50908],[77.40034,9.51796],[77.40043,9.52747],[77.3851,9.51934],[77.36549,9.53519],[77.36501,9.55283],[77.35019,9.56719],[77.35982,9.57748],[77.3574,9.59454],[77.36607,9.59606],[77.36105,9.60237],[77.35451,9.60417],[77.33942,9.57342],[77.32531,9.58013],[77.32986,9.59907],[77.31775,9.60261],[77.26964,9.57287],[77.253,9.58307],[77.23425,9.58165],[77.20888,9.61355],[77.18861,9.60621],[77.16583,9.61294],[77.18111,9.65928],[77.20668,9.69473],[77.20352,9.72218],[77.22387,9.73045],[77.2202,9.74511],[77.23253,9.76914],[77.22279,9.78837],[77.2468,9.79846],[77.24128,9.81621],[77.22187,9.82306],[77.22303,9.84549],[77.23728,9.85199],[77.23641,9.86021],[77.22142,9.86374],[77.21254,9.8775],[77.22084,9.88509],[77.21835,9.90491],[77.23016,9.91308],[77.24664,9.95202],[77.26095,9.95259],[77.27279,9.96429],[77.26103,9.99183],[77.26493,10.00428],[77.25473,10.01245],[77.2639,10.02931],[77.20405,10.08849],[77.20118,10.1072],[77.2075,10.11914],[77.21635,10.11643],[77.23854,10.13084],[77.26772,10.12221],[77.27485,10.13131],[77.27459,10.18494],[77.28294,10.2086],[77.29528,10.21855],[77.28094,10.23674],[77.25912,10.23046],[77.2573,10.25948],[77.26356,10.2639],[77.22734,10.31657],[77.23525,10.35287],[77.17599,10.35857],[77.12015,10.31803],[77.09569,10.30875],[77.09143,10.31506],[77.04362,10.28406],[77.05285,10.27231],[77.04843,10.25943],[77.0151,10.24561],[76.98359,10.21966],[76.93963,10.23815],[76.91188,10.23426],[76.90257,10.23958],[76.89738,10.26143],[76.87326,10.27568],[76.87315,10.29755],[76.84857,10.28452],[76.82993,10.30315],[76.83603,10.34544],[76.84862,10.36742],[76.82333,10.39458],[76.83327,10.40734],[76.81604,10.423],[76.82803,10.44975],[76.83033,10.49725],[76.84309,10.53668],[76.83526,10.54461],[76.8386,10.59633],[76.81748,10.60274],[76.81012,10.62384],[76.81427,10.63505],[76.85956,10.63168],[76.88212,10.63897],[76.87823,10.6744],[76.86705,10.67917],[76.8675,10.69428],[76.88219,10.71679],[76.89218,10.71847],[76.88817,10.73179],[76.90729,10.78341],[76.90076,10.80803],[76.87013,10.80905],[76.86404,10.818],[76.84824,10.81953],[76.85386,10.83968],[76.82839,10.87264],[76.78149,10.89115],[76.74075,10.89106],[76.65906,10.93059],[76.66675,10.96843],[76.686,10.98929],[76.69971,11.02666],[76.71815,11.041],[76.76656,11.02918],[76.7918,11.03745],[76.80077,11.05398],[76.77812,11.04218],[76.74649,11.05675],[76.74384,11.07313],[76.75462,11.0791],[76.74341,11.1026],[76.74806,11.13548],[76.73137,11.13171],[76.7189,11.14946],[76.70631,11.14163],[76.70019,11.15363],[76.69797,11.1742],[76.72862,11.19144],[76.72692,11.20748],[76.73454,11.21807],[76.7058,11.24044],[76.68425,11.23387],[76.67635,11.22025],[76.62892,11.19425],[76.60085,11.1976],[76.53384,11.18568],[76.49581,11.21145],[76.47234,11.20883],[76.47344,11.19502],[76.45841,11.18777],[76.45161,11.19947],[76.43859,11.19905],[76.44893,11.20555],[76.45306,11.23945],[76.52166,11.27066],[76.52679,11.28865],[76.54573,11.3004],[76.53727,11.31413],[76.54994,11.33108],[76.54783,11.35897],[76.50816,11.35421],[76.51773,11.37165],[76.46036,11.38889],[76.4156,11.42326],[76.41868,11.44187],[76.3979,11.43636],[76.3422,11.46768],[76.32601,11.45406],[76.30513,11.46787],[76.29484,11.46583],[76.28441,11.483],[76.26467,11.48133],[76.24723,11.46799],[76.25142,11.5024],[76.23975,11.52673],[76.25024,11.52703],[76.25148,11.53693],[76.23414,11.57116],[76.27899,11.60089],[76.28608,11.59028],[76.29599,11.59023],[76.30236,11.57131],[76.33586,11.59582],[76.34038,11.58728],[76.35456,11.58939],[76.37796,11.60199],[76.38808,11.62975],[76.43246,11.63137],[76.44341,11.6437],[76.42816,11.67006],[76.41591,11.67289],[76.40344,11.70784],[76.42743,11.72606],[76.41815,11.74268],[76.41046,11.74216],[76.41422,11.75893],[76.33972,11.73908],[76.31839,11.75136],[76.30773,11.78487],[76.28834,11.79516],[76.28019,11.81243],[76.24557,11.80301],[76.22371,11.80828],[76.20974,11.82748],[76.20746,11.86161],[76.19037,11.87129],[76.15602,11.87022],[76.12,11.85039],[76.1128,11.85855],[76.11248,11.9788],[76.07009,11.96715],[76.03352,11.94025],[76.01326,11.94184],[76.00319,11.93147],[75.89684,11.94477],[75.85852,11.95893],[75.84691,11.98209],[75.82947,11.98459],[75.82284,12.0129],[75.80108,12.03704],[75.79404,12.05584],[75.80273,12.0795],[75.75356,12.08541],[75.71472,12.07052],[75.71793,12.08566],[75.70213,12.09237],[75.70326,12.10825],[75.68717,12.11032],[75.67676,12.09743],[75.66165,12.0985],[75.64893,12.10863],[75.63593,12.14845],[75.6195,12.15568],[75.59521,12.1534],[75.59247,12.14701],[75.55977,12.17562],[75.55239,12.19207],[75.53261,12.2005],[75.53978,12.21567],[75.52676,12.22499],[75.50538,12.2708],[75.49388,12.27287],[75.48494,12.28999],[75.47487,12.29614],[75.46527,12.2894],[75.43582,12.29459],[75.41542,12.28818],[75.43219,12.30948],[75.42029,12.31907],[75.41041,12.34728],[75.42194,12.37275],[75.37249,12.40025],[75.36593,12.41197],[75.3715,12.4378],[75.36564,12.45682],[75.3863,12.45836],[75.39341,12.45145],[75.41332,12.45864],[75.42496,12.46959],[75.41737,12.49852],[75.38194,12.50207],[75.36777,12.49179],[75.3722,12.47696],[75.36011,12.46504],[75.33634,12.46417],[75.34072,12.47041],[75.33217,12.49961],[75.30421,12.50335],[75.30305,12.52266],[75.28011,12.52419],[75.27314,12.53688],[75.27207,12.57025],[75.28386,12.57084],[75.28972,12.58388],[75.31457,12.57381],[75.32561,12.58267],[75.32619,12.59367],[75.31134,12.59099],[75.30107,12.60668],[75.29075,12.60322],[75.27553,12.61978],[75.26635,12.61593],[75.24961,12.58375],[75.23878,12.57995],[75.23752,12.5684],[75.22034,12.5682],[75.20868,12.59234],[75.20034,12.58901],[75.20918,12.60151],[75.19845,12.61334],[75.20174,12.62899],[75.18221,12.63167],[75.16111,12.62099],[75.13771,12.6447],[75.15,12.65132],[75.16047,12.67162],[75.15013,12.67388],[75.15247,12.68226],[75.13306,12.67457],[75.11173,12.68084],[75.10545,12.69808],[75.08522,12.7053],[75.08016,12.70033],[75.08526,12.67389],[75.06925,12.66393],[75.05985,12.67086],[75.04663,12.66675],[75.03971,12.68662],[75.0548,12.69472],[75.0503,12.71945],[75.00105,12.71547],[75.01124,12.72797],[74.98249,12.73845],[75.00948,12.76758],[75.00319,12.79174],[74.99833,12.78602],[74.98905,12.79554],[74.98733,12.78304],[74.96838,12.77644],[74.95821,12.78474],[74.93295,12.78062],[74.88234,12.75413],[74.86957,12.76068],[74.88473,12.71037],[74.89833,12.71429],[74.89146,12.71238],[74.90642,12.69532],[74.88804,12.70771],[74.92811,12.61181],[74.94239,12.63741],[74.94998,12.63635],[74.93205,12.61462],[74.93953,12.59565],[74.94183,12.60753],[74.95409,12.60522],[74.94027,12.59536],[74.94199,12.58655],[74.93852,12.59141],[74.95375,12.55102],[74.95988,12.56631],[74.97573,12.5711],[74.95531,12.55902],[74.96385,12.5295],[74.95614,12.54745],[74.95811,12.54081],[75.01471,12.41863],[75.03166,12.39184],[75.04181,12.3886],[75.1166,12.20962],[75.12692,12.20245],[75.15673,12.10966],[75.20125,12.00635],[75.22124,12.01261],[75.22761,12.02348],[75.25033,12.00984],[75.29166,11.95442],[75.30369,11.95144],[75.31935,11.90524],[75.3564,11.86029],[75.36793,11.85222],[75.37461,11.85906],[75.38625,11.85638],[75.43794,11.80559],[75.44775,11.78281],[75.46158,11.77986],[75.45394,11.77166],[75.47622,11.76693],[75.52457,11.7083],[75.54441,11.70481],[75.53659,11.69394]],[[75.53849,11.76136],[75.54624,11.75635],[75.54329,11.73438],[75.55551,11.72175],[75.54788,11.71542],[75.53659,11.71939],[75.53117,11.70844],[75.52664,11.72614],[75.54025,11.73474],[75.54056,11.74858],[75.53126,11.75863],[75.53849,11.76136]]]}},{"type":"Feature","properties":{"shapeName":"Chandīgarh","shapeISO":"IN-CH","shapeType":"ADM1"},"geometry":{"type":"Polygon","coordinates":[[[76.83786,30.75453],[76.82648,30.76352],[76.81501,30.75298],[76.80502,30.76527],[76.81912,30.77294],[76.81317,30.78019],[76.79133,30.76752],[76.78264,30.77079],[76.78275,30.78923],[76.77148,30.79527],[76.75168,30.78429],[76.74394,30.7697],[76.71166,30.76166],[76.70515,30.74297],[76.73107,30.72361],[76.73,30.70688],[76.73908,30.7058],[76.73929,30.69291],[76.764,30.68642],[76.77659,30.6704],[76.78995,30.67564],[76.80306,30.66641],[76.83186,30.68328],[76.82513,30.6883],[76.84833,30.71452],[76.84826,30.73038],[76.83148,30.73956],[76.83786,30.75453]]]}},{"type":"Feature","properties":{"shapeName":"Andaman and Nicobar Islands","shapeISO":"IN-AN","shapeType":"ADM1"},"geometry":{"type":"MultiPolygon","coordinates":[[[[93.89018,6.90304],[93.90847,6.9127],[93.90292,6.92772],[93.91417,6.94901],[93.94015,6.95304],[93.92317,6.97304],[93.92225,6.98674],[93.90815,6.99333],[93.91047,7.00443],[93.92321,7.01116],[93.93833,6.99255],[93.94287,6.99891],[93.92472,7.02668],[93.91115,7.02543],[93.91165,7.04966],[93.89758,7.08061],[93.88032,7.09017],[93.87622,7.15607],[93.86596,7.17559],[93.86919,7.20548],[93.8556,7.21858],[93.83498,7.21951],[93.83708,7.24524],[93.79557,7.23523],[93.80046,7.22216],[93.79487,7.22047],[93.80191,7.21485],[93.79215,7.21453],[93.79247,7.20298],[93.78187,7.215],[93.7653,7.2135],[93.78011,7.20854],[93.77782,7.19593],[93.76848,7.21061],[93.74934,7.21559],[93.74033,7.20877],[93.74494,7.20002],[93.73963,7.20498],[93.72247,7.18928],[93.67476,7.19115],[93.66237,7.17751],[93.6657,7.14208],[93.64514,7.12709],[93.64789,7.11406],[93.66471,7.11483],[93.64716,7.101],[93.65044,7.0869],[93.66062,7.08309],[93.65354,7.06906],[93.66079,7.06571],[93.65663,7.04739],[93.66744,7.02322],[93.65607,7.00698],[93.666,7.00393],[93.67384,7.01859],[93.69311,7.01409],[93.69697,6.99309],[93.71712,6.9923],[93.72798,6.96067],[93.73866,6.9626],[93.74365,6.93108],[93.73361,6.92717],[93.74047,6.91147],[93.74623,6.90799],[93.75599,6.91734],[93.76022,6.89684],[93.77011,6.89108],[93.77489,6.89959],[93.76962,6.88439],[93.78645,6.87912],[93.78341,6.87252],[93.77666,6.87981],[93.76429,6.87653],[93.76534,6.86516],[93.77479,6.85446],[93.79783,6.85053],[93.7821,6.84119],[93.78033,6.82916],[93.7972,6.81072],[93.8057,6.82195],[93.81441,6.81307],[93.80283,6.80461],[93.81198,6.79108],[93.80367,6.78905],[93.80858,6.77873],[93.802,6.76234],[93.83026,6.756],[93.8455,6.81705],[93.8627,6.81556],[93.87733,6.79353],[93.89192,6.80654],[93.90402,6.83517],[93.88747,6.84593],[93.88694,6.86631],[93.89528,6.87637],[93.89018,6.90304]]],[[[93.70518,7.21947],[93.69832,7.23212],[93.69973,7.21298],[93.70728,7.20829],[93.70518,7.21947]]],[[[93.83375,7.29048],[93.83429,7.28815],[93.83736,7.2917],[93.83375,7.29048]]],[[[93.67858,7.39349],[93.65606,7.36658],[93.65287,7.38375],[93.63784,7.37062],[93.62064,7.37326],[93.621,7.3387],[93.63118,7.33451],[93.60875,7.31153],[93.62281,7.28916],[93.6174,7.26653],[93.63646,7.24432],[93.65682,7.25952],[93.67434,7.29319],[93.71305,7.31221],[93.7287,7.34818],[93.74309,7.36237],[93.74308,7.37731],[93.70874,7.40472],[93.70785,7.432],[93.69863,7.44736],[93.69237,7.44562],[93.69753,7.42135],[93.6909,7.40469],[93.7037,7.40323],[93.70703,7.38466],[93.69445,7.38488],[93.701,7.39187],[93.69599,7.39612],[93.67858,7.39349]]],[[[93.758,7.40269],[93.75039,7.40012],[93.7566,7.39661],[93.758,7.40269]]],[[[93.68037,7.40116],[93.67873,7.41158],[93.67098,7.4097],[93.68037,7.40116]]],[[[93.53314,7.52594],[93.52057,7.52729],[93.52935,7.51469],[93.53314,7.52594]]],[[[93.54091,8.02853],[93.5338,8.0268],[93.5448,8.01539],[93.54359,7.99027],[93.52179,8.02669],[93.52166,8.00751],[93.51239,7.99317],[93.49681,7.9988],[93.49839,7.98639],[93.52235,7.9662],[93.53109,7.96987],[93.52867,7.95984],[93.56742,7.93148],[93.57248,7.99412],[93.55359,8.02598],[93.54091,8.02853]]],[[[93.57374,8.12227],[93.56738,8.12755],[93.55302,8.12067],[93.5605,8.10937],[93.5616,8.12321],[93.57439,8.11876],[93.56572,8.1165],[93.56662,8.10024],[93.56027,8.09702],[93.57287,8.08739],[93.57934,8.06453],[93.56639,8.07487],[93.56392,8.06332],[93.58351,8.0401],[93.59043,8.05061],[93.58043,8.0702],[93.58081,8.09579],[93.57568,8.09045],[93.57232,8.09719],[93.57443,8.10294],[93.58066,8.0974],[93.57374,8.12227]]],[[[93.30871,7.93652],[93.32081,7.92564],[93.32255,7.93664],[93.33452,7.93522],[93.33619,7.94677],[93.32989,7.94207],[93.32574,7.95085],[93.35263,7.96011],[93.35338,7.93402],[93.33227,7.91953],[93.33388,7.90654],[93.34165,7.89323],[93.36427,7.8845],[93.38652,7.90252],[93.4105,7.90851],[93.43216,7.89984],[93.44346,7.87524],[93.4536,7.87525],[93.46403,7.89396],[93.45214,7.9367],[93.42067,7.96852],[93.40526,7.96033],[93.39285,7.97364],[93.39152,7.99403],[93.40012,8.00948],[93.36881,8.02354],[93.35078,8.01065],[93.33892,8.01769],[93.31834,8.00433],[93.31375,7.97725],[93.30106,7.96205],[93.30871,7.93652]]],[[[93.49374,8.04734],[93.49479,8.04912],[93.49296,8.04889],[93.49374,8.04734]]],[[[93.50071,8.01973],[93.49721,8.03622],[93.51221,8.04308],[93.51416,8.03399],[93.51976,8.05223],[93.53962,8.03765],[93.5317,8.05033],[93.5379,8.05195],[93.53914,8.08337],[93.51468,8.10741],[93.5019,8.13957],[93.49332,8.14862],[93.48796,8.14501],[93.49678,8.15121],[93.49693,8.16087],[93.49202,8.1592],[93.50344,8.17931],[93.51893,8.18999],[93.50636,8.17861],[93.51235,8.17434],[93.52525,8.1876],[93.51809,8.17802],[93.52456,8.17918],[93.52546,8.1964],[93.5358,8.20333],[93.53389,8.22857],[93.51124,8.23529],[93.5138,8.23024],[93.48275,8.2221],[93.47987,8.19734],[93.44957,8.18018],[93.44493,8.16769],[93.44691,8.14502],[93.46377,8.14075],[93.46062,8.13428],[93.4554,8.1386],[93.45718,8.12822],[93.44866,8.13565],[93.45665,8.10756],[93.46689,8.09293],[93.48002,8.09265],[93.4707,8.08837],[93.47545,8.0534],[93.48237,8.05255],[93.48163,8.06488],[93.50237,8.07608],[93.50244,8.08727],[93.52511,8.08173],[93.51417,8.07504],[93.5155,8.06873],[93.52807,8.0687],[93.51542,8.06321],[93.51698,8.05355],[93.50134,8.04873],[93.50156,8.06956],[93.49349,8.05802],[93.50078,8.03911],[93.49346,8.04653],[93.49009,8.04003],[93.47586,8.04618],[93.4822,8.00237],[93.495,8.0011],[93.50071,8.01973]]],[[[93.04402,8.44152],[93.04734,8.45995],[93.03293,8.47211],[93.02638,8.45094],[93.04402,8.44152]]],[[[93.01931,11.84352],[93.01125,11.84989],[93.01447,11.83039],[93.04754,11.81321],[93.05938,11.81708],[93.0703,11.83587],[93.06197,11.84453],[93.0358,11.83626],[93.01931,11.84352]]],[[[92.97037,12.04246],[92.96357,12.05097],[92.94875,12.01386],[92.92777,12.00613],[92.92512,11.99562],[92.93285,11.98514],[92.95953,11.98101],[92.9727,11.94892],[92.99426,11.95202],[93.02373,11.89001],[93.04357,11.88463],[93.05254,11.90355],[93.0053,12.00237],[93.00762,12.01986],[92.99383,12.03875],[92.97288,12.04867],[92.97037,12.04246]]],[[[93.00512,12.10208],[92.98541,12.11075],[92.95701,12.10933],[92.95635,12.06953],[92.99523,12.04194],[93.00463,12.04846],[92.99993,12.08427],[93.00512,12.10208]]],[[[93.02569,12.14278],[93.02599,12.16672],[93.00362,12.1399],[93.00589,12.07962],[93.02383,12.07177],[93.04388,12.04597],[93.05183,12.06909],[93.04211,12.07623],[93.04997,12.07972],[93.03907,12.08456],[93.03203,12.10052],[93.02252,12.0987],[93.03275,12.10135],[93.02304,12.1138],[93.0332,12.12567],[93.02024,12.14379],[93.02569,12.14278]]],[[[93.05658,12.11771],[93.04874,12.11676],[93.05029,12.111],[93.05658,12.11771]]],[[[93.07417,12.08384],[93.0855,12.09102],[93.08373,12.10076],[93.08995,12.09931],[93.08919,12.10799],[93.08099,12.10728],[93.09095,12.12008],[93.08236,12.11474],[93.08079,12.12173],[93.09402,12.14313],[93.08736,12.15187],[93.07758,12.14906],[93.08823,12.18067],[93.08661,12.1743],[93.07523,12.18027],[93.06544,12.17327],[93.08399,12.1827],[93.07935,12.18633],[93.08619,12.19267],[93.06694,12.19727],[93.07612,12.20502],[93.06702,12.21174],[93.03563,12.13246],[93.04834,12.11943],[93.04724,12.12772],[93.05821,12.12276],[93.06657,12.13182],[93.07078,12.11824],[93.06351,12.12227],[93.05644,12.10911],[93.07417,12.08384]]],[[[92.94938,12.08858],[92.95595,12.09898],[92.94674,12.11687],[92.94938,12.08858]]],[[[92.99104,12.16053],[92.95277,12.14917],[92.95414,12.12388],[92.96242,12.11361],[93.00268,12.11224],[92.99104,12.16053]]],[[[92.93653,12.22298],[92.92399,12.21528],[92.93206,12.19626],[92.93653,12.22298]]],[[[92.9003,12.25566],[92.88665,12.25271],[92.88317,12.23836],[92.8769,12.24927],[92.86952,12.24572],[92.87827,12.20793],[92.88983,12.22831],[92.90343,12.22273],[92.90701,12.22875],[92.91434,12.22004],[92.9003,12.25566]]],[[[92.9351,12.3011],[92.93312,12.31109],[92.92727,12.27828],[92.91219,12.29292],[92.90065,12.28843],[92.90024,12.27188],[92.91356,12.27368],[92.91121,12.26317],[92.9196,12.26933],[92.91501,12.23258],[92.9217,12.22936],[92.94109,12.2766],[92.93216,12.28865],[92.9351,12.3011]]],[[[92.91031,12.33286],[92.91167,12.33283],[92.9106,12.33568],[92.91031,12.33286]]],[[[92.90367,12.34038],[92.90484,12.3385],[92.90485,12.34062],[92.90367,12.34038]]],[[[93.23032,8.25905],[93.21891,8.26399],[93.21052,8.24949],[93.22872,8.22473],[93.24064,8.23064],[93.23032,8.25905]]],[[[93.11797,8.35463],[93.09575,8.35043],[93.08529,8.33999],[93.07402,8.29698],[93.07672,8.27409],[93.11194,8.22541],[93.15221,8.20367],[93.19046,8.1973],[93.193,8.21815],[93.14709,8.24234],[93.11647,8.27612],[93.1328,8.34586],[93.11797,8.35463]]],[[[93.61079,8.54075],[93.60309,8.57804],[93.60104,8.54561],[93.61988,8.48975],[93.60949,8.48052],[93.61224,8.42408],[93.61661,8.46863],[93.63182,8.46838],[93.62166,8.5075],[93.62576,8.52438],[93.61079,8.54075]]],[[[93.09678,12.13684],[93.09685,12.13431],[93.09832,12.13668],[93.09678,12.13684]]],[[[93.11977,12.14581],[93.10977,12.1445],[93.11529,12.13043],[93.11977,12.14581]]],[[[93.09269,12.22189],[93.09214,12.21851],[93.09303,12.22361],[93.09269,12.22189]]],[[[93.08454,12.22759],[93.08534,12.22933],[93.08164,12.22546],[93.08454,12.22759]]],[[[93.10348,12.24077],[93.10363,12.26058],[93.08599,12.237],[93.08188,12.26078],[93.07447,12.25579],[93.07549,12.26283],[93.06202,12.23042],[93.08013,12.22575],[93.10223,12.24582],[93.09924,12.23464],[93.08927,12.23087],[93.09893,12.20478],[93.10348,12.24077]]],[[[93.08073,13.36948],[93.07962,13.36858],[93.08045,13.36767],[93.08073,13.36948]]],[[[92.80209,9.22876],[92.77282,9.25874],[92.77592,9.24444],[92.76347,9.2163],[92.72028,9.21856],[92.71593,9.15559],[92.72806,9.1267],[92.76688,9.13025],[92.7934,9.12195],[92.82633,9.14011],[92.82319,9.19074],[92.80209,9.22876]]],[[[92.86472,12.19652],[92.87984,12.19188],[92.88395,12.19827],[92.85755,12.2443],[92.86875,12.25189],[92.86114,12.26321],[92.87455,12.25071],[92.8881,12.25673],[92.89102,12.26673],[92.88483,12.27067],[92.8818,12.26272],[92.87004,12.29491],[92.86319,12.28697],[92.87197,12.30189],[92.84875,12.30223],[92.85364,12.28139],[92.84552,12.30437],[92.84381,12.29647],[92.83617,12.30337],[92.83187,12.2922],[92.83248,12.30094],[92.80976,12.3135],[92.79476,12.30377],[92.77065,12.3133],[92.76671,12.29737],[92.77514,12.30136],[92.77945,12.28333],[92.78744,12.28042],[92.77862,12.28346],[92.77775,12.27264],[92.77376,12.28046],[92.76299,12.26266],[92.74915,12.27427],[92.7409,12.24556],[92.75104,12.23296],[92.75976,12.24115],[92.76147,12.2333],[92.76805,12.25134],[92.77476,12.24285],[92.76483,12.21409],[92.7699,12.18342],[92.7584,12.1597],[92.76623,12.15173],[92.75764,12.15493],[92.7456,12.12438],[92.7376,12.09874],[92.74208,12.0759],[92.75386,12.07615],[92.75937,12.09509],[92.75189,12.07456],[92.75929,12.07838],[92.76319,12.0639],[92.78099,12.08052],[92.7855,12.0721],[92.8019,12.09348],[92.78372,12.10647],[92.80914,12.10324],[92.81797,12.11376],[92.80245,12.12803],[92.81719,12.12598],[92.81494,12.13868],[92.82818,12.15664],[92.82265,12.16676],[92.83582,12.16648],[92.84389,12.14756],[92.85499,12.15883],[92.84996,12.1656],[92.85683,12.18716],[92.85243,12.19236],[92.84005,12.18545],[92.84408,12.20111],[92.82602,12.20336],[92.83271,12.21513],[92.82733,12.20321],[92.84595,12.19783],[92.85274,12.20478],[92.86472,12.19652]]],[[[92.72963,11.94405],[92.73192,11.96016],[92.72291,11.94704],[92.72963,11.94405]]],[[[92.7641,11.96537],[92.75164,11.96679],[92.73521,11.95223],[92.7444,11.94561],[92.75885,11.94926],[92.7641,11.96537]]],[[[92.74283,11.96791],[92.74016,11.96545],[92.74314,11.96604],[92.74283,11.96791]]],[[[92.73949,12.11285],[92.73856,12.11062],[92.74055,12.1119],[92.73949,12.11285]]],[[[92.7608,12.17288],[92.75478,12.18147],[92.75827,12.16481],[92.7608,12.17288]]],[[[92.46445,10.5358],[92.49903,10.51342],[92.53105,10.52042],[92.54296,10.55131],[92.56922,10.58187],[92.54151,10.59475],[92.54304,10.62447],[92.55557,10.64378],[92.58213,10.65833],[92.57593,10.66902],[92.57992,10.68274],[92.59699,10.68126],[92.59779,10.70471],[92.58247,10.7447],[92.58636,10.78821],[92.55926,10.81548],[92.55889,10.86299],[92.52025,10.89794],[92.49263,10.89012],[92.48098,10.87254],[92.46488,10.86484],[92.46632,10.85718],[92.45796,10.86246],[92.4637,10.83845],[92.44897,10.83925],[92.43674,10.82438],[92.42739,10.82395],[92.42266,10.80204],[92.40899,10.7856],[92.39553,10.77986],[92.38502,10.79201],[92.37591,10.77387],[92.38209,10.76361],[92.3833,10.67116],[92.39699,10.66795],[92.42054,10.61566],[92.38243,10.53849],[92.40263,10.53313],[92.42913,10.55131],[92.46445,10.5358]]],[[[92.60795,10.93041],[92.61913,10.93001],[92.60754,10.9385],[92.60795,10.93041]]],[[[92.22511,10.9839],[92.21077,10.97973],[92.21638,10.97491],[92.22511,10.9839]]],[[[92.65787,10.98515],[92.66789,10.98952],[92.66057,10.99216],[92.65787,10.98515]]],[[[92.67947,11.18075],[92.67379,11.18997],[92.67459,11.17825],[92.67947,11.18075]]],[[[92.68735,11.24328],[92.70478,11.2641],[92.70443,11.28988],[92.69235,11.28178],[92.69675,11.26235],[92.68735,11.24328]]],[[[92.71988,11.31484],[92.72108,11.3337],[92.71107,11.31376],[92.69533,11.30995],[92.70755,11.29965],[92.71988,11.31484]]],[[[92.61409,11.45133],[92.62768,11.43484],[92.62163,11.43211],[92.62313,11.40859],[92.6171,11.40128],[92.58631,11.4009],[92.59152,11.37915],[92.58028,11.36892],[92.58837,11.35349],[92.60071,11.34635],[92.63709,11.347],[92.64719,11.35716],[92.66373,11.35394],[92.66623,11.36163],[92.68856,11.37002],[92.69176,11.38741],[92.6455,11.40753],[92.67283,11.41801],[92.67115,11.42698],[92.68282,11.427],[92.68401,11.43311],[92.66797,11.48869],[92.64247,11.49725],[92.64439,11.5114],[92.63534,11.51725],[92.61746,11.49215],[92.61409,11.45133]]],[[[92.64349,11.51497],[92.64324,11.51334],[92.64448,11.51448],[92.64349,11.51497]]],[[[92.55903,11.53437],[92.55785,11.54115],[92.55631,11.53326],[92.55102,11.53729],[92.56523,11.51747],[92.56736,11.52755],[92.55903,11.53437]]],[[[92.60351,11.53073],[92.60133,11.5378],[92.60471,11.52187],[92.60351,11.53073]]],[[[92.6269,11.54678],[92.62668,11.54273],[92.62771,11.54822],[92.6269,11.54678]]],[[[92.61504,11.55546],[92.61096,11.56086],[92.61146,11.54033],[92.60361,11.55023],[92.60915,11.53155],[92.61733,11.54246],[92.61504,11.55546]]],[[[92.59328,11.56566],[92.59141,11.5778],[92.58615,11.55415],[92.59289,11.55035],[92.58312,11.54886],[92.58707,11.53403],[92.59436,11.53327],[92.59328,11.56566]]],[[[92.21941,11.59522],[92.20386,11.5872],[92.21177,11.57404],[92.20442,11.55016],[92.21149,11.53017],[92.24926,11.52599],[92.25906,11.51804],[92.26795,11.5232],[92.26826,11.58541],[92.21547,11.59064],[92.21941,11.59522]]],[[[92.56378,11.56872],[92.56482,11.56792],[92.56646,11.57064],[92.56378,11.56872]]],[[[92.61634,11.58103],[92.61015,11.58875],[92.60077,11.58594],[92.59957,11.56764],[92.60433,11.57451],[92.61365,11.56311],[92.61634,11.58103]]],[[[92.54625,11.60128],[92.53325,11.60282],[92.52885,11.55516],[92.56432,11.57373],[92.55938,11.58455],[92.56804,11.58981],[92.56198,11.59293],[92.55625,11.58507],[92.5435,11.59081],[92.54625,11.60128]]],[[[92.7556,12.02227],[92.77749,12.02439],[92.78223,12.0484],[92.76619,12.04637],[92.76012,12.05509],[92.74699,12.05539],[92.75639,12.06525],[92.73396,12.08353],[92.75637,12.17695],[92.71913,12.1799],[92.70398,12.13715],[92.71119,12.17276],[92.7006,12.15461],[92.69702,12.16196],[92.7088,12.18885],[92.7008,12.18713],[92.71153,12.19079],[92.70343,12.19298],[92.70503,12.22808],[92.69291,12.23919],[92.68269,12.20606],[92.67802,12.21221],[92.68094,12.19197],[92.67494,12.18704],[92.67372,12.21797],[92.65507,12.18029],[92.66451,12.22227],[92.66016,12.21512],[92.63332,12.14089],[92.63429,12.12051],[92.62182,12.10158],[92.61848,12.06849],[92.62793,12.0432],[92.62015,12.03992],[92.62388,12.02831],[92.61238,12.00026],[92.60698,11.92437],[92.61741,11.94673],[92.6154,11.92462],[92.62075,11.93438],[92.62173,11.92146],[92.61862,11.91511],[92.61458,11.92029],[92.61181,11.90491],[92.61045,11.91484],[92.60827,11.8964],[92.61384,11.83106],[92.60071,11.84891],[92.59474,11.884],[92.59945,11.8968],[92.59246,11.89488],[92.58964,11.87746],[92.59497,11.86491],[92.58382,11.86011],[92.58128,11.89549],[92.57029,11.89075],[92.58005,11.90139],[92.57986,11.9148],[92.56989,11.90861],[92.56671,11.91679],[92.57122,11.92654],[92.57155,11.9179],[92.57808,11.92004],[92.57789,11.92731],[92.56519,11.94019],[92.56085,11.93649],[92.56153,11.94696],[92.55593,11.91749],[92.54579,11.92199],[92.54965,11.9264],[92.53507,11.91186],[92.5415,11.90305],[92.52748,11.89585],[92.52513,11.87475],[92.53063,11.88663],[92.53355,11.87017],[92.52385,11.87103],[92.5235,11.85542],[92.51433,11.84844],[92.51957,11.83996],[92.52235,11.84477],[92.52341,11.82691],[92.5314,11.84116],[92.54283,11.83587],[92.53617,11.86047],[92.55215,11.84949],[92.54641,11.82028],[92.55216,11.81029],[92.55859,11.81262],[92.55116,11.80719],[92.55133,11.78451],[92.56243,11.77195],[92.55129,11.76315],[92.55113,11.72012],[92.56043,11.69476],[92.57145,11.6995],[92.57433,11.73405],[92.5923,11.73548],[92.5986,11.69011],[92.59059,11.66928],[92.60081,11.65998],[92.60735,11.63431],[92.62096,11.6382],[92.61891,11.63322],[92.6306,11.62952],[92.63173,11.66153],[92.63488,11.64011],[92.64743,11.64564],[92.6387,11.61237],[92.6208,11.61122],[92.61819,11.62099],[92.60801,11.62093],[92.60656,11.59437],[92.619,11.58374],[92.61645,11.56265],[92.63298,11.59009],[92.63398,11.57996],[92.64889,11.57236],[92.64294,11.55756],[92.65062,11.55886],[92.65367,11.55046],[92.64369,11.54058],[92.64606,11.52184],[92.66559,11.50477],[92.67412,11.51195],[92.69935,11.50994],[92.70993,11.47823],[92.72546,11.51664],[92.72238,11.53239],[92.73926,11.59338],[92.75114,11.60932],[92.74528,11.64295],[92.75499,11.64859],[92.75537,11.66467],[92.74643,11.67659],[92.73182,11.6732],[92.73079,11.68072],[92.71822,11.68206],[92.71539,11.66514],[92.72902,11.65699],[92.7096,11.65229],[92.71169,11.64361],[92.70573,11.64212],[92.70037,11.65452],[92.6938,11.65293],[92.70119,11.63944],[92.6928,11.63877],[92.69366,11.62428],[92.70194,11.61679],[92.68145,11.61711],[92.67295,11.60679],[92.66776,11.61103],[92.68772,11.62107],[92.6733,11.62439],[92.66099,11.65223],[92.66442,11.66168],[92.68011,11.66194],[92.68237,11.65073],[92.69197,11.66929],[92.70604,11.66977],[92.69824,11.68082],[92.70578,11.701],[92.71117,11.69519],[92.71643,11.70554],[92.743,11.69078],[92.74193,11.71301],[92.75345,11.70109],[92.75602,11.70775],[92.7686,11.79964],[92.79108,11.88599],[92.7762,11.8978],[92.78683,11.90168],[92.78588,11.92554],[92.77716,11.9327],[92.78361,11.93511],[92.76244,11.93989],[92.75765,11.93605],[92.76488,11.92231],[92.75745,11.93457],[92.75121,11.92513],[92.74401,11.93075],[92.75018,11.92262],[92.74271,11.9098],[92.74316,11.91878],[92.73696,11.91838],[92.73245,11.90393],[92.74224,11.896],[92.7336,11.89164],[92.72965,11.89699],[92.73003,11.88133],[92.73542,11.88849],[92.74172,11.88167],[92.72925,11.86864],[92.73169,11.85609],[92.71429,11.82056],[92.70873,11.83628],[92.72308,11.85949],[92.71677,11.86886],[92.7022,11.8504],[92.69788,11.86583],[92.70289,11.87626],[92.71966,11.8778],[92.71661,11.88524],[92.70458,11.88279],[92.70652,11.88913],[92.69232,11.90114],[92.7031,11.91673],[92.70419,11.90349],[92.71285,11.90298],[92.70872,11.92893],[92.69778,11.93116],[92.71496,11.94265],[92.70371,11.96205],[92.71614,11.95462],[92.7073,11.97419],[92.72172,11.96514],[92.73091,11.96952],[92.71863,11.97556],[92.72014,11.9843],[92.71068,11.98302],[92.71903,11.98829],[92.71353,11.99442],[92.72603,11.99829],[92.72011,12.00509],[92.73828,11.99748],[92.73382,11.97723],[92.75352,11.98271],[92.75399,11.98834],[92.74141,11.9885],[92.74194,11.99545],[92.76828,11.99686],[92.76652,12.01158],[92.75137,12.00264],[92.74901,12.01932],[92.73005,12.01491],[92.73623,12.02044],[92.72196,12.02619],[92.73702,12.03018],[92.72508,12.03707],[92.72688,12.04496],[92.73062,12.03567],[92.73624,12.03462],[92.73597,12.04378],[92.73906,12.03566],[92.74424,12.03833],[92.74751,12.02591],[92.75155,12.0344],[92.7556,12.02227]]],[[[92.59648,11.91211],[92.59919,11.91844],[92.59514,11.90635],[92.59648,11.91211]]],[[[92.72158,11.93073],[92.71578,11.93318],[92.71753,11.90271],[92.72158,11.93073]]],[[[92.72289,11.95481],[92.72169,11.95151],[92.7243,11.95351],[92.72289,11.95481]]],[[[92.73068,12.23366],[92.73481,12.23908],[92.72902,12.24277],[92.72063,12.23341],[92.72223,12.18851],[92.72827,12.19786],[92.73239,12.18471],[92.74634,12.18035],[92.75936,12.19275],[92.76284,12.18309],[92.76065,12.22903],[92.75233,12.21779],[92.75361,12.23052],[92.74387,12.22805],[92.73868,12.23637],[92.74213,12.20494],[92.73896,12.2232],[92.73209,12.20988],[92.7293,12.2146],[92.73068,12.23366]]],[[[92.73862,12.27555],[92.73358,12.24647],[92.74854,12.28864],[92.73436,12.26993],[92.73862,12.27555]]],[[[92.76438,12.26758],[92.76194,12.29426],[92.75197,12.27805],[92.76438,12.26758]]],[[[92.85981,12.33521],[92.85678,12.3402],[92.86159,12.32132],[92.85591,12.31484],[92.87751,12.31305],[92.88496,12.32295],[92.89006,12.31708],[92.89983,12.32368],[92.85981,12.33521]]],[[[92.88795,12.40545],[92.8792,12.39868],[92.8541,12.40953],[92.84245,12.40128],[92.85411,12.38921],[92.86067,12.39216],[92.86035,12.38094],[92.87837,12.38484],[92.88369,12.37657],[92.8818,12.38874],[92.89312,12.39972],[92.88795,12.40545]]],[[[92.75177,12.29287],[92.75374,12.29426],[92.7522,12.29464],[92.75177,12.29287]]],[[[92.76249,12.29763],[92.76462,12.29731],[92.76467,12.29964],[92.76249,12.29763]]],[[[92.72484,12.65412],[92.72606,12.65486],[92.72496,12.65566],[92.72484,12.65412]]],[[[92.71531,12.29622],[92.7034,12.30004],[92.69872,12.27517],[92.70969,12.22984],[92.72292,12.29104],[92.71531,12.29622]]],[[[92.68043,12.54076],[92.66803,12.53483],[92.67713,12.5219],[92.68043,12.54076]]],[[[92.59728,11.97264],[92.58746,11.97677],[92.59768,11.92828],[92.60786,11.94349],[92.59728,11.97264]]],[[[92.65443,12.77327],[92.65411,12.77048],[92.65525,12.77433],[92.65443,12.77327]]],[[[92.66779,12.95129],[92.66604,12.95035],[92.66817,12.94959],[92.66779,12.95129]]],[[[92.72326,12.62041],[92.72236,12.62314],[92.71986,12.61885],[92.72326,12.62041]]],[[[92.71521,12.69252],[92.70942,12.69516],[92.70966,12.68057],[92.71521,12.69252]]],[[[92.72144,12.69154],[92.71969,12.69684],[92.71643,12.68588],[92.72144,12.69154]]],[[[92.70892,12.82891],[92.69344,12.79778],[92.70816,12.77486],[92.70707,12.73184],[92.71632,12.71931],[92.71703,12.75648],[92.7217,12.7428],[92.72456,12.74849],[92.71098,12.77733],[92.70892,12.82891]]],[[[92.72091,12.77544],[92.71629,12.78833],[92.71364,12.77927],[92.72373,12.76221],[92.72091,12.77544]]],[[[92.72842,12.86398],[92.71911,12.86516],[92.72307,12.85992],[92.71328,12.85571],[92.70836,12.83363],[92.71734,12.83542],[92.72842,12.86398]]],[[[92.72095,12.89634],[92.71377,12.92293],[92.72025,12.92509],[92.72119,12.9447],[92.70952,12.94616],[92.71666,12.95066],[92.719,12.98109],[92.70969,12.97822],[92.70969,12.98826],[92.69012,12.99167],[92.66826,12.9606],[92.67875,12.94232],[92.66387,12.88197],[92.64686,12.86189],[92.66493,12.81186],[92.65745,12.79547],[92.66711,12.78315],[92.6742,12.8082],[92.68779,12.81711],[92.68335,12.82991],[92.67433,12.82278],[92.67787,12.83212],[92.67083,12.83776],[92.69978,12.84077],[92.71851,12.87557],[92.70768,12.88356],[92.70146,12.87778],[92.71795,12.88145],[92.72095,12.89634]]],[[[92.83584,12.42304],[92.8288,12.4262],[92.8417,12.41611],[92.83584,12.42304]]],[[[92.83954,12.40348],[92.82304,12.41336],[92.81639,12.40999],[92.81547,12.41655],[92.79891,12.40093],[92.81551,12.41716],[92.81718,12.41077],[92.83363,12.41045],[92.81473,12.42506],[92.82646,12.41932],[92.8299,12.4281],[92.80454,12.43896],[92.78845,12.43582],[92.78854,12.45312],[92.7915,12.46039],[92.79387,12.44778],[92.79796,12.46423],[92.78134,12.46952],[92.77812,12.46032],[92.78152,12.46857],[92.77162,12.47126],[92.78798,12.46745],[92.79023,12.48332],[92.78551,12.47488],[92.79936,12.46448],[92.79564,12.43806],[92.81931,12.43515],[92.80998,12.4429],[92.81556,12.45475],[92.81052,12.44303],[92.82125,12.43424],[92.83526,12.43087],[92.84066,12.43736],[92.82862,12.44216],[92.83576,12.44377],[92.84542,12.42364],[92.85055,12.4292],[92.85909,12.42434],[92.8593,12.437],[92.85812,12.42672],[92.87382,12.41375],[92.88454,12.43143],[92.88541,12.42222],[92.89853,12.4171],[92.88428,12.43628],[92.87454,12.43146],[92.88313,12.4367],[92.83916,12.4646],[92.83455,12.48032],[92.83301,12.46965],[92.82535,12.47216],[92.83317,12.48168],[92.84028,12.47161],[92.83373,12.48863],[92.8244,12.48244],[92.81558,12.4869],[92.83535,12.48675],[92.82224,12.50043],[92.83735,12.4935],[92.83545,12.50139],[92.85323,12.45754],[92.85434,12.47178],[92.8537,12.4626],[92.86291,12.45849],[92.85902,12.46731],[92.86368,12.45917],[92.85547,12.46411],[92.85539,12.45693],[92.86853,12.44633],[92.87165,12.4583],[92.8754,12.44681],[92.88077,12.4505],[92.87586,12.45627],[92.88515,12.45648],[92.87779,12.45823],[92.87989,12.47154],[92.87844,12.45823],[92.88597,12.45665],[92.87688,12.44503],[92.89574,12.44948],[92.8879,12.46424],[92.8983,12.45249],[92.8842,12.44193],[92.89679,12.43867],[92.89072,12.43673],[92.90827,12.42026],[92.90549,12.40752],[92.9142,12.40668],[92.92225,12.43532],[92.91047,12.44462],[92.90879,12.43816],[92.91217,12.4508],[92.91683,12.44278],[92.93769,12.44824],[92.95725,12.47321],[92.92132,12.465],[92.91474,12.47782],[92.90754,12.46739],[92.91363,12.47598],[92.9064,12.47758],[92.91922,12.47645],[92.91363,12.48699],[92.9208,12.46621],[92.9326,12.46777],[92.92621,12.489],[92.93774,12.48216],[92.94592,12.49989],[92.96266,12.48791],[92.96658,12.50003],[92.94937,12.50642],[92.96289,12.51346],[92.97374,12.54121],[92.96204,12.57299],[92.95407,12.57218],[92.96021,12.58393],[92.95664,12.62014],[92.95297,12.60017],[92.94107,12.62649],[92.95614,12.62492],[92.96478,12.69385],[92.95635,12.6972],[92.96505,12.71202],[92.9792,12.70969],[92.97291,12.72032],[92.96546,12.71809],[92.96749,12.74018],[92.94788,12.77025],[92.93855,12.76673],[92.92607,12.7747],[92.94726,12.79327],[92.95207,12.80814],[92.94255,12.826],[92.94625,12.83712],[92.93209,12.83375],[92.93633,12.82031],[92.9209,12.83024],[92.93743,12.84387],[92.93962,12.85544],[92.92582,12.8584],[92.92419,12.88391],[92.90574,12.88672],[92.92206,12.91549],[92.90111,12.91088],[92.8966,12.92694],[92.89568,12.89801],[92.87162,12.89277],[92.87357,12.88117],[92.8407,12.87539],[92.84123,12.89096],[92.8293,12.88471],[92.82304,12.89553],[92.81038,12.89733],[92.80594,12.88871],[92.80725,12.89722],[92.78986,12.88951],[92.7964,12.88078],[92.7917,12.86461],[92.80437,12.861],[92.79238,12.8636],[92.79986,12.84854],[92.79403,12.86295],[92.78788,12.86131],[92.78904,12.84942],[92.78659,12.86151],[92.78133,12.85992],[92.78138,12.80972],[92.78857,12.82877],[92.78716,12.81528],[92.80001,12.81268],[92.79967,12.80469],[92.79898,12.81348],[92.79147,12.81089],[92.79185,12.7936],[92.78907,12.81477],[92.78074,12.80787],[92.78334,12.77594],[92.79263,12.77466],[92.78556,12.77874],[92.78279,12.76341],[92.78587,12.78651],[92.77249,12.84265],[92.76599,12.8488],[92.76192,12.83968],[92.76566,12.81915],[92.76032,12.82642],[92.75291,12.81922],[92.76392,12.83324],[92.75573,12.8473],[92.74268,12.83917],[92.7423,12.8208],[92.73884,12.83715],[92.73746,12.80452],[92.73025,12.83639],[92.722,12.82605],[92.71997,12.7976],[92.73094,12.80185],[92.73876,12.79107],[92.73745,12.7793],[92.73092,12.79766],[92.71973,12.79043],[92.72942,12.74441],[92.7402,12.73919],[92.74559,12.72296],[92.73846,12.7177],[92.74447,12.69931],[92.72744,12.69558],[92.73513,12.68432],[92.73182,12.67499],[92.76585,12.67182],[92.77468,12.6812],[92.7851,12.70524],[92.7749,12.71647],[92.78145,12.72136],[92.77614,12.73558],[92.7824,12.73395],[92.77662,12.71731],[92.78881,12.70421],[92.78946,12.68044],[92.7968,12.67533],[92.78677,12.66756],[92.79842,12.65958],[92.7798,12.65343],[92.78578,12.62478],[92.7787,12.5802],[92.78413,12.62477],[92.77818,12.63822],[92.76168,12.6249],[92.77815,12.64132],[92.77303,12.67064],[92.75207,12.67223],[92.73259,12.65725],[92.73515,12.63896],[92.72024,12.62625],[92.72234,12.61555],[92.71765,12.64382],[92.70236,12.60493],[92.70165,12.61302],[92.68376,12.60919],[92.68526,12.60215],[92.70675,12.59569],[92.70442,12.56533],[92.71251,12.54454],[92.70408,12.54431],[92.70022,12.51601],[92.69296,12.51606],[92.70797,12.4926],[92.69826,12.46844],[92.70545,12.44933],[92.6972,12.38929],[92.70516,12.3711],[92.69939,12.36628],[92.6991,12.32807],[92.70856,12.33004],[92.70985,12.31026],[92.71444,12.31435],[92.71919,12.30028],[92.75402,12.29661],[92.76473,12.32233],[92.76494,12.30368],[92.77019,12.33393],[92.76925,12.32086],[92.77977,12.32334],[92.77203,12.31694],[92.78204,12.31914],[92.77843,12.31325],[92.79217,12.31405],[92.79414,12.30646],[92.80956,12.31582],[92.8312,12.30286],[92.85987,12.31934],[92.85651,12.32839],[92.84245,12.32662],[92.83162,12.33572],[92.85396,12.32702],[92.85938,12.3421],[92.84765,12.34366],[92.85681,12.34538],[92.87119,12.33015],[92.88642,12.33496],[92.873,12.33535],[92.87967,12.33491],[92.87928,12.34503],[92.89871,12.33392],[92.88308,12.3572],[92.8717,12.35303],[92.85593,12.36712],[92.84436,12.36334],[92.85911,12.37042],[92.85027,12.38569],[92.84383,12.37961],[92.84208,12.39197],[92.82283,12.37438],[92.81986,12.37934],[92.8298,12.37863],[92.84131,12.39157],[92.8292,12.39208],[92.83794,12.39411],[92.83216,12.4008],[92.81942,12.38925],[92.82881,12.39701],[92.8214,12.40246],[92.83954,12.40348]]],[[[92.78047,12.84173],[92.77939,12.86185],[92.77252,12.85687],[92.76893,12.86333],[92.77323,12.83103],[92.7833,12.82461],[92.78047,12.84173]]],[[[92.76521,12.84494],[92.75971,12.85986],[92.75674,12.8459],[92.76504,12.83636],[92.76521,12.84494]]],[[[92.76413,12.86294],[92.76453,12.87335],[92.76473,12.85564],[92.76413,12.86294]]],[[[92.78449,12.88265],[92.78796,12.8933],[92.78113,12.89157],[92.78449,12.88265]]],[[[92.79347,12.9111],[92.79025,12.91668],[92.77334,12.91195],[92.77362,12.90608],[92.78772,12.90536],[92.78166,12.89605],[92.79192,12.89229],[92.80012,12.89769],[92.79347,12.9111]]],[[[92.72888,13.09466],[92.72742,13.09095],[92.73076,13.09513],[92.72888,13.09466]]],[[[92.67099,12.94987],[92.66918,12.94887],[92.67173,12.94851],[92.67099,12.94987]]],[[[92.66861,12.95318],[92.66845,12.9562],[92.66646,12.95338],[92.66861,12.95318]]],[[[92.71938,13.09622],[92.6953,13.09642],[92.69981,13.07116],[92.71938,13.09622]]],[[[92.86639,12.93101],[92.85816,12.92984],[92.86392,12.91789],[92.87218,12.91683],[92.87211,12.92958],[92.88451,12.92412],[92.86639,12.93101]]],[[[92.77474,12.93176],[92.76883,12.9288],[92.77163,12.91762],[92.77474,12.93176]]],[[[92.84318,13.43421],[92.84127,13.44236],[92.82461,13.43914],[92.82151,13.42166],[92.83405,13.42064],[92.84318,13.43421]]],[[[92.91725,12.35265],[92.90954,12.3519],[92.90954,12.33818],[92.91725,12.35265]]],[[[92.95478,12.43252],[92.94746,12.4286],[92.94703,12.41552],[92.9363,12.42175],[92.9246,12.40426],[92.92758,12.38613],[92.91754,12.37431],[92.92986,12.35866],[92.94316,12.40432],[92.95784,12.41799],[92.95478,12.43252]]],[[[93.07335,12.32535],[93.07167,12.32831],[93.06381,12.32574],[93.07335,12.32535]]],[[[92.98626,13.00079],[92.98582,12.99879],[92.9882,13.00041],[92.98626,13.00079]]],[[[93.05696,13.22553],[93.05886,13.22246],[93.05761,13.22652],[93.05696,13.22553]]],[[[92.89283,12.89811],[92.89133,12.89931],[92.89053,12.89755],[92.89283,12.89811]]],[[[92.88848,12.93485],[92.89137,12.93759],[92.88893,12.93785],[92.88848,12.93485]]],[[[93.00271,12.99314],[93.00526,12.99823],[92.98444,12.99415],[92.98825,12.98485],[92.97162,12.96651],[92.95972,12.98894],[92.95093,12.98069],[92.96447,12.96923],[92.96138,12.96241],[92.95302,12.96764],[92.95421,12.95898],[92.97089,12.9553],[92.97451,12.94446],[92.96891,12.94434],[92.9781,12.93312],[92.9863,12.95661],[92.96937,12.96237],[93.00271,12.99314]]],[[[92.93172,13.02421],[92.92174,13.02939],[92.91499,13.01176],[92.9223,13.00153],[92.94097,12.99678],[92.9414,13.01877],[92.93172,13.02421]]],[[[92.91312,13.0432],[92.91789,13.04103],[92.91602,13.04829],[92.91312,13.0432]]],[[[92.91246,13.06532],[92.9136,13.06255],[92.91287,13.06744],[92.91246,13.06532]]],[[[92.92234,13.5356],[92.91307,13.52642],[92.92701,13.52151],[92.93169,13.47203],[92.92076,13.47164],[92.9316,13.48119],[92.92406,13.481],[92.92711,13.49539],[92.91758,13.50106],[92.90448,13.49693],[92.89397,13.4734],[92.87069,13.47253],[92.87253,13.44709],[92.88013,13.44514],[92.88904,13.42379],[92.89861,13.4288],[92.8893,13.42336],[92.8816,13.43109],[92.86738,13.41861],[92.87849,13.41176],[92.88301,13.39866],[92.87375,13.40398],[92.87964,13.39727],[92.88468,13.40745],[92.8958,13.40186],[92.89672,13.41261],[92.89201,13.40449],[92.89938,13.40332],[92.88857,13.39551],[92.89882,13.38935],[92.90381,13.39471],[92.90574,13.3833],[92.91498,13.38228],[92.92596,13.39523],[92.91837,13.38471],[92.92373,13.38479],[92.90622,13.38259],[92.88596,13.39853],[92.88033,13.38892],[92.87091,13.41259],[92.86451,13.40041],[92.84597,13.41139],[92.84116,13.39182],[92.85763,13.38536],[92.86934,13.39097],[92.85096,13.37544],[92.85194,13.35912],[92.85126,13.37067],[92.83818,13.37445],[92.83369,13.33809],[92.82567,13.32858],[92.83011,13.31477],[92.82245,13.31121],[92.84109,13.30796],[92.83811,13.28793],[92.82338,13.28818],[92.8225,13.27207],[92.83223,13.2742],[92.83777,13.26157],[92.85149,13.26112],[92.85581,13.21982],[92.84871,13.2086],[92.86191,13.20678],[92.8636,13.19626],[92.85551,13.19075],[92.86291,13.185],[92.85517,13.19091],[92.86272,13.19665],[92.86108,13.20653],[92.848,13.20878],[92.85277,13.2354],[92.83098,13.24299],[92.8232,13.21681],[92.83229,13.21447],[92.81782,13.1845],[92.83439,13.17546],[92.83727,13.16236],[92.84904,13.16131],[92.83695,13.16216],[92.8275,13.17405],[92.82681,13.16356],[92.81912,13.16229],[92.82705,13.16748],[92.81436,13.17432],[92.80855,13.15349],[92.84517,13.14154],[92.84821,13.15039],[92.83851,13.135],[92.84702,13.11835],[92.8408,13.12806],[92.83377,13.13055],[92.83307,13.1235],[92.81959,13.13377],[92.81053,13.12257],[92.82913,13.10901],[92.82118,13.11191],[92.82036,13.09135],[92.80981,13.10242],[92.80445,13.08742],[92.81328,13.07287],[92.81836,13.07507],[92.80802,13.07202],[92.79655,13.08284],[92.8006,13.09158],[92.79257,13.09077],[92.79148,13.05348],[92.79901,13.0436],[92.79218,13.04782],[92.78928,13.01557],[92.81407,13.00756],[92.81255,13.02197],[92.82025,13.01227],[92.83694,13.02311],[92.82318,13.01073],[92.82939,13.00154],[92.80673,12.99909],[92.82195,12.97707],[92.81528,12.9874],[92.81137,12.97185],[92.81043,12.98446],[92.79943,12.99194],[92.79372,12.9875],[92.79646,12.96351],[92.79113,12.96956],[92.79026,12.95255],[92.80075,12.95216],[92.79334,12.91416],[92.80268,12.89836],[92.80931,12.90906],[92.8042,12.90028],[92.82597,12.89298],[92.82829,12.89893],[92.82852,12.88649],[92.84057,12.89262],[92.84122,12.87704],[92.87247,12.88386],[92.87514,12.9059],[92.85785,12.9014],[92.85794,12.91287],[92.84724,12.91248],[92.85856,12.9177],[92.85571,12.93363],[92.84266,12.93333],[92.85039,12.93049],[92.84916,12.93958],[92.85601,12.93548],[92.84805,12.9522],[92.84239,12.94412],[92.84242,12.95665],[92.8421,12.94709],[92.84793,12.94812],[92.85146,12.96142],[92.85362,12.94006],[92.87,12.9349],[92.88432,12.99259],[92.88546,12.98212],[92.89547,12.99586],[92.90964,12.97771],[92.90965,12.9473],[92.93678,12.97484],[92.92407,12.97644],[92.92962,12.98962],[92.91328,12.98406],[92.91324,13.00132],[92.90823,12.99626],[92.89406,13.01123],[92.90606,13.00444],[92.90195,13.02199],[92.89513,13.0182],[92.90846,13.0335],[92.91232,13.05485],[92.89689,13.05828],[92.8863,13.04403],[92.87237,13.04365],[92.879,13.04901],[92.86941,13.05484],[92.86331,13.04381],[92.87091,13.05566],[92.85986,13.06574],[92.8498,13.06355],[92.84348,13.05076],[92.84139,13.06011],[92.84915,13.05497],[92.84929,13.06391],[92.85939,13.0665],[92.84605,13.07529],[92.85794,13.07153],[92.85778,13.08003],[92.86408,13.05967],[92.88557,13.04549],[92.91194,13.06693],[92.8981,13.0936],[92.88535,13.09245],[92.88875,13.10725],[92.87299,13.10361],[92.88856,13.10807],[92.87499,13.13581],[92.88927,13.11372],[92.88697,13.09336],[92.89848,13.09585],[92.92178,13.057],[92.92852,13.07268],[92.92511,13.06218],[92.9341,13.06223],[92.93357,13.08938],[92.93945,13.09401],[92.9334,13.10949],[92.93901,13.1043],[92.94466,13.12244],[92.93916,13.08871],[92.94539,13.0898],[92.9347,13.08942],[92.94139,13.07912],[92.93713,13.06988],[92.94145,13.06467],[92.95579,13.07296],[92.95654,13.06578],[92.94661,13.06912],[92.93984,13.05816],[92.94828,13.05164],[92.93297,13.04655],[92.95378,13.01919],[92.97451,13.01436],[92.96695,13.01833],[92.96396,13.03858],[92.9818,13.02511],[92.99413,13.03594],[93.00217,13.02895],[93.02868,13.06711],[93.01739,13.07281],[93.0333,13.08188],[93.03084,13.17823],[93.0442,13.2104],[93.04111,13.22324],[93.05511,13.23316],[93.05551,13.25596],[93.06442,13.27132],[93.04328,13.25442],[93.03817,13.27069],[93.0451,13.282],[93.03244,13.27579],[93.03581,13.26317],[93.02682,13.26922],[93.02832,13.28131],[93.01083,13.27692],[93.01175,13.29569],[93.02003,13.29775],[93.00933,13.30071],[93.00723,13.29204],[93.00996,13.30236],[93.00188,13.30401],[92.9975,13.29478],[93.00015,13.29991],[92.9862,13.29934],[92.99997,13.2884],[93.00087,13.26505],[92.99307,13.29179],[92.98002,13.2808],[92.97334,13.28351],[92.99062,13.29206],[92.98267,13.29909],[92.99361,13.30118],[92.99679,13.31506],[92.9887,13.31724],[92.99101,13.30931],[92.98476,13.32057],[92.96421,13.32859],[92.96084,13.32084],[92.94799,13.31924],[92.96116,13.32313],[92.95197,13.32723],[92.95822,13.32718],[92.95792,13.33931],[92.94508,13.35124],[92.95471,13.34443],[92.96152,13.35526],[92.94963,13.36184],[92.97262,13.35963],[92.96972,13.34761],[92.97516,13.35151],[92.98452,13.32814],[93.00262,13.35439],[93.03087,13.34519],[93.03936,13.35192],[93.03607,13.36027],[93.02411,13.35769],[93.03968,13.3688],[93.03371,13.37468],[93.01386,13.37084],[92.99894,13.39604],[93.00965,13.37922],[93.0247,13.37332],[93.03761,13.37551],[93.03452,13.38202],[93.04533,13.37723],[93.05085,13.3899],[93.0674,13.39722],[93.06834,13.40695],[93.05748,13.39664],[93.06033,13.42103],[93.04441,13.40331],[93.0336,13.41761],[93.03805,13.42771],[93.03327,13.42246],[93.00771,13.4333],[93.00789,13.42597],[93.00927,13.43226],[93.01657,13.42915],[93.00749,13.41837],[93.01274,13.42495],[92.99913,13.43615],[92.98867,13.42755],[92.99145,13.43837],[93.00324,13.43238],[93.01574,13.43407],[93.00784,13.43707],[93.01338,13.44199],[93.01684,13.432],[93.03341,13.43562],[93.03111,13.45728],[93.01712,13.46308],[93.0113,13.45338],[93.00484,13.46337],[93.01395,13.45553],[93.01835,13.46639],[93.03137,13.46486],[93.03947,13.49204],[93.04333,13.52911],[93.02675,13.57868],[93.01533,13.57094],[93.01308,13.53931],[92.98631,13.57252],[92.98058,13.5522],[92.9836,13.53959],[92.99103,13.53941],[92.98438,13.52744],[92.97222,13.52956],[92.96608,13.54403],[92.95052,13.54212],[92.94556,13.53168],[92.93515,13.53865],[92.92234,13.5356]]],[[[93.05945,13.22843],[93.06027,13.22492],[93.06069,13.2278],[93.05945,13.22843]]],[[[93.00624,13.30951],[93.00756,13.32099],[92.99624,13.30032],[93.01148,13.30154],[93.00624,13.30951]]],[[[93.02232,13.32676],[93.01585,13.32801],[93.01358,13.30882],[93.02081,13.30404],[93.02232,13.32676]]],[[[93.0071,13.33715],[93.0063,13.33562],[93.00796,13.3366],[93.0071,13.33715]]],[[[93.01297,13.33735],[93.0144,13.33918],[93.01267,13.33869],[93.01297,13.33735]]],[[[93.05736,13.37487],[93.05326,13.38249],[93.03607,13.37215],[93.04944,13.36557],[93.03817,13.36199],[93.04561,13.34832],[93.03862,13.32293],[93.05907,13.33008],[93.06388,13.30426],[93.07409,13.32976],[93.08854,13.33614],[93.06943,13.34776],[93.05736,13.37487]]],[[[93.07275,13.36528],[93.07632,13.36407],[93.07433,13.36611],[93.07275,13.36528]]],[[[93.06001,13.38467],[93.06099,13.38377],[93.06235,13.38637],[93.06001,13.38467]]],[[[93.0691,13.42333],[93.07118,13.43106],[93.06877,13.41327],[93.0691,13.42333]]],[[[92.96459,13.33626],[92.96547,13.33241],[92.96737,13.3377],[92.96459,13.33626]]],[[[92.90268,13.60018],[92.8896,13.59794],[92.8953,13.60026],[92.88077,13.58175],[92.88364,13.57497],[92.90268,13.60018]]],[[[93.06391,13.64886],[93.05613,13.65404],[93.04234,13.63796],[93.04564,13.62141],[93.05474,13.64497],[93.06391,13.64886]]],[[[93.02112,13.67237],[93.00728,13.66787],[93.01817,13.66908],[93.01151,13.65707],[93.01145,13.66331],[92.99488,13.66488],[92.98564,13.65784],[92.98326,13.66333],[92.98356,13.64971],[92.98079,13.65737],[92.976,13.65383],[92.9856,13.64254],[93.00007,13.65314],[93.01206,13.6491],[93.01818,13.63236],[93.0277,13.62858],[93.02112,13.67237]]]]}},{"type":"Feature","properties":{"shapeName":"Himāchal Pradesh","shapeISO":"IN-HP","shapeType":"ADM1"},"geometry":{"type":"Polygon","coordinates":[[[77.57602,30.39744],[77.57311,30.41244],[77.59456,30.42666],[77.62266,30.43472],[77.64325,30.4319],[77.65236,30.44811],[77.69023,30.44808],[77.72097,30.47307],[77.81851,30.50813],[77.82779,30.53107],[77.81784,30.56109],[77.79409,30.55326],[77.77401,30.55791],[77.75662,30.58567],[77.74286,30.59391],[77.74608,30.60396],[77.77166,30.59697],[77.7711,30.61644],[77.79624,30.61371],[77.78122,30.64673],[77.79207,30.66023],[77.74739,30.67992],[77.75581,30.70699],[77.73318,30.7354],[77.70504,30.74281],[77.70376,30.76523],[77.72135,30.77586],[77.74836,30.8217],[77.76126,30.82613],[77.74401,30.84666],[77.75718,30.86005],[77.75821,30.87687],[77.77339,30.87761],[77.77921,30.86044],[77.80567,30.85328],[77.79884,30.86811],[77.80137,30.89339],[77.81527,30.90445],[77.81328,30.92194],[77.76278,30.91825],[77.76393,30.93052],[77.75273,30.93387],[77.74899,30.95355],[77.77237,30.97442],[77.81397,30.9539],[77.83758,30.95324],[77.81436,30.96185],[77.8318,30.99406],[77.82499,31.00987],[77.8075,31.01628],[77.81144,31.0317],[77.82981,31.02883],[77.81134,31.05917],[77.82435,31.05552],[77.83804,31.07272],[77.85122,31.07344],[77.86381,31.10858],[77.89067,31.12182],[77.89872,31.15031],[77.92478,31.15051],[77.96731,31.17344],[77.98471,31.15703],[78.00081,31.16203],[78.03033,31.15104],[78.0297,31.16418],[78.04263,31.17858],[78.06594,31.18724],[78.10361,31.18546],[78.16022,31.22556],[78.21243,31.21965],[78.22031,31.23402],[78.24694,31.23049],[78.24949,31.24012],[78.26046,31.23983],[78.28286,31.26629],[78.30632,31.25998],[78.31115,31.28323],[78.33186,31.27769],[78.37031,31.28642],[78.38353,31.28256],[78.38629,31.27152],[78.39616,31.27539],[78.40694,31.24227],[78.4259,31.24434],[78.43424,31.25467],[78.4557,31.2411],[78.48374,31.19902],[78.55162,31.19999],[78.57823,31.22534],[78.60934,31.22935],[78.64703,31.2148],[78.658,31.18512],[78.6719,31.19697],[78.76517,31.18584],[78.80991,31.19837],[78.81738,31.1897],[78.81072,31.17196],[78.82488,31.16359],[78.8312,31.14068],[78.88543,31.09881],[78.9086,31.09895],[78.92057,31.11081],[78.95073,31.09807],[78.97299,31.10817],[79.00892,31.11001],[78.99959,31.13478],[78.98758,31.14338],[78.98591,31.17392],[78.95753,31.18668],[78.94383,31.20657],[78.94772,31.21686],[78.92604,31.22016],[78.9161,31.24868],[78.88607,31.26863],[78.87596,31.30319],[78.86172,31.31621],[78.85137,31.31034],[78.85207,31.29508],[78.81663,31.29985],[78.81175,31.3073],[78.79156,31.30456],[78.7693,31.32448],[78.77381,31.33304],[78.76402,31.34227],[78.76898,31.35033],[78.74965,31.36617],[78.75748,31.37373],[78.75275,31.38543],[78.76074,31.40074],[78.79774,31.44345],[78.77865,31.45144],[78.7587,31.4825],[78.72601,31.48312],[78.72243,31.51297],[78.7349,31.5361],[78.76132,31.54906],[78.77548,31.54371],[78.77981,31.55576],[78.80293,31.56576],[78.80677,31.57743],[78.82085,31.57879],[78.84693,31.60804],[78.84081,31.62296],[78.80172,31.64797],[78.79852,31.68226],[78.764,31.6746],[78.75042,31.68136],[78.75399,31.69525],[78.72964,31.73283],[78.72582,31.75835],[78.70529,31.77603],[78.7027,31.80735],[78.74503,31.83952],[78.74145,31.86097],[78.74982,31.87373],[78.74101,31.88523],[78.74769,31.89244],[78.74161,31.90134],[78.77129,31.92896],[78.76572,31.95446],[78.78139,31.96537],[78.77369,31.97424],[78.78111,31.99349],[78.76591,32.00278],[78.73782,32.00117],[78.70556,32.06663],[78.69017,32.07125],[78.68493,32.08631],[78.67203,32.08528],[78.65505,32.10764],[78.61279,32.11759],[78.60503,32.14113],[78.58983,32.15423],[78.60927,32.17803],[78.60854,32.21432],[78.55509,32.24569],[78.45485,32.24224],[78.48187,32.27981],[78.47991,32.34809],[78.50762,32.36915],[78.51358,32.39112],[78.53476,32.41439],[78.49413,32.42177],[78.48216,32.44111],[78.45415,32.45237],[78.4534,32.46705],[78.4648,32.48523],[78.45454,32.50138],[78.42531,32.50808],[78.41521,32.52245],[78.39859,32.52574],[78.32644,32.47202],[78.2946,32.50409],[78.31531,32.52542],[78.31285,32.57371],[78.34801,32.58106],[78.40517,32.61942],[78.38731,32.63437],[78.37959,32.66825],[78.39436,32.71561],[78.38772,32.75693],[78.35662,32.75768],[78.3042,32.73422],[78.31463,32.72119],[78.31222,32.70917],[78.25302,32.69106],[78.24594,32.67183],[78.21947,32.6647],[78.1754,32.68097],[78.14265,32.68182],[78.14753,32.65427],[78.12751,32.65214],[78.11058,32.6626],[78.09257,32.64772],[78.09891,32.63038],[78.08724,32.62436],[78.07425,32.63079],[78.06109,32.62625],[78.04682,32.64501],[78.02537,32.62731],[78.029,32.62337],[78.01584,32.61976],[77.97013,32.64675],[77.97061,32.65524],[77.9462,32.66167],[77.91851,32.69068],[77.92462,32.71679],[77.9343,32.72591],[77.92629,32.7348],[77.93431,32.75598],[77.92582,32.77203],[77.90378,32.77185],[77.88409,32.78771],[77.88792,32.79868],[77.86926,32.82702],[77.83913,32.84213],[77.82605,32.83626],[77.78094,32.86559],[77.78931,32.8906],[77.80635,32.89532],[77.81088,32.90677],[77.74072,32.96905],[77.73072,32.97446],[77.71965,32.96871],[77.71305,32.98257],[77.69725,32.97951],[77.68249,32.98871],[77.67367,32.96093],[77.65575,32.95891],[77.64295,32.94654],[77.60233,32.94283],[77.59568,32.92731],[77.56381,32.91241],[77.53921,32.8868],[77.51273,32.87749],[77.50138,32.88562],[77.46901,32.85845],[77.45212,32.8642],[77.44478,32.87967],[77.42851,32.87549],[77.40531,32.88317],[77.3744,32.85474],[77.37995,32.84513],[77.37347,32.82386],[77.33884,32.81681],[77.32252,32.85117],[77.30118,32.84981],[77.274,32.87379],[77.25435,32.86387],[77.237,32.88093],[77.24339,32.89259],[77.19884,32.90905],[77.18826,32.92882],[77.17022,32.91076],[77.15714,32.91169],[77.16395,32.93699],[77.16089,32.95298],[77.14905,32.95606],[77.14973,32.97815],[77.11612,32.98476],[77.1109,32.97518],[77.08608,32.97233],[77.07989,32.98337],[77.049,32.99904],[77.0103,32.9891],[76.99245,33.00184],[76.97162,33.00045],[76.96015,33.01536],[76.93296,33.02849],[76.90561,33.07878],[76.90924,33.09412],[76.89767,33.09896],[76.88517,33.12165],[76.85529,33.11429],[76.84444,33.13761],[76.81696,33.15978],[76.81362,33.17731],[76.82247,33.18432],[76.81746,33.19413],[76.83438,33.20493],[76.82563,33.21533],[76.84316,33.24687],[76.8309,33.24931],[76.82102,33.23601],[76.79246,33.25695],[76.77123,33.24963],[76.77972,33.23709],[76.77611,33.22068],[76.74691,33.17921],[76.71515,33.1815],[76.64631,33.16231],[76.61847,33.17437],[76.6177,33.18758],[76.60536,33.19049],[76.6026,33.20627],[76.56742,33.21028],[76.55343,33.19903],[76.5161,33.19654],[76.48676,33.17945],[76.41009,33.18649],[76.3745,33.15418],[76.2918,33.10319],[76.28854,33.07763],[76.29603,33.0606],[76.2819,33.05183],[76.27842,33.03781],[76.26085,33.03484],[76.24744,33.02157],[76.1867,33.02129],[76.16613,33.00701],[76.11231,33.00633],[76.11154,32.98785],[76.0881,32.95623],[76.04383,32.93679],[76.03209,32.91675],[75.95394,32.8734],[75.92454,32.90624],[75.87803,32.92506],[75.84235,32.92931],[75.81846,32.89537],[75.80133,32.88567],[75.82347,32.85393],[75.85672,32.83579],[75.86945,32.81436],[75.8838,32.81222],[75.89072,32.78279],[75.9246,32.74832],[75.88933,32.65323],[75.89659,32.64965],[75.90905,32.65933],[75.91852,32.65398],[75.91833,32.64464],[75.93673,32.64789],[75.93009,32.63149],[75.91858,32.63318],[75.91589,32.61298],[75.90199,32.5928],[75.88094,32.58646],[75.88083,32.57074],[75.86914,32.56347],[75.87613,32.55046],[75.83436,32.51179],[75.84378,32.50913],[75.85757,32.48391],[75.90175,32.45275],[75.90789,32.43648],[75.92059,32.42913],[75.91799,32.41443],[75.93647,32.39742],[75.93284,32.39148],[75.87348,32.39554],[75.84737,32.37385],[75.84415,32.35584],[75.81121,32.34855],[75.81521,32.33038],[75.7978,32.32463],[75.77055,32.28869],[75.66534,32.25344],[75.63849,32.25202],[75.61786,32.23671],[75.63662,32.23144],[75.63877,32.2219],[75.62649,32.21551],[75.62421,32.19032],[75.6619,32.19304],[75.65677,32.1829],[75.6672,32.1776],[75.66388,32.16238],[75.67306,32.15877],[75.66127,32.13687],[75.62548,32.11823],[75.62035,32.09787],[75.60084,32.09308],[75.59482,32.06987],[75.65817,32.07771],[75.69831,32.05805],[75.72342,32.03303],[75.75078,32.03775],[75.77973,32.00471],[75.79961,31.99381],[75.851,31.98221],[75.91037,31.95018],[75.97119,31.82852],[75.98646,31.81798],[75.97853,31.81304],[75.96733,31.82384],[75.94746,31.81305],[75.93665,31.81545],[75.96018,31.78116],[76.00891,31.65337],[76.01841,31.64892],[76.0177,31.63218],[76.04609,31.60335],[76.05515,31.60565],[76.05596,31.58551],[76.09849,31.53646],[76.10653,31.50987],[76.12081,31.4976],[76.11702,31.48307],[76.13066,31.47109],[76.1331,31.45195],[76.16861,31.40971],[76.16854,31.39631],[76.14773,31.37962],[76.14685,31.35904],[76.159,31.34367],[76.17879,31.34053],[76.17979,31.30659],[76.21394,31.29945],[76.26894,31.31313],[76.27573,31.30064],[76.32259,31.32166],[76.30756,31.34265],[76.33407,31.34941],[76.33771,31.34026],[76.35444,31.34496],[76.34241,31.35478],[76.34171,31.37815],[76.3296,31.37859],[76.33108,31.40125],[76.36779,31.40395],[76.37515,31.43701],[76.38799,31.40913],[76.4033,31.39689],[76.39265,31.38955],[76.424,31.34905],[76.43173,31.32687],[76.4638,31.30146],[76.44096,31.28763],[76.43967,31.27904],[76.45928,31.28574],[76.47953,31.30825],[76.49724,31.28599],[76.49732,31.27054],[76.5274,31.27723],[76.52377,31.2582],[76.53931,31.26111],[76.54289,31.28249],[76.55127,31.27881],[76.54358,31.25896],[76.54918,31.25282],[76.55999,31.25282],[76.58772,31.27426],[76.61214,31.24789],[76.5886,31.22285],[76.59319,31.21169],[76.62775,31.22656],[76.64177,31.22274],[76.63454,31.21786],[76.64539,31.20912],[76.59998,31.17851],[76.60904,31.1733],[76.60179,31.15316],[76.61239,31.14823],[76.60201,31.12379],[76.63607,31.11637],[76.63859,31.1081],[76.61803,31.07823],[76.62262,31.05503],[76.61096,31.04588],[76.617,31.02986],[76.62907,31.02353],[76.62471,30.99883],[76.66575,30.98075],[76.67322,30.96883],[76.70959,30.96977],[76.77673,30.90429],[76.82238,30.9286],[76.84102,30.89171],[76.86956,30.87318],[76.91685,30.90082],[76.91739,30.88352],[76.92836,30.87148],[76.93638,30.87463],[76.95123,30.85058],[76.94262,30.81749],[76.95055,30.81376],[76.95864,30.82508],[76.96834,30.82545],[77.00248,30.80639],[77.01223,30.8099],[77.01857,30.78008],[77.0011,30.77004],[77.01859,30.76531],[77.02052,30.74006],[77.02975,30.73369],[77.04783,30.73803],[77.04372,30.7463],[77.04935,30.74932],[77.06963,30.73766],[77.0958,30.73877],[77.11402,30.72812],[77.11384,30.71808],[77.1243,30.72185],[77.14217,30.69952],[77.1612,30.69098],[77.1688,30.66979],[77.16343,30.65092],[77.1769,30.63703],[77.1723,30.60131],[77.1228,30.56334],[77.14471,30.53908],[77.19567,30.52262],[77.20681,30.50582],[77.21072,30.46478],[77.22647,30.48046],[77.24345,30.47563],[77.26891,30.48133],[77.27684,30.46423],[77.29555,30.46658],[77.32084,30.44584],[77.35416,30.45825],[77.36425,30.43266],[77.3674,30.44027],[77.38713,30.44005],[77.39083,30.43003],[77.40727,30.42717],[77.39789,30.4162],[77.40471,30.40865],[77.45647,30.45567],[77.46344,30.44782],[77.45894,30.43288],[77.42231,30.40973],[77.42141,30.40326],[77.4365,30.40321],[77.44323,30.3954],[77.48938,30.41062],[77.50248,30.40467],[77.5065,30.42754],[77.52319,30.44354],[77.55055,30.39505],[77.58102,30.3777],[77.58469,30.38535],[77.57602,30.39744]]]}},{"type":"Feature","properties":{"shapeName":"Jammu and Kashmīr","shapeISO":"IN-JK","shapeType":"ADM1"},"geometry":{"type":"Polygon","coordinates":[[[74.13348,35.10749],[74.09239,35.09603],[74.0655,35.04802],[74.09687,35.03368],[74.10737,35.019],[74.05966,34.99313],[74.07316,34.93948],[74.04303,34.92136],[74.04136,34.89403],[74.0295,34.87714],[73.97353,34.86484],[73.96354,34.84121],[73.93481,34.83302],[73.91731,34.81399],[73.90041,34.82134],[73.86658,34.81099],[73.84888,34.81721],[73.82032,34.79547],[73.77298,34.79638],[73.74927,34.78666],[73.66665,34.68417],[73.66614,34.66565],[73.69543,34.65357],[73.65939,34.60995],[73.66006,34.58852],[73.65006,34.56779],[73.63868,34.56572],[73.61761,34.58563],[73.55657,34.59296],[73.52223,34.57423],[73.49995,34.58007],[73.44698,34.57375],[73.44051,34.53793],[73.42916,34.52092],[73.43673,34.50397],[73.42148,34.47022],[73.41941,34.4173],[73.40848,34.38634],[73.39008,34.3742],[73.40069,34.35791],[73.42428,34.353],[73.42339,34.3392],[73.43732,34.32909],[73.45281,34.29688],[73.45305,34.27784],[73.46701,34.29557],[73.47781,34.29017],[73.46926,34.25131],[73.4923,34.2197],[73.48824,34.14432],[73.51571,34.00009],[73.54883,33.93108],[73.57824,33.91039],[73.58912,33.88392],[73.5576,33.78318],[73.56565,33.76862],[73.5905,33.75374],[73.59684,33.71584],[73.59035,33.69848],[73.56239,33.67549],[73.56835,33.6407],[73.56059,33.62106],[73.58868,33.60421],[73.60297,33.60723],[73.60014,33.59287],[73.62022,33.57381],[73.61819,33.54363],[73.63233,33.53312],[73.6065,33.51958],[73.60874,33.50047],[73.59577,33.50008],[73.60077,33.47799],[73.61232,33.47981],[73.62412,33.45717],[73.58714,33.44315],[73.58191,33.42905],[73.59064,33.42179],[73.56413,33.39395],[73.55776,33.36806],[73.57057,33.35586],[73.56505,33.34213],[73.57428,33.33383],[73.59005,33.33656],[73.58128,33.32611],[73.58897,33.30488],[73.60331,33.29491],[73.5972,33.28235],[73.60485,33.25133],[73.62448,33.23655],[73.62796,33.21534],[73.64013,33.22639],[73.6569,33.20771],[73.65565,33.16888],[73.63682,33.14195],[73.62531,33.13968],[73.62711,33.08955],[73.68776,33.08808],[73.73447,33.0663],[73.74256,33.039],[73.7879,32.99812],[73.77893,32.97435],[73.78564,32.96539],[73.80754,32.97219],[73.81746,33.00005],[73.82882,33.0071],[73.8957,33.00201],[73.92824,32.98467],[73.9575,32.9866],[73.9677,32.96885],[73.99645,32.95982],[73.98743,32.93539],[74.04772,32.93201],[74.05914,32.90897],[74.17736,32.88267],[74.2016,32.87036],[74.21651,32.84494],[74.30088,32.82298],[74.30837,32.79221],[74.36992,32.75868],[74.39637,32.76603],[74.40561,32.78242],[74.44274,32.77958],[74.45961,32.78857],[74.46396,32.77636],[74.47531,32.77694],[74.48478,32.76522],[74.51106,32.76437],[74.51335,32.74434],[74.53599,32.74528],[74.54235,32.75248],[74.54747,32.74576],[74.55092,32.75605],[74.56264,32.76021],[74.57904,32.74795],[74.61716,32.76094],[74.63504,32.75032],[74.6316,32.77543],[74.65899,32.78749],[74.63368,32.80803],[74.64082,32.81922],[74.65599,32.83263],[74.66645,32.82471],[74.7046,32.84183],[74.70484,32.82105],[74.65488,32.72823],[74.66347,32.72575],[74.65292,32.69703],[74.66634,32.67561],[74.69559,32.66604],[74.69513,32.66059],[74.66964,32.63866],[74.65397,32.63756],[74.65536,32.6163],[74.63775,32.61326],[74.64098,32.59991],[74.65886,32.59705],[74.64808,32.58562],[74.65459,32.58134],[74.65178,32.56338],[74.6728,32.56831],[74.67256,32.55278],[74.66113,32.55416],[74.66161,32.54607],[74.68964,32.53472],[74.68056,32.4919],[74.68803,32.48605],[74.71046,32.49247],[74.71522,32.47594],[74.75519,32.48218],[74.79728,32.47661],[74.81215,32.47973],[74.81988,32.49877],[74.86804,32.48607],[74.877,32.49317],[74.88413,32.49031],[74.87682,32.47752],[74.89919,32.46748],[74.90601,32.47248],[74.91872,32.46354],[74.93893,32.4708],[74.95208,32.44623],[74.96933,32.45948],[74.98448,32.45009],[75.01463,32.46385],[75.02687,32.49649],[75.08521,32.46878],[75.09901,32.47753],[75.10786,32.47358],[75.10786,32.45997],[75.12003,32.45461],[75.11803,32.44329],[75.13404,32.42787],[75.12672,32.42384],[75.13187,32.40883],[75.15319,32.42143],[75.19115,32.42616],[75.2009,32.42018],[75.1974,32.40994],[75.19191,32.41169],[75.19297,32.40111],[75.2089,32.39477],[75.21265,32.40244],[75.24488,32.38444],[75.25651,32.38935],[75.25773,32.37163],[75.2725,32.37641],[75.28949,32.37047],[75.28817,32.35555],[75.29865,32.35482],[75.30485,32.34445],[75.32216,32.34451],[75.33166,32.32693],[75.34141,32.34609],[75.36334,32.33347],[75.37517,32.33784],[75.39385,32.32756],[75.41076,32.32894],[75.43102,32.31594],[75.4483,32.32647],[75.46753,32.32556],[75.46856,32.33897],[75.48914,32.34599],[75.49464,32.34104],[75.48016,32.33433],[75.4821,32.32044],[75.5121,32.30794],[75.50341,32.29166],[75.52561,32.27622],[75.53646,32.28265],[75.54286,32.30786],[75.53948,32.33623],[75.55978,32.35713],[75.59667,32.37768],[75.68699,32.39051],[75.71138,32.41104],[75.72249,32.40546],[75.73191,32.42294],[75.72843,32.43251],[75.74374,32.43204],[75.72959,32.43895],[75.72852,32.45269],[75.77679,32.46502],[75.82055,32.4923],[75.84129,32.52361],[75.85705,32.52906],[75.85776,32.53791],[75.87613,32.55046],[75.86914,32.56347],[75.88083,32.57074],[75.88094,32.58646],[75.90199,32.5928],[75.91589,32.61298],[75.91858,32.63318],[75.93009,32.63149],[75.93673,32.64789],[75.91833,32.64464],[75.91852,32.65398],[75.90905,32.65933],[75.89659,32.64965],[75.88933,32.65323],[75.9246,32.74832],[75.89072,32.78279],[75.8838,32.81222],[75.86945,32.81436],[75.85672,32.83579],[75.82347,32.85393],[75.80133,32.88567],[75.81846,32.89537],[75.84235,32.92931],[75.87803,32.92506],[75.92454,32.90624],[75.95394,32.8734],[76.03209,32.91675],[76.04383,32.93679],[76.0881,32.95623],[76.11154,32.98785],[76.11231,33.00633],[76.16613,33.00701],[76.1867,33.02129],[76.24744,33.02157],[76.26085,33.03484],[76.27842,33.03781],[76.2819,33.05183],[76.29603,33.0606],[76.28854,33.07763],[76.2918,33.10319],[76.3745,33.15418],[76.41009,33.18649],[76.48676,33.17945],[76.5161,33.19654],[76.55343,33.19903],[76.56742,33.21028],[76.6026,33.20627],[76.60536,33.19049],[76.6177,33.18758],[76.61847,33.17437],[76.64631,33.16231],[76.71515,33.1815],[76.74691,33.17921],[76.77611,33.22068],[76.77888,33.23971],[76.77123,33.24963],[76.75428,33.24877],[76.73697,33.2612],[76.72747,33.2834],[76.73212,33.29903],[76.71742,33.32914],[76.6957,33.3281],[76.65917,33.35661],[76.65098,33.38383],[76.63184,33.40942],[76.63675,33.41564],[76.62838,33.43523],[76.61579,33.44002],[76.58157,33.42605],[76.56931,33.46635],[76.54916,33.4644],[76.50859,33.49913],[76.50239,33.51624],[76.45913,33.53399],[76.46463,33.54533],[76.44876,33.56378],[76.42636,33.53738],[76.37988,33.55302],[76.37471,33.56598],[76.38068,33.57706],[76.36642,33.58585],[76.35861,33.60379],[76.33621,33.61061],[76.32214,33.60237],[76.30647,33.60965],[76.29956,33.59834],[76.30975,33.57157],[76.2596,33.56511],[76.2457,33.54563],[76.22499,33.54769],[76.20545,33.56781],[76.23137,33.58704],[76.22418,33.6004],[76.2403,33.60494],[76.22933,33.62992],[76.27043,33.64341],[76.28448,33.66133],[76.26617,33.67963],[76.26319,33.71218],[76.27112,33.73085],[76.26542,33.74648],[76.24186,33.75731],[76.21567,33.75774],[76.18434,33.79939],[76.16191,33.79997],[76.16023,33.835],[76.1374,33.87613],[76.09515,33.89963],[76.03343,33.91957],[76.04936,33.93536],[76.02455,33.98061],[75.9795,33.97247],[75.96581,33.95362],[75.88951,33.9687],[75.8525,33.96215],[75.84506,33.95402],[75.83255,33.9569],[75.81975,33.97039],[75.84357,34.00373],[75.81737,34.0072],[75.79683,34.02794],[75.76816,34.04124],[75.76597,34.05483],[75.73769,34.05662],[75.74037,34.07428],[75.71626,34.10315],[75.6859,34.11764],[75.69056,34.12498],[75.68272,34.13093],[75.68441,34.14056],[75.66854,34.14483],[75.68362,34.16507],[75.68719,34.19741],[75.66357,34.19791],[75.64562,34.21141],[75.59928,34.19543],[75.57973,34.21439],[75.55515,34.21166],[75.53933,34.22357],[75.49711,34.2334],[75.47435,34.28094],[75.45661,34.28734],[75.41344,34.28296],[75.3953,34.29298],[75.38909,34.30984],[75.39446,34.31607],[75.3779,34.34125],[75.38533,34.34899],[75.38435,34.36513],[75.37371,34.37071],[75.37788,34.38534],[75.36589,34.3925],[75.37186,34.41302],[75.32861,34.43736],[75.35295,34.46728],[75.34191,34.4872],[75.35153,34.51385],[75.36597,34.52092],[75.36334,34.53813],[75.34613,34.56108],[75.33403,34.56759],[75.31966,34.56365],[75.29893,34.58598],[75.25398,34.60294],[75.25853,34.61798],[75.2452,34.63487],[75.22794,34.63112],[75.20752,34.63891],[75.23341,34.67239],[75.25729,34.68728],[75.25198,34.69994],[75.26163,34.71752],[75.24458,34.78992],[75.22005,34.81132],[75.1774,34.8323],[75.14593,34.83366],[75.14525,34.86473],[75.12276,34.87304],[75.10287,34.89675],[75.07616,34.90438],[75.06894,34.89825],[75.08038,34.8864],[75.06921,34.86323],[75.07098,34.82835],[75.0564,34.82372],[75.04073,34.83707],[75.01389,34.83761],[75.0034,34.82194],[74.98173,34.81963],[74.95802,34.78992],[74.94235,34.79006],[74.92804,34.77534],[74.91006,34.7767],[74.90106,34.80696],[74.864,34.82085],[74.83388,34.82154],[74.79614,34.84429],[74.75771,34.82862],[74.74095,34.83012],[74.72951,34.83652],[74.72787,34.85737],[74.70498,34.85451],[74.69994,34.87127],[74.68631,34.86868],[74.66492,34.90193],[74.64598,34.89607],[74.60523,34.91501],[74.57616,34.89933],[74.57158,34.96579],[74.5868,34.98958],[74.58728,35.00957],[74.53541,35.03146],[74.5335,35.05478],[74.54159,35.06668],[74.49829,35.10665],[74.43975,35.11807],[74.38027,35.05764],[74.30841,35.06001],[74.29722,35.04455],[74.26867,35.03503],[74.2532,35.03741],[74.24963,35.06715],[74.24369,35.0731],[74.22703,35.06715],[74.22227,35.08619],[74.16278,35.08619],[74.13348,35.10749]]]}},{"type":"Feature","properties":{"shapeName":"Punjab","shapeISO":"IN-PB","shapeType":"ADM1"},"geometry":{"type":"Polygon","coordinates":[[[74.52716,29.94279],[74.53174,29.9492],[74.55897,29.92709],[74.58244,29.92435],[74.59669,29.91227],[74.65418,29.90557],[74.64669,29.91142],[74.6516,29.92648],[74.68203,29.94334],[74.70664,29.9769],[74.70666,29.97058],[74.73139,29.96147],[74.77944,29.97196],[74.81243,29.99234],[74.8243,29.98574],[74.82101,29.97093],[74.83845,29.97112],[74.85537,29.95637],[74.87573,29.95751],[74.88797,29.96713],[74.90324,29.95218],[74.89728,29.93942],[74.92674,29.95026],[74.9482,29.90681],[74.97876,29.89416],[74.99091,29.86769],[75.0225,29.86627],[75.04694,29.88509],[75.06995,29.87706],[75.08689,29.91538],[75.09875,29.9128],[75.11035,29.90192],[75.1147,29.87867],[75.09006,29.85402],[75.11886,29.83196],[75.10151,29.82156],[75.10072,29.80679],[75.13508,29.8073],[75.14051,29.78559],[75.15546,29.7769],[75.16688,29.78519],[75.15906,29.80134],[75.16404,29.82411],[75.19146,29.84125],[75.21065,29.83242],[75.20853,29.79317],[75.22628,29.78915],[75.22472,29.7799],[75.24158,29.75465],[75.22632,29.72889],[75.21031,29.73882],[75.20061,29.72649],[75.19777,29.70326],[75.20757,29.70155],[75.20677,29.68752],[75.16753,29.67019],[75.17463,29.65561],[75.18759,29.6518],[75.18304,29.62841],[75.23535,29.60308],[75.2217,29.58029],[75.23838,29.55886],[75.23534,29.54208],[75.27324,29.54999],[75.28113,29.56147],[75.30944,29.56085],[75.31127,29.58016],[75.31991,29.58743],[75.28966,29.60782],[75.29571,29.62505],[75.31656,29.63063],[75.33373,29.67349],[75.36014,29.66261],[75.3457,29.69602],[75.37078,29.70448],[75.37297,29.71328],[75.39224,29.7133],[75.38816,29.72989],[75.40475,29.73901],[75.40628,29.76127],[75.42139,29.7751],[75.42745,29.77087],[75.45395,29.78202],[75.45284,29.80186],[75.45951,29.80753],[75.50274,29.7779],[75.51858,29.77583],[75.52301,29.75842],[75.53793,29.77335],[75.56209,29.77024],[75.58004,29.73945],[75.60524,29.75196],[75.61669,29.74426],[75.62977,29.74993],[75.63515,29.7723],[75.64243,29.7751],[75.67715,29.77659],[75.69132,29.75593],[75.70641,29.7532],[75.72064,29.81356],[75.75615,29.80502],[75.7788,29.82237],[75.80561,29.80475],[75.82139,29.80695],[75.82593,29.81532],[75.83773,29.81304],[75.83698,29.79427],[75.85139,29.77272],[75.86672,29.76655],[75.87022,29.74933],[75.89881,29.74627],[75.9063,29.75404],[75.93867,29.73069],[75.98439,29.72713],[75.99487,29.73928],[76.0167,29.74317],[76.02607,29.75618],[76.04344,29.74273],[76.05679,29.76538],[76.08262,29.78119],[76.08497,29.80076],[76.09806,29.81064],[76.11998,29.8009],[76.12392,29.79094],[76.14546,29.81911],[76.17372,29.81794],[76.18485,29.82276],[76.19779,29.84479],[76.22053,29.83788],[76.22221,29.84876],[76.24379,29.85244],[76.24673,29.87599],[76.21081,29.89134],[76.19343,29.88566],[76.18563,29.89248],[76.18778,29.92066],[76.17195,29.92631],[76.20573,29.97433],[76.20186,29.98709],[76.21071,29.98819],[76.20995,30.00515],[76.23287,30.01597],[76.21319,30.02272],[76.21368,30.03169],[76.2225,30.03693],[76.22626,30.05936],[76.25346,30.08896],[76.23815,30.10545],[76.21672,30.11008],[76.21658,30.12417],[76.22465,30.12708],[76.20718,30.14459],[76.20763,30.15659],[76.23457,30.145],[76.25366,30.12161],[76.28531,30.10621],[76.29657,30.11444],[76.32174,30.0951],[76.34413,30.10086],[76.3602,30.12021],[76.34203,30.12637],[76.33348,30.13821],[76.35047,30.14687],[76.36692,30.12422],[76.36218,30.12016],[76.40004,30.11671],[76.39115,30.13506],[76.41007,30.14508],[76.38715,30.17063],[76.40639,30.19038],[76.42271,30.19228],[76.44056,30.16588],[76.42856,30.15059],[76.43974,30.14371],[76.4405,30.13147],[76.45996,30.12949],[76.46252,30.10106],[76.50449,30.09387],[76.51387,30.08365],[76.51185,30.07202],[76.54622,30.07587],[76.57525,30.10062],[76.55572,30.11065],[76.5395,30.10819],[76.54557,30.12492],[76.5763,30.11014],[76.59933,30.11254],[76.62347,30.14022],[76.64223,30.14968],[76.63327,30.16696],[76.6003,30.18392],[76.61416,30.20448],[76.64502,30.18884],[76.62873,30.17945],[76.6359,30.16863],[76.65608,30.18525],[76.64978,30.19105],[76.65331,30.20109],[76.61576,30.20905],[76.62737,30.22409],[76.59622,30.23741],[76.60364,30.2492],[76.59609,30.25571],[76.56265,30.22576],[76.54804,30.22249],[76.56197,30.24153],[76.55665,30.26248],[76.57512,30.26192],[76.58379,30.27027],[76.5929,30.26178],[76.61439,30.27255],[76.62341,30.26459],[76.6354,30.28964],[76.63884,30.28443],[76.67049,30.31151],[76.68188,30.3113],[76.68857,30.32732],[76.69561,30.32162],[76.70003,30.3281],[76.711,30.32584],[76.7326,30.34837],[76.74607,30.34958],[76.74539,30.36788],[76.71989,30.36338],[76.73122,30.37971],[76.71947,30.37881],[76.71282,30.39025],[76.71453,30.40249],[76.7282,30.40041],[76.73797,30.40839],[76.74103,30.42627],[76.76876,30.43081],[76.77723,30.44127],[76.78757,30.43351],[76.77732,30.42483],[76.7896,30.41502],[76.82336,30.4116],[76.84677,30.43813],[76.8561,30.4177],[76.88334,30.4087],[76.88084,30.39385],[76.89794,30.38215],[76.89027,30.36948],[76.89653,30.35972],[76.91555,30.36525],[76.93585,30.38471],[76.93942,30.39478],[76.93189,30.4005],[76.91118,30.39991],[76.91798,30.40649],[76.91471,30.42509],[76.89862,30.4258],[76.90653,30.43582],[76.88641,30.42967],[76.91226,30.4658],[76.89694,30.48115],[76.89894,30.48885],[76.91076,30.49433],[76.9189,30.4895],[76.93112,30.50092],[76.932,30.52224],[76.91558,30.52576],[76.88648,30.54988],[76.90492,30.543],[76.91614,30.55372],[76.90892,30.56478],[76.91978,30.58521],[76.90963,30.59193],[76.9202,30.59329],[76.92599,30.61012],[76.91349,30.61146],[76.91005,30.6262],[76.89553,30.62897],[76.8851,30.64533],[76.87119,30.64218],[76.87642,30.68056],[76.853,30.65725],[76.84684,30.65671],[76.84577,30.66869],[76.83254,30.66317],[76.8273,30.68219],[76.80857,30.66737],[76.78995,30.67564],[76.77659,30.6704],[76.764,30.68642],[76.73929,30.69291],[76.73908,30.7058],[76.73,30.70688],[76.73107,30.72361],[76.70515,30.74297],[76.71166,30.76166],[76.74394,30.7697],[76.75168,30.78429],[76.77148,30.79527],[76.78275,30.78923],[76.78264,30.77079],[76.79133,30.76752],[76.81317,30.78019],[76.81912,30.77294],[76.80502,30.76527],[76.81501,30.75298],[76.82648,30.76352],[76.83786,30.75453],[76.84176,30.77451],[76.85696,30.7948],[76.8453,30.80725],[76.84668,30.83396],[76.81397,30.84304],[76.81465,30.8525],[76.78433,30.87791],[76.76604,30.92086],[76.73994,30.9355],[76.73716,30.94961],[76.70959,30.96977],[76.67322,30.96883],[76.66575,30.98075],[76.62471,30.99883],[76.62907,31.02353],[76.617,31.02986],[76.61096,31.04588],[76.62262,31.05503],[76.61803,31.07823],[76.63859,31.1081],[76.63607,31.11637],[76.60201,31.12379],[76.61239,31.14823],[76.60179,31.15316],[76.60904,31.1733],[76.59998,31.17851],[76.64539,31.20912],[76.63454,31.21786],[76.64177,31.22274],[76.62775,31.22656],[76.59319,31.21169],[76.5886,31.22285],[76.61214,31.24789],[76.58772,31.27426],[76.55999,31.25282],[76.54918,31.25282],[76.54358,31.25896],[76.55127,31.27881],[76.54289,31.28249],[76.53931,31.26111],[76.52377,31.2582],[76.5274,31.27723],[76.49732,31.27054],[76.49724,31.28599],[76.47953,31.30825],[76.45928,31.28574],[76.43967,31.27904],[76.44096,31.28763],[76.4638,31.30146],[76.43173,31.32687],[76.424,31.34905],[76.39265,31.38955],[76.4033,31.39689],[76.38799,31.40913],[76.38994,31.41659],[76.37396,31.43723],[76.36779,31.40395],[76.33108,31.40125],[76.3296,31.37859],[76.34171,31.37815],[76.34241,31.35478],[76.35444,31.34496],[76.33771,31.34026],[76.33407,31.34941],[76.30756,31.34265],[76.32259,31.32166],[76.27573,31.30064],[76.26894,31.31313],[76.21394,31.29945],[76.17979,31.30659],[76.17879,31.34053],[76.159,31.34367],[76.14685,31.35904],[76.14773,31.37962],[76.16854,31.39631],[76.16861,31.40971],[76.1331,31.45195],[76.13066,31.47109],[76.11702,31.48307],[76.12081,31.4976],[76.10653,31.50987],[76.09849,31.53646],[76.05596,31.58551],[76.05515,31.60565],[76.04609,31.60335],[76.0177,31.63218],[76.01841,31.64892],[76.00891,31.65337],[75.96018,31.78116],[75.93665,31.81545],[75.94746,31.81305],[75.96733,31.82384],[75.97853,31.81304],[75.98646,31.81798],[75.97119,31.82852],[75.91037,31.95018],[75.851,31.98221],[75.79961,31.99381],[75.77973,32.00471],[75.75078,32.03775],[75.72342,32.03303],[75.69831,32.05805],[75.65817,32.07771],[75.59482,32.06987],[75.60084,32.09308],[75.62035,32.09787],[75.62548,32.11823],[75.66127,32.13687],[75.67306,32.15877],[75.66388,32.16238],[75.6672,32.1776],[75.65677,32.1829],[75.6619,32.19304],[75.62421,32.19032],[75.62649,32.21551],[75.63877,32.2219],[75.63662,32.23144],[75.61786,32.23671],[75.63849,32.25202],[75.66534,32.25344],[75.77055,32.28869],[75.7978,32.32463],[75.81521,32.33038],[75.81121,32.34855],[75.84415,32.35584],[75.84737,32.37385],[75.87348,32.39554],[75.93474,32.39338],[75.90175,32.45275],[75.85757,32.48391],[75.83873,32.5127],[75.82055,32.4923],[75.77679,32.46502],[75.72852,32.45269],[75.72959,32.43895],[75.74374,32.43204],[75.72843,32.43251],[75.73191,32.42294],[75.72249,32.40546],[75.71138,32.41104],[75.68699,32.39051],[75.59667,32.37768],[75.55978,32.35713],[75.53948,32.33623],[75.54286,32.30786],[75.53343,32.27765],[75.50931,32.28375],[75.50341,32.29166],[75.5121,32.30794],[75.4821,32.32044],[75.48016,32.33433],[75.49464,32.34104],[75.48914,32.34599],[75.46856,32.33897],[75.46753,32.32556],[75.4483,32.32647],[75.43102,32.31594],[75.41076,32.32894],[75.39385,32.32756],[75.37517,32.33784],[75.36334,32.33347],[75.34141,32.34609],[75.33166,32.32693],[75.33466,32.31135],[75.32101,32.29736],[75.35022,32.29006],[75.34381,32.27898],[75.37178,32.27973],[75.38147,32.26897],[75.37045,32.25818],[75.3725,32.22604],[75.3577,32.2182],[75.33135,32.21967],[75.31627,32.20817],[75.32016,32.20426],[75.31025,32.19478],[75.32237,32.17973],[75.2994,32.15354],[75.28538,32.1518],[75.27732,32.1371],[75.28336,32.13203],[75.27931,32.11815],[75.26272,32.11223],[75.26115,32.10163],[75.23134,32.09158],[75.23542,32.10353],[75.22692,32.10675],[75.22367,32.09821],[75.21561,32.12121],[75.20256,32.12015],[75.20573,32.10262],[75.19788,32.09863],[75.19827,32.08284],[75.17415,32.06771],[75.15758,32.08186],[75.12279,32.0815],[75.10661,32.06972],[75.10482,32.05867],[75.09104,32.07186],[75.0839,32.06009],[75.0686,32.06721],[75.04064,32.04264],[75.03389,32.0507],[75.0215,32.04864],[75.01228,32.03574],[75.00286,32.0436],[74.97169,32.04257],[74.97794,32.04721],[74.97386,32.05349],[74.93393,32.06559],[74.90465,32.05033],[74.87935,32.05384],[74.86875,32.04186],[74.87995,32.03188],[74.8688,32.02202],[74.86539,32.03044],[74.86553,32.02325],[74.84833,32.02045],[74.85315,32.01347],[74.82885,31.99919],[74.83119,31.98085],[74.81894,31.95866],[74.80588,31.96303],[74.76848,31.94765],[74.75534,31.95583],[74.75614,31.94382],[74.71965,31.94146],[74.71389,31.93216],[74.71898,31.92383],[74.66663,31.9226],[74.65771,31.90182],[74.6366,31.88403],[74.60777,31.88996],[74.60656,31.86852],[74.59785,31.86805],[74.59063,31.84864],[74.58339,31.85191],[74.57209,31.83904],[74.57309,31.81606],[74.55782,31.80478],[74.56714,31.79638],[74.55555,31.79137],[74.55129,31.77905],[74.55937,31.75788],[74.50385,31.74029],[74.50292,31.72844],[74.4882,31.72037],[74.50193,31.69564],[74.53502,31.6776],[74.52877,31.66641],[74.54024,31.65994],[74.55542,31.60792],[74.57536,31.60394],[74.59205,31.5741],[74.61582,31.56904],[74.60665,31.5624],[74.61869,31.55156],[74.61278,31.52725],[74.58412,31.52078],[74.58006,31.50699],[74.58721,31.5042],[74.57528,31.5009],[74.60973,31.4998],[74.6222,31.48203],[74.6366,31.48479],[74.62769,31.47691],[74.63627,31.47773],[74.65215,31.45724],[74.63855,31.44421],[74.65459,31.42592],[74.64347,31.41615],[74.62231,31.43019],[74.61926,31.4199],[74.60114,31.41996],[74.58341,31.37907],[74.55165,31.36442],[74.54869,31.33488],[74.53674,31.33024],[74.53478,31.31348],[74.52632,31.31246],[74.54201,31.30376],[74.52103,31.27212],[74.53267,31.24973],[74.5171,31.22845],[74.526,31.2119],[74.5195,31.18421],[74.5106,31.1811],[74.51028,31.13201],[74.5484,31.12209],[74.55054,31.08835],[74.56049,31.08266],[74.58906,31.09247],[74.60072,31.08799],[74.60957,31.09761],[74.60989,31.11172],[74.5965,31.12732],[74.60323,31.13373],[74.63084,31.13274],[74.63636,31.11819],[74.65911,31.13408],[74.66643,31.12445],[74.68909,31.12802],[74.70237,31.09169],[74.69069,31.08145],[74.69565,31.07426],[74.66651,31.05208],[74.59689,31.03764],[74.59032,31.04997],[74.56816,31.05481],[74.54246,31.01724],[74.54638,30.99243],[74.51615,30.97945],[74.50413,30.96489],[74.4798,30.97423],[74.45693,30.96423],[74.46636,30.95676],[74.44198,30.95173],[74.43947,30.94207],[74.41639,30.94032],[74.41374,30.92962],[74.42876,30.93112],[74.42354,30.92077],[74.41031,30.92346],[74.42443,30.91584],[74.42277,30.90777],[74.3973,30.9094],[74.38302,30.89533],[74.36589,30.89294],[74.36091,30.87366],[74.38219,30.86037],[74.36459,30.85732],[74.36338,30.8472],[74.34822,30.85495],[74.32039,30.84656],[74.31976,30.82734],[74.29476,30.79446],[74.30679,30.78921],[74.3018,30.77936],[74.26089,30.77446],[74.27432,30.74415],[74.2862,30.73502],[74.26839,30.73435],[74.2609,30.7231],[74.23257,30.7245],[74.21915,30.69349],[74.1934,30.66515],[74.14907,30.6316],[74.13774,30.62738],[74.12738,30.63473],[74.11792,30.60784],[74.105,30.61919],[74.09592,30.61141],[74.10188,30.61094],[74.09522,30.60112],[74.10192,30.57913],[74.07346,30.55459],[74.09087,30.54936],[74.07228,30.52287],[74.05733,30.51862],[74.05007,30.53715],[74.03922,30.54256],[74.03101,30.52689],[74.01189,30.53362],[74.01093,30.52106],[74.01995,30.51414],[73.99273,30.51421],[73.98197,30.50397],[73.96366,30.48478],[73.96975,30.47521],[73.96413,30.45644],[73.95013,30.46004],[73.94771,30.48387],[73.93459,30.49015],[73.92798,30.46584],[73.93729,30.44497],[73.92645,30.43891],[73.97375,30.44389],[73.96435,30.42422],[73.87985,30.35977],[73.90259,30.34909],[73.93092,30.3201],[73.95648,30.27605],[73.97259,30.19813],[73.96799,30.14368],[73.97512,30.12002],[73.90402,30.05003],[73.88624,29.99609],[73.89468,29.97383],[74.52716,29.94279]]]}},{"type":"Feature","properties":{"shapeName":"Haryāna","shapeISO":"IN-HR","shapeType":"ADM1"},"geometry":{"type":"Polygon","coordinates":[[[77.34543,28.51327],[77.3141,28.48362],[77.29026,28.49656],[77.2433,28.47883],[77.23291,28.45793],[77.24656,28.45272],[77.2493,28.4242],[77.21661,28.40974],[77.1744,28.40469],[77.16226,28.42896],[77.12381,28.44538],[77.11089,28.47134],[77.12069,28.49628],[77.09805,28.50484],[77.09468,28.51381],[77.07224,28.52025],[77.05995,28.51231],[77.00663,28.54135],[77.00047,28.53207],[77.01703,28.52094],[77.01026,28.51467],[76.99655,28.51975],[76.99038,28.51351],[76.97809,28.52132],[76.94878,28.50404],[76.90798,28.51374],[76.88392,28.50075],[76.88711,28.52057],[76.86473,28.54333],[76.84654,28.54954],[76.83956,28.58247],[76.86427,28.58576],[76.88778,28.63162],[76.90625,28.62378],[76.92015,28.63147],[76.93453,28.61831],[76.94373,28.62824],[76.92502,28.64992],[76.93501,28.66752],[76.95342,28.6673],[76.96779,28.69961],[76.94823,28.7128],[76.96001,28.73275],[76.94459,28.75406],[76.95587,28.76738],[76.94979,28.7771],[76.95382,28.79094],[76.94214,28.79846],[76.9508,28.8183],[76.96174,28.81492],[76.96712,28.82806],[76.98018,28.82146],[76.99479,28.83955],[77.04,28.83183],[77.0578,28.86778],[77.07459,28.86754],[77.0824,28.88381],[77.12091,28.85834],[77.1403,28.86209],[77.1424,28.83889],[77.15773,28.83672],[77.17538,28.85835],[77.20984,28.85787],[77.1893,28.86803],[77.18927,28.88091],[77.19823,28.88754],[77.22808,28.88123],[77.23288,28.91873],[77.19665,28.93768],[77.19279,28.95887],[77.20233,28.98725],[77.19096,29.00595],[77.18912,29.0277],[77.16695,29.03385],[77.17212,29.04651],[77.16375,29.07947],[77.14675,29.08059],[77.13396,29.09604],[77.14907,29.11768],[77.14743,29.13356],[77.13594,29.142],[77.14714,29.18055],[77.1314,29.21752],[77.14998,29.2328],[77.13894,29.26788],[77.15828,29.30292],[77.16115,29.3324],[77.15173,29.34115],[77.12952,29.34262],[77.12328,29.37039],[77.15739,29.38736],[77.13324,29.40089],[77.13311,29.41882],[77.14841,29.43412],[77.14451,29.44536],[77.1232,29.45542],[77.12266,29.46893],[77.1333,29.4831],[77.09636,29.51952],[77.10834,29.54786],[77.12683,29.55948],[77.08395,29.58727],[77.10952,29.59746],[77.11302,29.61065],[77.10158,29.61985],[77.1062,29.63235],[77.13151,29.64187],[77.14101,29.655],[77.13806,29.66665],[77.14654,29.67226],[77.14244,29.68047],[77.15655,29.69261],[77.14953,29.70952],[77.13422,29.71846],[77.13905,29.73824],[77.1198,29.76011],[77.1253,29.76953],[77.14662,29.77186],[77.15137,29.78824],[77.16429,29.79175],[77.1792,29.8127],[77.17825,29.84583],[77.20203,29.86894],[77.20013,29.88952],[77.18831,29.89409],[77.18576,29.90756],[77.21748,29.92345],[77.24465,29.96093],[77.24692,29.97673],[77.276,29.99609],[77.28225,30.02946],[77.27619,30.03984],[77.30296,30.05536],[77.33429,30.05379],[77.37878,30.09143],[77.40507,30.08912],[77.42257,30.10346],[77.40253,30.11171],[77.41308,30.11377],[77.42349,30.13093],[77.41834,30.13497],[77.42407,30.15715],[77.4558,30.16284],[77.47724,30.18244],[77.53057,30.2526],[77.53824,30.27858],[77.58354,30.30742],[77.57827,30.32988],[77.60434,30.36855],[77.55055,30.39505],[77.52319,30.44354],[77.5065,30.42754],[77.50248,30.40467],[77.48938,30.41062],[77.44323,30.3954],[77.4365,30.40321],[77.42141,30.40326],[77.42231,30.40973],[77.45894,30.43288],[77.46344,30.44782],[77.45647,30.45567],[77.40471,30.40865],[77.39789,30.4162],[77.40727,30.42717],[77.39083,30.43003],[77.38713,30.44005],[77.3674,30.44027],[77.36425,30.43266],[77.35416,30.45825],[77.32084,30.44584],[77.29555,30.46658],[77.27684,30.46423],[77.26891,30.48133],[77.24345,30.47563],[77.22647,30.48046],[77.21072,30.46478],[77.20681,30.50582],[77.19567,30.52262],[77.14471,30.53908],[77.1228,30.56334],[77.1723,30.60131],[77.1769,30.63703],[77.16343,30.65092],[77.1688,30.66979],[77.16087,30.68026],[77.16718,30.68396],[77.12883,30.71081],[77.1243,30.72185],[77.11384,30.71808],[77.11402,30.72812],[77.0958,30.73877],[77.06963,30.73766],[77.04935,30.74932],[77.04372,30.7463],[77.04783,30.73803],[77.02975,30.73369],[77.02052,30.74006],[77.01859,30.76531],[77.0011,30.77004],[77.01857,30.78008],[77.01223,30.8099],[77.00248,30.80639],[76.96834,30.82545],[76.95864,30.82508],[76.95055,30.81376],[76.94262,30.81749],[76.95123,30.85058],[76.93638,30.87463],[76.92836,30.87148],[76.91739,30.88352],[76.91685,30.90082],[76.86956,30.87318],[76.84102,30.89171],[76.82238,30.9286],[76.77606,30.90603],[76.78433,30.87791],[76.81465,30.8525],[76.81397,30.84304],[76.84668,30.83396],[76.8453,30.80725],[76.85696,30.7948],[76.84176,30.77451],[76.83148,30.73956],[76.84938,30.72345],[76.82513,30.6883],[76.83186,30.68328],[76.83254,30.66317],[76.84577,30.66869],[76.84684,30.65671],[76.853,30.65725],[76.87642,30.68056],[76.87119,30.64218],[76.8851,30.64533],[76.89553,30.62897],[76.91005,30.6262],[76.91349,30.61146],[76.92599,30.61012],[76.9202,30.59329],[76.90963,30.59193],[76.91978,30.58521],[76.90892,30.56478],[76.91614,30.55372],[76.90492,30.543],[76.88648,30.54988],[76.91558,30.52576],[76.932,30.52224],[76.93112,30.50092],[76.9189,30.4895],[76.91076,30.49433],[76.89894,30.48885],[76.89694,30.48115],[76.91226,30.4658],[76.88641,30.42967],[76.90653,30.43582],[76.89862,30.4258],[76.91471,30.42509],[76.91798,30.40649],[76.91118,30.39991],[76.93189,30.4005],[76.93942,30.39478],[76.93585,30.38471],[76.91555,30.36525],[76.89653,30.35972],[76.89027,30.36948],[76.89794,30.38215],[76.88084,30.39385],[76.88334,30.4087],[76.8561,30.4177],[76.84677,30.43813],[76.82336,30.4116],[76.7896,30.41502],[76.77732,30.42483],[76.78757,30.43351],[76.77723,30.44127],[76.76876,30.43081],[76.74103,30.42627],[76.73797,30.40839],[76.7282,30.40041],[76.71453,30.40249],[76.71282,30.39025],[76.71947,30.37881],[76.73122,30.37971],[76.71989,30.36338],[76.74539,30.36788],[76.74607,30.34958],[76.7326,30.34837],[76.711,30.32584],[76.70003,30.3281],[76.69561,30.32162],[76.68857,30.32732],[76.68188,30.3113],[76.67049,30.31151],[76.63884,30.28443],[76.6354,30.28964],[76.62341,30.26459],[76.61439,30.27255],[76.5929,30.26178],[76.58379,30.27027],[76.57512,30.26192],[76.55665,30.26248],[76.56197,30.24153],[76.54804,30.22249],[76.56265,30.22576],[76.59609,30.25571],[76.60364,30.2492],[76.59622,30.23741],[76.62737,30.22409],[76.61576,30.20905],[76.65331,30.20109],[76.64978,30.19105],[76.65608,30.18525],[76.6359,30.16863],[76.62873,30.17945],[76.64502,30.18884],[76.61416,30.20448],[76.6003,30.18392],[76.63327,30.16696],[76.64223,30.14968],[76.62347,30.14022],[76.59933,30.11254],[76.5763,30.11014],[76.54557,30.12492],[76.5395,30.10819],[76.55572,30.11065],[76.57525,30.10062],[76.54622,30.07587],[76.51185,30.07202],[76.51387,30.08365],[76.50449,30.09387],[76.46252,30.10106],[76.45996,30.12949],[76.4405,30.13147],[76.43974,30.14371],[76.42856,30.15059],[76.44056,30.16588],[76.42271,30.19228],[76.40639,30.19038],[76.38715,30.17063],[76.41007,30.14508],[76.39115,30.13506],[76.40004,30.11671],[76.36218,30.12016],[76.36692,30.12422],[76.35047,30.14687],[76.33348,30.13821],[76.34203,30.12637],[76.3602,30.12021],[76.34413,30.10086],[76.32174,30.0951],[76.29657,30.11444],[76.28531,30.10621],[76.25366,30.12161],[76.23457,30.145],[76.20763,30.15659],[76.20718,30.14459],[76.22465,30.12708],[76.21658,30.12417],[76.21672,30.11008],[76.23815,30.10545],[76.25346,30.08896],[76.22626,30.05936],[76.2225,30.03693],[76.21368,30.03169],[76.21319,30.02272],[76.23287,30.01597],[76.20995,30.00515],[76.21071,29.98819],[76.20186,29.98709],[76.20573,29.97433],[76.17195,29.92631],[76.18778,29.92066],[76.18563,29.89248],[76.19343,29.88566],[76.21081,29.89134],[76.24673,29.87599],[76.24379,29.85244],[76.22221,29.84876],[76.22053,29.83788],[76.19779,29.84479],[76.18485,29.82276],[76.17372,29.81794],[76.14546,29.81911],[76.12392,29.79094],[76.11998,29.8009],[76.09806,29.81064],[76.08497,29.80076],[76.08262,29.78119],[76.05679,29.76538],[76.04344,29.74273],[76.02607,29.75618],[76.0167,29.74317],[75.99487,29.73928],[75.98439,29.72713],[75.93867,29.73069],[75.9063,29.75404],[75.89881,29.74627],[75.87022,29.74933],[75.86672,29.76655],[75.85139,29.77272],[75.83698,29.79427],[75.83773,29.81304],[75.82593,29.81532],[75.82139,29.80695],[75.80561,29.80475],[75.7788,29.82237],[75.75615,29.80502],[75.72064,29.81356],[75.70641,29.7532],[75.69132,29.75593],[75.67715,29.77659],[75.64243,29.7751],[75.63515,29.7723],[75.62977,29.74993],[75.61669,29.74426],[75.60524,29.75196],[75.58004,29.73945],[75.56209,29.77024],[75.53793,29.77335],[75.52301,29.75842],[75.51858,29.77583],[75.50274,29.7779],[75.45951,29.80753],[75.45284,29.80186],[75.45395,29.78202],[75.42745,29.77087],[75.42139,29.7751],[75.40628,29.76127],[75.40475,29.73901],[75.38816,29.72989],[75.39224,29.7133],[75.37297,29.71328],[75.37078,29.70448],[75.3457,29.69602],[75.36014,29.66261],[75.33373,29.67349],[75.31656,29.63063],[75.29571,29.62505],[75.28966,29.60782],[75.31991,29.58743],[75.31127,29.58016],[75.30944,29.56085],[75.28113,29.56147],[75.27324,29.54999],[75.23534,29.54208],[75.23838,29.55886],[75.2217,29.58029],[75.23535,29.60308],[75.18304,29.62841],[75.18759,29.6518],[75.17463,29.65561],[75.16753,29.67019],[75.20677,29.68752],[75.20757,29.70155],[75.19777,29.70326],[75.20061,29.72649],[75.21031,29.73882],[75.22632,29.72889],[75.24158,29.75465],[75.22472,29.7799],[75.22628,29.78915],[75.20853,29.79317],[75.21065,29.83242],[75.19146,29.84125],[75.16404,29.82411],[75.15906,29.80134],[75.16688,29.78519],[75.15546,29.7769],[75.14051,29.78559],[75.13508,29.8073],[75.10072,29.80679],[75.10151,29.82156],[75.11886,29.83196],[75.09006,29.85402],[75.1147,29.87867],[75.11035,29.90192],[75.09875,29.9128],[75.08689,29.91538],[75.06995,29.87706],[75.04694,29.88509],[75.0225,29.86627],[74.99091,29.86769],[74.97876,29.89416],[74.9482,29.90681],[74.92674,29.95026],[74.89728,29.93942],[74.90324,29.95218],[74.88797,29.96713],[74.87573,29.95751],[74.85537,29.95637],[74.83845,29.97112],[74.82101,29.97093],[74.8243,29.98574],[74.81243,29.99234],[74.77944,29.97196],[74.73139,29.96147],[74.70666,29.97058],[74.70664,29.9769],[74.68203,29.94334],[74.6516,29.92648],[74.64669,29.91142],[74.65418,29.90557],[74.59669,29.91227],[74.58244,29.92435],[74.55897,29.92709],[74.53174,29.9492],[74.51883,29.92995],[74.51002,29.90819],[74.54362,29.90144],[74.56104,29.86964],[74.53912,29.84059],[74.50789,29.83305],[74.48508,29.81501],[74.47372,29.78707],[74.47725,29.74531],[74.53396,29.7404],[74.54641,29.75301],[74.56247,29.75559],[74.57739,29.75399],[74.57589,29.74831],[74.58727,29.76691],[74.60094,29.76592],[74.61609,29.75216],[74.58544,29.65447],[74.59134,29.63953],[74.58153,29.62715],[74.57493,29.56432],[74.62304,29.53098],[74.62186,29.52224],[74.60097,29.50106],[74.58461,29.4585],[74.54331,29.4679],[74.53462,29.44771],[74.53658,29.42454],[74.56638,29.42048],[74.57785,29.38849],[74.60287,29.36491],[74.60731,29.35623],[74.59925,29.32746],[74.65447,29.33293],[74.65819,29.37196],[74.71943,29.36998],[74.73918,29.35414],[74.76217,29.35438],[74.78752,29.36143],[74.82034,29.39721],[74.85052,29.40361],[74.87138,29.39488],[74.87763,29.38355],[74.90027,29.38477],[74.93825,29.36204],[74.93986,29.34002],[74.96086,29.32026],[74.94838,29.30148],[74.96114,29.28058],[74.98323,29.28058],[74.99864,29.27069],[75.01986,29.28628],[75.04999,29.28615],[75.06041,29.2761],[75.07551,29.2297],[75.11958,29.22287],[75.12436,29.23988],[75.1628,29.24402],[75.17434,29.25125],[75.16862,29.25888],[75.18799,29.26827],[75.21012,29.23465],[75.23837,29.23024],[75.24484,29.25014],[75.28408,29.24886],[75.28833,29.27336],[75.30671,29.27464],[75.32293,29.28948],[75.34058,29.28114],[75.33871,29.25198],[75.3281,29.23532],[75.34982,29.22378],[75.35996,29.2272],[75.36233,29.24444],[75.37895,29.25687],[75.4105,29.25569],[75.41197,29.24276],[75.3968,29.21754],[75.40855,29.21317],[75.41436,29.18431],[75.40675,29.16975],[75.38127,29.1689],[75.3787,29.14217],[75.37147,29.1381],[75.40214,29.1279],[75.40576,29.11981],[75.39209,29.10198],[75.39124,29.06271],[75.44181,29.05753],[75.45191,29.03915],[75.44294,29.02307],[75.4457,29.0083],[75.47259,29.01429],[75.5218,29.00387],[75.5274,28.97101],[75.51,28.95389],[75.51153,28.94207],[75.49865,28.93396],[75.47719,28.93471],[75.47337,28.92339],[75.49651,28.89632],[75.49844,28.84896],[75.50543,28.85115],[75.5078,28.83922],[75.52022,28.834],[75.5194,28.81293],[75.50344,28.78241],[75.51761,28.77381],[75.53034,28.74744],[75.54299,28.7504],[75.53043,28.73826],[75.53994,28.72489],[75.54118,28.66049],[75.5495,28.64146],[75.5607,28.63592],[75.56149,28.61322],[75.62168,28.60207],[75.63345,28.54445],[75.66578,28.536],[75.6709,28.51733],[75.70196,28.49178],[75.73945,28.48477],[75.73565,28.46885],[75.78828,28.45356],[75.7885,28.43357],[75.7667,28.41423],[75.77676,28.40042],[75.81904,28.40984],[75.864,28.38522],[75.89037,28.38309],[75.89634,28.39008],[75.90061,28.37178],[75.91823,28.372],[75.92954,28.35914],[75.93297,28.3366],[75.95502,28.33376],[75.95784,28.31382],[75.97249,28.31857],[75.98621,28.29311],[76.02632,28.27503],[76.013,28.24604],[76.01614,28.23695],[76.05596,28.22027],[76.04736,28.19814],[76.07193,28.19433],[76.07617,28.16855],[76.09544,28.15086],[76.09294,28.14002],[76.07469,28.13713],[76.06537,28.14151],[76.07063,28.16513],[76.0318,28.16785],[76.01685,28.15008],[76.00749,28.15314],[75.99899,28.12276],[75.97667,28.12474],[75.94561,28.10716],[75.93862,28.08793],[75.98343,28.08134],[75.98833,28.06628],[75.97486,28.05098],[75.98442,28.04708],[76.00766,28.05892],[76.02321,28.08598],[76.04079,28.07405],[76.02535,28.05423],[76.0083,28.05838],[76.01713,28.05269],[76.01642,28.03049],[75.99462,28.03851],[75.97273,28.02362],[75.97112,28.01607],[75.99554,28.00688],[75.98993,27.99469],[75.96674,28.00002],[75.96582,27.9836],[75.99995,27.97757],[75.98198,27.96533],[75.97271,27.93266],[75.95791,27.9359],[75.95168,27.94771],[75.9324,27.93013],[75.93831,27.91407],[75.96806,27.91436],[75.98748,27.90415],[75.97531,27.89365],[75.98442,27.88258],[75.97137,27.85196],[75.98703,27.84166],[76.00464,27.83443],[76.00955,27.84151],[76.04088,27.84127],[76.04808,27.83497],[76.06065,27.84827],[76.08566,27.8447],[76.08889,27.86055],[76.12333,27.85102],[76.1354,27.83928],[76.13227,27.82447],[76.15367,27.81973],[76.17496,27.79806],[76.1996,27.82155],[76.21733,27.8168],[76.22518,27.83325],[76.20886,27.84001],[76.21217,27.84643],[76.19381,27.8595],[76.20147,27.89254],[76.16816,27.90337],[76.18664,27.96547],[76.16346,27.97342],[76.16693,27.98297],[76.15778,27.98897],[76.17689,28.02154],[76.19683,28.01547],[76.2033,28.02802],[76.21474,28.02658],[76.21663,28.03547],[76.20367,28.03774],[76.20176,28.02934],[76.18951,28.03445],[76.17794,28.04559],[76.1804,28.05452],[76.20218,28.05833],[76.238,28.0497],[76.24293,28.06436],[76.26096,28.06753],[76.29356,28.0492],[76.29216,28.02586],[76.29898,28.0227],[76.31895,28.01552],[76.34231,28.03056],[76.3556,28.07072],[76.34344,28.0702],[76.32886,28.08767],[76.30144,28.09786],[76.30927,28.10818],[76.33659,28.1026],[76.35986,28.12491],[76.33314,28.13356],[76.32097,28.14856],[76.29758,28.14911],[76.30456,28.15932],[76.28071,28.16553],[76.29226,28.17922],[76.34524,28.1694],[76.35784,28.16105],[76.35656,28.14374],[76.38072,28.13341],[76.39973,28.14511],[76.43155,28.14107],[76.4363,28.14879],[76.47572,28.14859],[76.47204,28.13508],[76.49195,28.12989],[76.48709,28.11993],[76.50181,28.11886],[76.49917,28.10024],[76.46367,28.10896],[76.44783,28.08896],[76.50152,28.06006],[76.48942,28.05278],[76.4615,28.05866],[76.45466,28.04232],[76.49741,28.04331],[76.51007,28.02975],[76.52926,28.04035],[76.54381,28.03422],[76.53926,28.02321],[76.54544,28.0073],[76.53691,28.00036],[76.54272,27.9995],[76.53594,27.97953],[76.53807,27.96772],[76.54812,27.96385],[76.56055,27.96592],[76.56344,27.97819],[76.57927,27.97901],[76.58876,27.99797],[76.64066,28.00234],[76.66814,28.01384],[76.65438,28.0347],[76.65725,28.08931],[76.68734,28.08767],[76.69817,28.112],[76.70301,28.10761],[76.71574,28.12775],[76.74355,28.12104],[76.76243,28.14265],[76.7948,28.14841],[76.80062,28.16236],[76.79247,28.18421],[76.79752,28.19183],[76.81224,28.19093],[76.80476,28.19732],[76.80839,28.21089],[76.8312,28.20919],[76.84847,28.22165],[76.87489,28.21779],[76.87352,28.20552],[76.90675,28.20033],[76.89225,28.19325],[76.89251,28.18361],[76.93197,28.15307],[76.95093,28.1499],[76.94815,28.14223],[76.97054,28.13845],[76.93078,27.99355],[76.93786,27.98297],[76.93151,27.92264],[76.9516,27.91832],[76.95055,27.89594],[76.93763,27.89652],[76.94229,27.84292],[76.93568,27.8291],[76.9142,27.8334],[76.90996,27.8152],[76.91898,27.80443],[76.91332,27.78888],[76.90615,27.78808],[76.90141,27.74399],[76.89239,27.73347],[76.89421,27.71794],[76.91105,27.71494],[76.92444,27.69994],[76.90835,27.6937],[76.88959,27.70077],[76.90594,27.68631],[76.8983,27.67755],[76.91061,27.66804],[76.91054,27.65469],[76.92567,27.66132],[76.93278,27.65625],[76.94307,27.67383],[76.97909,27.65361],[77.00009,27.73699],[77.01154,27.7318],[77.01981,27.74579],[77.03646,27.74863],[77.05962,27.7265],[77.08565,27.73811],[77.07621,27.76639],[77.05954,27.76093],[77.05613,27.77122],[77.02657,27.77926],[77.04479,27.82183],[77.07461,27.81441],[77.10847,27.78633],[77.12284,27.79348],[77.13451,27.78689],[77.13521,27.77594],[77.14357,27.78645],[77.15752,27.78648],[77.15996,27.8175],[77.17984,27.818],[77.1896,27.80984],[77.16909,27.79175],[77.17702,27.78632],[77.19856,27.79968],[77.19134,27.80993],[77.20206,27.82461],[77.21064,27.80195],[77.23259,27.79736],[77.24268,27.7849],[77.26875,27.81496],[77.28369,27.80108],[77.29856,27.81521],[77.29647,27.82524],[77.32069,27.82536],[77.33529,27.8338],[77.33515,27.84744],[77.34832,27.85557],[77.42185,27.8544],[77.40931,27.87419],[77.42013,27.89047],[77.45003,27.87119],[77.46091,27.87623],[77.47875,27.89447],[77.47528,27.92928],[77.49223,27.9385],[77.50179,27.92542],[77.51659,27.93334],[77.52938,27.92551],[77.545,27.95359],[77.54406,27.96241],[77.51885,27.96239],[77.51937,27.97517],[77.53779,27.97924],[77.54241,27.98926],[77.50837,28.02281],[77.51274,28.03192],[77.48363,28.04048],[77.50123,28.05855],[77.47425,28.08746],[77.48261,28.10721],[77.49937,28.09463],[77.49843,28.10893],[77.51235,28.12488],[77.49135,28.13657],[77.50428,28.14558],[77.5021,28.16122],[77.53695,28.16567],[77.54964,28.17979],[77.54359,28.19129],[77.53062,28.1859],[77.51557,28.19292],[77.50325,28.1808],[77.49729,28.20604],[77.50588,28.20956],[77.52333,28.19602],[77.53037,28.19874],[77.53525,28.2103],[77.52129,28.22448],[77.55043,28.24238],[77.54461,28.24888],[77.51882,28.24248],[77.49269,28.252],[77.4908,28.27134],[77.50343,28.28008],[77.4985,28.28562],[77.50708,28.3057],[77.47122,28.33484],[77.4963,28.34916],[77.50483,28.37001],[77.47345,28.397],[77.48377,28.4081],[77.47763,28.41907],[77.46355,28.41517],[77.4625,28.42438],[77.43552,28.43097],[77.43344,28.45493],[77.40005,28.45566],[77.40809,28.46719],[77.38047,28.47029],[77.37006,28.48572],[77.37173,28.49845],[77.35247,28.49961],[77.34543,28.51327]]]}}]}